Description,Manufacturer,Part Number,Attachment System,Attachment Type,Compatible Roof Types,BRSID
FLASHKIT SFM TRIM SWITCHBLADE COMP DARK,Unirac,004201D,SFM,Trim Flashkit,Comp Shingle,ATTACHMENT-Unirac-004201D
FLASHKIT SFM SLIDER SWITCHBLADE COMP DARK,Unirac,004271D,SFM,Roof Attachment,Comp Shingle,ATTACHMENT-Unirac-004271D
FLASHKIT SFM TRIM COMP DARK,Unirac,004200D,SFM,Trim Flashkit,Comp Shingle,ATTACHMENT-Unirac-004200D
FLASHKIT SFM SLIDER COMP DARK,Unirac,004270D,SFM,Roof Attachment,Comp Shingle,ATTACHMENT-Unirac-004270D
SFM MICRORAIL 2” 30MM,Unirac,253020U,SFM,MicroRail,Comp Shingle,ATTACHMENT-Unirac-253020U
SFM SPLICE 6.5” 30MM,Unirac,253010U,SFM,MicroRail Splice,Comp Shingle,ATTACHMENT-Unirac-253010U
SFM MICRORAIL 2” 32-40MM,Unirac,250020U,SFM,MicroRail,Comp Shingle,ATTACHMENT-Unirac-250020U
SFM SPLICE 6.5” 32-40MM,Unirac,250010U,SFM,MicroRail Splice,Comp Shingle,ATTACHMENT-Unirac-250010U
S-5! SOLARFOOT,S-5!,SolarFoot,"Solarmount, Pegasus, XR",Base,"Trapezoidal Metal, Standing Seam",ATTACHMENT-S-5!-SolarFoot
S-5! PROTEABRACKET,S-5!,ProteaBracket,"Solarmount, Pegasus, XR",Base,Trapezoidal Metal,ATTACHMENT-S-5!-ProteaBracket
S-5! CORRUBRACKET,S-5!,CorruBracket,"Solarmount, Pegasus, XR",Base,Corrugated Metal,ATTACHMENT-S-5!-CorruBracket
S-5! CORRUBRACKET 100T,S-5!,CorruBracket 100T,"Solarmount, Pegasus, XR",Base,Corrugated Metal,ATTACHMENT-S-5!-CorruBracket-100T
S-5! S-5-E CLAMP,S-5!,S-5-E,"Solarmount, Pegasus, XR",Clamp,Standing Seam,ATTACHMENT-S-5!-S-5-E
S-5! S-5-H CLAMP,S-5!,S-5-H,"Solarmount, Pegasus, XR",Clamp,Standing Seam,ATTACHMENT-S-5!-S-5-H
S-5! S-5-H90 CLAMP,S-5!,S-5-H90,"Solarmount, Pegasus, XR",Clamp,Standing Seam,ATTACHMENT-S-5!-S-5-H90
S-5! S-5-N1.5 CLAMP,S-5!,S-5-N1.5,"Solarmount, Pegasus, XR",Clamp,Standing Seam,ATTACHMENT-S-5!-S-5-N1.5
S-5! S-5-NH1.5 CLAMP,S-5!,S-5-NH1.5,"Solarmount, Pegasus, XR",Clamp,Standing Seam,ATTACHMENT-S-5!-S-5-NH1.5
S-5! S-5-Q CLAMP,S-5!,S-5-Q,"Solarmount, Pegasus, XR",Clamp,Standing Seam,ATTACHMENT-S-5!-S-5-Q
S-5! S-5-S CLAMP,S-5!,S-5-S,"Solarmount, Pegasus, XR",Clamp,Standing Seam,ATTACHMENT-S-5!-S-5-S
S-5! S-5-T CLAMP,S-5!,S-5-T,"Solarmount, Pegasus, XR",Clamp,Standing Seam,ATTACHMENT-S-5!-S-5-T
S-5! S-5-U CLAMP,S-5!,S-5-U,"Solarmount, Pegasus, XR",Clamp,Standing Seam,ATTACHMENT-S-5!-S-5-U
S-5! S-5-V CLAMP,S-5!,S-5-V,"Solarmount, Pegasus, XR",Clamp,Standing Seam,ATTACHMENT-S-5!-S-5-V
S-5! S-5-Z CLAMP,S-5!,S-5-Z,"Solarmount, Pegasus, XR",Clamp,Standing Seam,ATTACHMENT-S-5!-S-5-Z
ECOFASTEN 44-R BASE SS 6X6”,EcoFasten,3015013,"Solarmount, Pegasus, XR",Base,Comp Shingle,ATTACHMENT-EcoFasten-3015013
ECOFASTEN 44-R FLASHING AL BLK 12X14” ,EcoFasten,3015014,"Solarmount, Pegasus, XR",Flashing,Comp Shingle,ATTACHMENT-EcoFasten-3015014
ECOFASTEN L-102-3-BLK ,EcoFasten,3011015,"Solarmount, Pegasus, XR",L-Foot,Comp Shingle,ATTACHMENT-EcoFasten-3011015
UNIRAC FLASHLOC RM KIT,Unirac,310999,"Solarmount, Pegasus, XR",Base,Comp Shingle,ATTACHMENT-Unirac-310999
UNIRAC FLASHLOC DUO DARK,Unirac,004275D,"Solarmount, Pegasus, XR",Attachment,Comp Shingle,ATTACHMENT-Unirac-004275D
UNIRAC FLASHLOC DUO MILL,Unirac,004275M,"Solarmount, Pegasus, XR",Attachment,Comp Shingle,ATTACHMENT-Unirac-004275M
UNIRAC SOLARHOOK UNIVERSAL,Unirac,004CT5H,"Solarmount, Pegasus, XR",Roof Attachment,Concrete Tile,ATTACHMENT-Unirac-004CT5H
UNIRAC STRONGHOLD ATT KIT COMP DARK,Unirac,SHCPKTD1,Umount,Racking,Comp Shingle,ATTACHMENT-Unirac-SHCPKTD1
UNIRAC STRONGHOLD BUTYL ATTACHMENT KIT,Unirac,SHBUTYLD2,Umount,Attachment,Comp Shingle,ATTACHMENT-Unirac-SHBUTYLD2
UNIRAC FLASHKIT PRO,Unirac,004055D,"Solarmount, Pegasus, XR",Attachment,Comp Shingle,ATTACHMENT-Unirac-004055D
UNIRAC FLASHKIT TR SPAN-TILE CHARCOAL,Unirac,004TRSD,"Solarmount, Pegasus, XR",Tile Replacement,Concrete Tile,ATTACHMENT-Unirac-004TRSD
UNIRAC FLASHKIT TR W-TILE CHARCOAL,Unirac,004TRWD,"Solarmount, Pegasus, XR",Tile Replacement,Concrete Tile,ATTACHMENT-Unirac-004TRWD
UNIRAC FLASHKIT TR FLAT TILE CHARCOAL,Unirac,004TRFD,"Solarmount, Pegasus, XR",Tile Replacement,Concrete Tile,ATTACHMENT-Unirac-004TRFD
"UNIRAC SFM BUTYL ATT, MILL",Unirac,SFMBTLM1,"Solarmount, Pegasus, XR",Attachment,Comp Shingle,ATTACHMENT-Unirac-SFMBTLM1
UNIRAC RM5 BAY,Unirac,310800,"Solarmount, Pegasus, XR",Ballast Bay,Flat,ATTACHMENT-Unirac-310800
UNIRAC FLASHLOC SFM TRIM KIT W/ CAP,Unirac,004095D,"Solarmount, Pegasus, XR",Trim Kit,Comp Shingle,ATTACHMENT-Unirac-004095D
"IRONRIDGE FLASHFOOT2, BLACK",IronRidge,FF2-01-B2,XR,Attachment,Comp Shingle,ATTACHMENT-IronRidge-FF2-01-B2
IRONRIDGE TILE REPLACEMENT BASE AND HARDWARE,IronRidge,KOB-1L02-B1,"Solarmount, Pegasus, XR",Base,Concrete Tile,ATTACHMENT-IronRidge-KOB-1L02-B1
"IRONRIDGE TILE REPLACEMENT FLASHING, S TAN",IronRidge,KOF-S01-T1,"Solarmount, Pegasus, XR",Flashing,Concrete Tile,ATTACHMENT-IronRidge-KOF-S01-T1
"IRONRIDGE TILE REPLACEMENT FLASHING, FLAT TAN",IronRidge,KOF-F01-T1,"Solarmount, Pegasus, XR",Flashing,Concrete Tile,ATTACHMENT-IronRidge-KOF-F01-T1
"IRONRIDGE TILE REPLACEMENT FLASHING, W TAN",IronRidge,KOF-W01-T1,"Solarmount, Pegasus, XR",Flashing,Concrete Tile,ATTACHMENT-IronRidge-KOF-W01-T1
"SNAPNRACK, TOPSPEED MOUNT",SnapNrack,242-10005,TopSpeed,Attachment,Comp Shingle,ATTACHMENT-SnapNrack-242-10005
PEGASUS - BUTYL-FOOT - DOVETAIL T-BOLT,Pegasus,PBL-MDT,Pegasus,Attachment,Comp Shingle,ATTACHMENT-Pegasus-PBL-MDT
PEGASUS - INSTAFLASH - BLACK - DOVETAIL T-BOLT,Pegasus,PIF-RBDT,Pegasus,Attachment,Comp Shingle,ATTACHMENT-Pegasus-PIF-RBDT
PEGASUS - INSTAFLASH 2 - MILL - DOVETAIL T-BOLT,Pegasus,PIF2-MDT,Pegasus,Attachment,Comp Shingle,ATTACHMENT-Pegasus-PIF2-MDT
S-5! VERSABRACKET-67,S-5!,VersaBracket-67,"Solarmount, Pegasus, XR",Attachment,Trapezoidal Metal,ATTACHMENT-S-5!-VersaBracket-67
S-5! VERSABRACKET-47,S-5!,VersaBracket-47,"Solarmount, Pegasus, XR",Attachment,Trapezoidal Metal,ATTACHMENT-S-5!-VersaBracket-47
