Description,Manufacturer,Part Number,Breaker Ratings,Spaces,Breaker Poles,Breaker Subcategory,BRSID,,,,,,,,Unnamed: 15,Unnamed: 16
EATON CUTLER HAMMER TAN 15a/15a duplex 1 space,Cutler Hammer,CHT1515,"15, 15",1,"1, 1",Duplex,BREAKER-Cutler Hammer-CHT1515,,,,,,,,,
EATON CUTLER HAMMER TAN 15a/20a duplex 1 space,Cutler Hammer,CHT1520,"15, 20",1,"1, 1",Duplex,BREAKER-Cutler Hammer-CHT1520,,,,,,,,,
EATON CUTLER HAMMER TAN 20a/20a duplex 1 space,Cutler Hammer,CHT2020,"20, 20",1,"1, 1",Duplex,BREAKER-Cutler Hammer-CHT2020,,,,,,,,,
"EATON CUTLER HAMMER TAN 70A/2P 2 Space breaker, Mechanical Trip Flag",Cutler Hammer,CHF270,70,1,1,Mechanical Trip Flag,BREAKER-Cutler Hammer-CHF270,,,,,,,,,
"EATON CUTLER HAMMER TAN 60A/2P 2 Space breaker, Mechanical Trip Flag",Cutler Hammer,CHF260,60,1,1,Mechanical Trip Flag,BREAKER-Cutler Hammer-CHF260,,,,,,,,,
"EATON CUTLER HAMMER TAN 50A/2P 2 Space breaker, Mechanical Trip Flag",Cutler Hammer,CHF250,50,1,1,Mechanical Trip Flag,BREAKER-Cutler Hammer-CHF250,,,,,,,,,
"EATON CUTLER HAMMER TAN 45A/2p 2 space breaker, Mechanical Trip Flag",Cutler Hammer,CHF245,45,2,2,Mechanical Trip Flag,BREAKER-Cutler Hammer-CHF245,,,,,,,,,
"EATON CUTLER HAMMER TAN 40A/2P 2 Space breaker, Mechanical Trip Flag",Cutler Hammer,CHF240,40,2,2,Mechanical Trip Flag,BREAKER-Cutler Hammer-CHF240,,,,,,,,,
"EATON CUTLER HAMMER TAN 35A/2P 2 Space breaker, Mechanical Trip Flag",Cutler Hammer,CHF235,35,2,2,Mechanical Trip Flag,BREAKER-Cutler Hammer-CHF235,,,,,,,,,
"EATON CUTLER HAMMER TAN 30A/2P 2 Space breaker, Mechanical Trip Flag",Cutler Hammer,CHF230,30,2,2,Mechanical Trip Flag,BREAKER-Cutler Hammer-CHF230,,,,,,,,,
"EATON CUTLER HAMMER TAN 25A/2P 2 Space breaker, Mechanical Trip Flag",Cutler Hammer,CHF225,25,2,2,Mechanical Trip Flag,BREAKER-Cutler Hammer-CHF225,,,,,,,,,
"EATON CUTLER HAMMER TAN 20A/2P 2 Space breaker, Mechanical Trip Flag",Cutler Hammer,CHF220,20,2,2,Mechanical Trip Flag,BREAKER-Cutler Hammer-CHF220,,,,,,,,,
"EATON CUTLER HAMMER TAN 15A/2P 2 Space breaker, Mechanical Trip Flag",Cutler Hammer,CHF215,15,2,2,Mechanical Trip Flag,BREAKER-Cutler Hammer-CHF215,,,,,,,,,
"EATON CUTLER HAMMER TAN 30A/1P 1 Space breaker, Mechanical Trip Flag",Cutler Hammer,CHF130,30,1,1,Mechanical Trip Flag,BREAKER-Cutler Hammer-CHF130,,,,,,,,,
"EATON CUTLER HAMMER TAN 20A/1P 1 Space breaker, Mechanical Trip Flag",Cutler Hammer,CHF120,20,1,1,Mechanical Trip Flag,BREAKER-Cutler Hammer-CHF120,,,,,,,,,
"EATON CUTLER HAMMER TAN 15A/1P 1 Space breaker, Mechanical Trip Flag",Cutler Hammer,CHF115,15,1,1,Mechanical Trip Flag,BREAKER-Cutler Hammer-CHF115,,,,,,,,,
EATON CUTLER HAMMER TAN 125A/2P 2 Space breaker,Cutler Hammer,CH2125,125,2,2,,BREAKER-Cutler Hammer-CH2125,,,,,,,,,
EATON CUTLER HAMMER TAN 100A/2P 2 Space breaker,Cutler Hammer,CH2100,100,2,2,,BREAKER-Cutler Hammer-CH2100,,,,,,,,,
EATON CUTLER HAMMER TAN 90A/2P 2 Space breaker,Cutler Hammer,CH290,90,2,2,,BREAKER-Cutler Hammer-CH290,,,,,,,,,
EATON CUTLER HAMMER TAN 80A/2P 2 Space breaker,Cutler Hammer,CH280,80,2,2,,BREAKER-Cutler Hammer-CH280,,,,,,,,,
EATON CUTLER HAMMER TAN 70A/2P 2 Space breaker,Cutler Hammer,CH270,70,2,2,,BREAKER-Cutler Hammer-CH270,,,,,,,,,
EATON CUTLER HAMMER TAN 60A/2P 2 Space breaker,Cutler Hammer,CH260,60,2,2,,BREAKER-Cutler Hammer-CH260,,,,,,,,,
EATON CUTLER HAMMER TAN 50A/2P 2 Space breaker,Cutler Hammer,CH250,50,2,2,,BREAKER-Cutler Hammer-CH250,,,,,,,,,
EATON CUTLER HAMMER TAN 45A/2p 2 space breaker,Cutler Hammer,CH245,45,2,2,,BREAKER-Cutler Hammer-CH245,,,,,,,,,
EATON CUTLER HAMMER TAN 40A/2P 2 Space breaker,Cutler Hammer,CH240,40,2,2,,BREAKER-Cutler Hammer-CH240,,,,,,,,,
EATON CUTLER HAMMER TAN 35A/2P 2 Space breaker,Cutler Hammer,CH235,35,2,2,,BREAKER-Cutler Hammer-CH235,,,,,,,,,
EATON CUTLER HAMMER TAN 30A/2P 2 Space breaker,Cutler Hammer,CH230,30,2,2,,BREAKER-Cutler Hammer-CH230,,,,,,,,,
EATON CUTLER HAMMER TAN 25A/2P 2 Space breaker,Cutler Hammer,CH225,25,2,2,,BREAKER-Cutler Hammer-CH225,,,,,,,,,
EATON CUTLER HAMMER TAN 20A/2P 2 Space breaker,Cutler Hammer,CH220,20,2,2,,BREAKER-Cutler Hammer-CH220,,,,,,,,,
EATON CUTLER HAMMER TAN 15A/2P 2 Space breaker,Cutler Hammer,CH215,15,2,2,,BREAKER-Cutler Hammer-CH215,,,,,,,,,
EATON CUTLER HAMMER TAN 10A/2P 2 Space breaker,Cutler Hammer,CH210,10,2,2,,BREAKER-Cutler Hammer-CH210,,,,,,,,,
EATON CUTLER HAMMER TAN 30A/1P 1 Space breaker,Cutler Hammer,CH130,30,1,1,,BREAKER-Cutler Hammer-CH130,,,,,,,,,
EATON CUTLER HAMMER TAN 20A/1P 1 Space breaker,Cutler Hammer,CH120,20,1,1,,BREAKER-Cutler Hammer-CH120,,,,,,,,,
EATON CUTLER HAMMER TAN 15A/1P 1 Space breaker,Cutler Hammer,CH115,15,1,1,,BREAKER-Cutler Hammer-CH115,,,,,,,,,
"Eaton Cutler Hammer 20a/1p 1 space breaker, GFCI, Trip Flag",Cutler Hammer,CHFGFT120,20,1,1,"GFCI, Trip Flag",BREAKER-Cutler Hammer-CHFGFT120,,,,,,,,,
"EATON 20a/1p 1 space breaker, AFCI, Plug-on Neutral",Eaton,BRP120AF,20,1,1,AFCI,BREAKER-Eaton-BRP120AF,,,,,,,,,
"EATON 20a/1p 1 space breaker, AFCI, Pigtail Neutral",Eaton,BRN120AF,20,1,1,AFCI,BREAKER-Eaton-BRN120AF,,,,,,,,,
"EATON 15a/1p 1 space breaker, AFCI, Pigtail Neutral",Eaton,BRN115AF,15,1,1,AFCI,BREAKER-Eaton-BRN115AF,,,,,,,,,
"EATON 15a/1p 1 space breaker, AFCI, Plug-on Neutral",Eaton,BRP115AF,15,1,1,AFCI,BREAKER-Eaton-BRP115AF,,,,,,,,,
"EATON 20a/1p 1 space breaker, Dual AFCI/GFCI, Plug-on Neutral",Eaton,BRP120DF,20,1,1,AFCI/GFCI,BREAKER-Eaton-BRP120DF,,,,,,,,,
"EATON 20a/1p 1 space breaker, Dual AFCI/GFCI, Pigtail Neutral",Eaton,BRN120DF,20,1,1,AFCI/GFCI,BREAKER-Eaton-BRN120DF,,,,,,,,,
"EATON 15a/1p 1 space breaker, Dual AFCI/GFCI, Plug-on Neutral",Eaton,BRP115DF,15,1,1,AFCI/GFCI,BREAKER-Eaton-BRP115DF,,,,,,,,,
"EATON 15a/1p 1 space breaker, Dual AFCI/GFCI, Pigtail Neutral",Eaton,BRN115DF,15,1,1,AFCI/GFCI,BREAKER-Eaton-BRN115DF,,,,,,,,,
EATON 200a/2p Main BJ2200,Eaton,BJ2200,200,4,2,Busbar Only,BREAKER-Eaton-BJ2200,,,,,,,,,
EATON 175a/2p Main BJ2175,Eaton,BJ2175,175,4,2,Busbar Only,BREAKER-Eaton-BJ2175,,,,,,,,,
EATON 150a/2p Main BJ2150,Eaton,BJ2150,150,4,2,Busbar Only,BREAKER-Eaton-BJ2150,,,,,,,,,
EATON 30a/30a duplex 1 space breaker,Eaton,BR3030,"30, 30",1,"1, 1",Duplex,BREAKER-Eaton-BR3030,,,,,,,,,
EATON 20a/20a duplex 1 space breaker,Eaton,BR2020,"20, 20",1,"1, 1",Duplex,BREAKER-Eaton-BR2020,,,,,,,,,
EATON 15a/15a duplex 1 space breaker,Eaton,BR1515,"15, 15",1,"1, 1",Duplex,BREAKER-Eaton-BR1515,,,,,,,,,
EATON 15a/20a duplex 1 space breaker,Eaton,BR1520,"15, 20",1,"1, 1",Duplex,BREAKER-Eaton-BR1520,,,,,,,,,
"EATON 20a/1p 1 space breaker, GFCI, Plug-on Neutral",Eaton,BRP120GF,20,1,1,GFCI,BREAKER-Eaton-BRP120GF,,,,,,,,,
"EATON 20a/1p 1 space breaker, GFCI, Pigtail Neutral",Eaton,BRN120GF,20,1,1,GFCI,BREAKER-Eaton-BRN120GF,,,,,,,,,
"EATON 15a/1p 1 space breaker, GFCI, Plug-on Neutral",Eaton,BRP115GF,15,1,1,GFCI,BREAKER-Eaton-BRP115GF,,,,,,,,,
"EATON 15a/1p 1 space breaker, GFCI, Pigtail Neutral",Eaton,BRN115GF,15,1,1,GFCI,BREAKER-Eaton-BRN115GF,,,,,,,,,
"EATON 200a/2p Main BW2200, 10 kAIC",Eaton,BW2200,200,4,2,Main Breaker Kit,BREAKER-Eaton-BW2200,,,,,,,,,
"EATON 175a/2p Main BW2175, 10 kAIC",Eaton,BW2175,175,4,2,Main Breaker Kit,BREAKER-Eaton-BW2175,,,,,,,,,
"EATON 150a/2p Main BW2150, 10 kAIC",Eaton,BW2150,150,4,2,Main Breaker Kit,BREAKER-Eaton-BW2150,,,,,,,,,
"EATON 150a/2p Main BW2125, 10 kAIC",Eaton,BW2125,125,4,2,Main Breaker Kit,BREAKER-Eaton-BW2125,,,,,,,,,
"EATON 150a/2p Main BW2100, 10 kAIC",Eaton,BW2100,100,4,2,Main Breaker Kit,BREAKER-Eaton-BW2100,,,,,,,,,
"EATON 150a/2p Main BWH2200, 25 kAIC",Eaton,BWH2200,200,4,2,Main Breaker Kit,BREAKER-Eaton-BWH2200,,,,,,,,,
"EATON 150a/2p Main BWH2175, 25 kAIC",Eaton,BWH2175,175,4,2,Main Breaker Kit,BREAKER-Eaton-BWH2175,,,,,,,,,
"EATON 150a/2p Main BWH2150, 25 kAIC",Eaton,BWH2150,150,4,2,Main Breaker Kit,BREAKER-Eaton-BWH2150,,,,,,,,,
"EATON 150a/2p Main BWH2125, 25 kAIC",Eaton,BWH2125,125,4,2,Main Breaker Kit,BREAKER-Eaton-BWH2125,,,,,,,,,
"EATON 150a/2p Main BWH2100, 25 kAIC",Eaton,BWH2100,125,4,2,Main Breaker Kit,BREAKER-Eaton-BWH2100,,,,,,,,,
"EATON 200a/2p Main CSR2200, 10 kAIC",Eaton,CSR2200,200,4,2,Main Breaker Kit,BREAKER-Eaton-CSR2200,,,,,,,,,
"EATON 175a/2p Main CSR2175, 10 kAIC",Eaton,CSR2175,175,4,2,Main Breaker Kit,BREAKER-Eaton-CSR2175,,,,,,,,,
"EATON 150a/2p Main CSR2150, 10 kAIC",Eaton,CSR2150,150,4,2,Main Breaker Kit,BREAKER-Eaton-CSR2150,,,,,,,,,
"EATON 150a/2p Main CSR2125, 10 kAIC",Eaton,CSR2125,125,4,2,Main Breaker Kit,BREAKER-Eaton-CSR2125,,,,,,,,,
"EATON 150a/2p Main CSR2100, 10 kAIC",Eaton,CSR2100,100,4,2,Main Breaker Kit,BREAKER-Eaton-CSR2100,,,,,,,,,
"EATON 200a/2p Main CSR2200N, 25 kAIC",Eaton,CSR2200N,200,4,2,Main Breaker Kit,BREAKER-Eaton-CSR2200N,,,,,,,,,
"EATON 175a/2p Main CSR2175N, 25 kAIC",Eaton,CSR2175N,175,4,2,Main Breaker Kit,BREAKER-Eaton-CSR2175N,,,,,,,,,
"EATON 150a/2p Main CSR2150N, 25 kAIC",Eaton,CSR2150N,150,4,2,Main Breaker Kit,BREAKER-Eaton-CSR2150N,,,,,,,,,
"EATON 150a/2p Main CSR2125N, 25 kAIC",Eaton,CSR2125N,125,4,2,Main Breaker Kit,BREAKER-Eaton-CSR2125N,,,,,,,,,
"EATON 150a/2p Main CSR2100N, 25 kAIC",Eaton,CSR2100N,100,4,2,Main Breaker Kit,BREAKER-Eaton-CSR2100N,,,,,,,,,
EATON 200A Tenant Main Breaker,Eaton,CCV2200,200,4,2,Main Breaker Replacement,BREAKER-Eaton-CCV2200,,,,,,,,,
EATON 175A Tenant Main Breaker,Eaton,CCV2175,175,4,2,Main Breaker Replacement,BREAKER-Eaton-CCV2175,,,,,,,,,
EATON 150A Tenant Main Breaker,Eaton,CCV2150,150,4,2,Main Breaker Replacement,BREAKER-Eaton-CCV2150,,,,,,,,,
"EATON 20A/20A Quad 2 space breaker, Rejection Tab Feature, Common Trip",Eaton,BQC220220,"20, 20",2,"2, 2",Quad,BREAKER-Eaton-BQC220220,,,,,,,,,
"EATON 20A/30A Quad 2 space breaker, Rejection Tab Feature, Common Trip",Eaton,BQC220230,"20, 30",2,"2, 2",Quad,BREAKER-Eaton-BQC220230,,,,,,,,,
"EATON 20A/40A Quad 2 space breaker, Rejection Tab Feature, Common Trip",Eaton,BQC220240,"20, 40",2,"2, 2",Quad,BREAKER-Eaton-BQC220240,,,,,,,,,
"EATON 20A/50A Quad 2 space breaker, Rejection Tab Feature, Common Trip",Eaton,BQC220250,"20, 50",2,"2, 2",Quad,BREAKER-Eaton-BQC220250,,,,,,,,,
"EATON 30A/30A Quad 2 space breaker, Non-CTL, Common Trip",Eaton,BQC230230,"30, 30",2,"2, 2",Quad,BREAKER-Eaton-BQC230230,,,,,,,,,
"EATON 30A/40A Quad 2 space breaker, Non-CTL, Common Trip",Eaton,BQC230240,"30, 40",2,"2, 2",Quad,BREAKER-Eaton-BQC230240,,,,,,,,,
"EATON 30A/40A Quad 2 space breaker, Rejection Tab Feature",Eaton,BQ230240,"30, 40",2,"2, 2",Quad,BREAKER-Eaton-BQ230240,,,,,,,,,
"EATON 40A/40A Quad 2 space breaker, Rejection Tab Feature",Eaton,BQ240240,"40, 40",2,"2, 2",Quad,BREAKER-Eaton-BQ240240,,,,,,,,,
"EATON 50A/30A Quad 2 space breaker, Rejection Tab Feature",Eaton,BQ250230,"50, 30",2,"2, 2",Quad,BREAKER-Eaton-BQ250230,,,,,,,,,
"EATON 20A/40A Quad 2 space breaker, Rejection Tab Feature",Eaton,BQ220240,"20, 40",2,"2, 2",Quad,BREAKER-Eaton-BQ220240,,,,,,,,,
"EATON 20A/20A Quad 2 space breaker, Rejection Tab Feature",Eaton,BQ220220,"20, 20",2,"2, 2",Quad,BREAKER-Eaton-BQ220220,,,,,,,,,
"EATON 20A/30A Quad 2 space breaker, Rejection Tab Feature",Eaton,BQ220230,"20, 30",2,"2, 2",Quad,BREAKER-Eaton-BQ220230,,,,,,,,,
"EATON 20A/50A Quad 2 space breaker, Rejection Tab Feature",Eaton,BQ220250,"20, 50",2,"2, 2",Quad,BREAKER-Eaton-BQ220250,,,,,,,,,
"EATON 30A/30A Quad 2 space breaker, Rejection Tab Feature",Eaton,BQ230230,"30, 30",2,"2, 2",Quad,BREAKER-Eaton-BQ230230,,,,,,,,,
"EATON 50A/50A Quad 2 space breaker, Rejection Tab Feature",Eaton,BQ250250,"50, 50",2,"2, 2",Quad,BREAKER-Eaton-BQ250250,,,,,,,,,
"EATON 15A/15A Quad 2 space breaker, Non-CTL, Common Trip",Eaton,BRDC215215,"15, 15",2,"2, 2",Quad,BREAKER-Eaton-BRDC215215,,,,,,,,,
"EATON 30A/30A Quad 2 space breaker, Non-CTL, Common Trip",Eaton,BRDC230230,"30, 30",2,"2, 2",Quad,BREAKER-Eaton-BRDC230230,,,,,,,,,
"EATON 30A/40A Quad 2 space breaker, Non-CTL, Common Trip",Eaton,BRDC230240,"30, 40",2,"2, 2",Quad,BREAKER-Eaton-BRDC230240,,,,,,,,,
"EATON 30A/50A Quad 2 space breaker, Non-CTL, Common Trip",Eaton,BRDC230250,"30, 50",2,"2, 2",Quad,BREAKER-Eaton-BRDC230250,,,,,,,,,
"EATON 20A/20A Quad 2 space breaker, Non-CTL, Common Trip",Eaton,BRDC220220,"20, 20",2,"2, 2",Quad,BREAKER-Eaton-BRDC220220,,,,,,,,,
"EATON 20A/30A Quad 2 space breaker, Non-CTL, Independent Trip",Eaton,BRD220230,"20, 30",2,"2, 2",Quad,BREAKER-Eaton-BRD220230,,,,,,,,,
"EATON 50a/2p 2 space breaker, Tapped Hole for Hold-Down Kit",Eaton,BR250B,50,2,2,Tapped Hole for Hold-Down Kit,BREAKER-Eaton-BR250B,,,,,,,,,
"EATON 40a/2p 2 space breaker, Tapped Hole for Hold-Down Kit",Eaton,BR240B,40,2,2,Tapped Hole for Hold-Down Kit,BREAKER-Eaton-BR240B,,,,,,,,,
"EATON 30a/2p 2 space breaker, Tapped Hole for Hold-Down Kit",Eaton,BR230B,30,2,2,Tapped Hole for Hold-Down Kit,BREAKER-Eaton-BR230B,,,,,,,,,
"EATON 20A/50A/20A Triplex 2 space breaker, Rejection Tab Feature",Eaton,BQ2502120,"20, 50, 20",2,"1, 2, 1",Triplex,BREAKER-Eaton-BQ2502120,,,,,,,,,
"EATON 20A/30A/20A Triplex 2 space breaker, Rejection Tab Feature",Eaton,BQ2302120,"20, 30, 20",2,"1, 2, 1",Triplex,BREAKER-Eaton-BQ2302120,,,,,,,,,
"EATON 20A/25A/20A Triplex 2 space breaker, Rejection Tab Feature",Eaton,BQ2252120,"20, 25, 20",2,"1, 2, 1",Triplex,BREAKER-Eaton-BQ2252120,,,,,,,,,
"EATON 15A/20A/15A Triplex 2 space breaker, Rejection Tab Feature",Eaton,BQ2202115,"15, 20, 15",2,"1, 2, 1",Triplex,BREAKER-Eaton-BQ2202115,,,,,,,,,
"EATON 20A/20A/20A Triplex 2 space breaker, Rejection Tab Feature",Eaton,BQ2202120,"20, 20, 20",2,"1, 2, 1",Triplex,BREAKER-Eaton-BQ2202120,,,,,,,,,
"EATON 15A/30A/15A Triplex 2 space breaker, Rejection Tab Feature",Eaton,BQ2302115,"15, 30, 15",2,"1, 2, 1",Triplex,BREAKER-Eaton-BQ2302115,,,,,,,,,
"EATON 20A/40A/20A Triplex 2 space breaker, Rejection Tab Feature",Eaton,BQ2402120,"20, 40, 20",2,"1, 2, 1",Triplex,BREAKER-Eaton-BQ2402120,,,,,,,,,
"EATON 15A/40A/15A Triplex 2 space breaker, Rejection Tab Feature",Eaton,BQ2402115,"15, 40, 15",2,"1, 2, 1",Triplex,BREAKER-Eaton-BQ2402115,,,,,,,,,
"EATON 15A/25A/15A Triplex 2 space breaker, Rejection Tab Feature",Eaton,BQ2252115,"15, 25, 15",2,"1, 2, 1",Triplex,BREAKER-Eaton-BQ2252115,,,,,,,,,
"EATON 15A/50A/15A Triplex 2 space breaker, Rejection Tab Feature",Eaton,BQ2502115,"15, 50, 15",2,"1, 2, 1",Triplex,BREAKER-Eaton-BQ2502115,,,,,,,,,
"EATON 15A/30A/15A Triplex 2 space breaker, Rejection Tab Feature, Common Trip",Eaton,BQC2302115,"15, 30, 15",2,"1, 2, 1",Triplex,BREAKER-Eaton-BQC2302115,,,,,,,,,
"EATON 20A/30A/20A Triplex 2 space breaker, Rejection Tab Feature, Common Trip",Eaton,BQC2302120,"20, 30, 20",2,"1, 2, 1",Triplex,BREAKER-Eaton-BQC2302120,,,,,,,,,
"EATON 20A/20A/20A Triplex 2 space breaker, Rejection Tab Feature, Common Trip",Eaton,BQC2202120,"20, 20, 20",2,"1, 2, 1",Triplex,BREAKER-Eaton-BQC2202120,,,,,,,,,
EATON 125a/2p 2 space breaker,Eaton,BR2125,125,2,2,,BREAKER-Eaton-BR2125,,,,,,,,,
EATON 100a/2p 2 space breaker,Eaton,BR2100,100,2,2,,BREAKER-Eaton-BR2100,,,,,,,,,
EATON 90a/2p 2 space breaker,Eaton,BR290,90,2,2,,BREAKER-Eaton-BR290,,,,,,,,,
EATON 80a/2p 2 space breaker,Eaton,BR280,80,2,2,,BREAKER-Eaton-BR280,,,,,,,,,
EATON 70a/2p 2 space breaker,Eaton,BR270,70,2,2,,BREAKER-Eaton-BR270,,,,,,,,,
EATON 60a/2p 2 space breaker,Eaton,BR260,60,2,2,,BREAKER-Eaton-BR260,,,,,,,,,
EATON 50a/2p 2 space breaker,Eaton,BR250,50,2,2,,BREAKER-Eaton-BR250,,,,,,,,,
EATON 45a/2p 2 space breaker,Eaton,BR245,45,2,2,,BREAKER-Eaton-BR245,,,,,,,,,
EATON 40a/2p 2 space breaker,Eaton,BR240,40,2,2,,BREAKER-Eaton-BR240,,,,,,,,,
EATON 35a/2p 2 space breaker,Eaton,BR235,35,2,2,,BREAKER-Eaton-BR235,,,,,,,,,
EATON 30a/2p 2 space breaker,Eaton,BR230,30,2,2,,BREAKER-Eaton-BR230,,,,,,,,,
EATON 25a/2p 2 space breaker,Eaton,BR225,25,2,2,,BREAKER-Eaton-BR225,,,,,,,,,
EATON 20a/2p 2 space breaker,Eaton,BR220,20,2,2,,BREAKER-Eaton-BR220,,,,,,,,,
EATON 10a/2p 2 space breaker,Eaton,BR210,10,1,1,,BREAKER-Eaton-BR210,,,,,,,,,
EATON 30a/1p 1 space breaker,Eaton,BR130,30,1,1,,BREAKER-Eaton-BR130,,,,,,,,,
EATON 20a/1p 1 space breaker,Eaton,BR120,20,1,1,,BREAKER-Eaton-BR120,,,,,,,,,
EATON 15a/1p 1 space breaker,Eaton,BR115,15,1,1,,BREAKER-Eaton-BR115,,,,,,,,,
GE 15a/15a duplex 1 space breaker,GE,THQLT1515,"15, 15",1,"1, 1",Duplex,BREAKER-GE-THQLT1515,,,,,,,,,
GE 20a/20a duplex 1 space breaker,GE,THQLT2020,"20, 20",1,"1, 1",Duplex,BREAKER-GE-THQLT2020,,,,,,,,,
GE 15a/20a duplex 1 space breaker,GE,THQLT1520,"15, 20",1,"1, 1",Duplex,BREAKER-GE-THQLT1520,,,,,,,,,
"GE 200a/2p Main Breaker Kit, Vertical Handle",GE,THQMV200E,200,4,2,Main Breaker Kit,BREAKER-GE-THQMV200E,,,,,,,,,
"GE 175a/2p Main Breaker Kit, Vertical Handle",GE,THQMV175E,175,4,2,Main Breaker Kit,BREAKER-GE-THQMV175E,,,,,,,,,
"GE 150a/2p Main Breaker Kit, Vertical Handle",GE,THQMV150E,150,4,2,Main Breaker Kit,BREAKER-GE-THQMV150E,,,,,,,,,
"GE 125a/2p Main Breaker Kit, Vertical Handle",GE,THQMV125E,125,4,2,Main Breaker Kit,BREAKER-GE-THQMV125E,,,,,,,,,
"GE 100a/2p Main Breaker Kit, Vertical Handle",GE,THQMV100E,100,4,2,Main Breaker Kit,BREAKER-GE-THQMV100E,,,,,,,,,
"GE 200a/2p Main Breaker Replacement, Horizontal Handle",GE,THQMV200,200,4,2,Main Breaker Replacement,BREAKER-GE-THQMV200,,,,,,,,,
"GE 175a/2p Main Breaker Replacement, Horizontal Handle",GE,THQMV175,175,4,2,Main Breaker Replacement,BREAKER-GE-THQMV175,,,,,,,,,
"GE 150a/2p Main Breaker Replacement, Horizontal Handle",GE,THQMV150,150,4,2,Main Breaker Replacement,BREAKER-GE-THQMV150,,,,,,,,,
"GE 200a/2p Main Breaker Replacement, Without Lugs",GE,THQMV200WL,200,4,2,Main Breaker Replacement,BREAKER-GE-THQMV200WL,,,,,,,,,
"GE 175a/2p Main Breaker Replacement, Without Lugs",GE,THQMV175WL,175,4,2,Main Breaker Replacement,BREAKER-GE-THQMV175WL,,,,,,,,,
"GE 150a/2p Main Breaker Replacement, Without Lugs",GE,THQMV150WL,150,4,2,Main Breaker Replacement,BREAKER-GE-THQMV150WL,,,,,,,,,
GE 15a/15a/15a Triplex 2 space breaker,GE,THQLQ151515,"15, 15, 15",2,"1, 2, 1",Triplex,BREAKER-GE-THQLQ151515,,,,,,,,,
GE 15a/20a/15a Triplex 2 space breaker,GE,THQLQ152015,"15, 20, 15",2,"1, 2, 1",Triplex,BREAKER-GE-THQLQ152015,,,,,,,,,
GE 15a/30a/15a Triplex 2 space breaker,GE,THQLQ153015,"15, 30, 15",2,"1, 2, 1",Triplex,BREAKER-GE-THQLQ153015,,,,,,,,,
GE 15a/40a/15a Triplex 2 space breaker,GE,THQLQ154015,"15, 40, 15",2,"1, 2, 1",Triplex,BREAKER-GE-THQLQ154015,,,,,,,,,
GE 20a/15a/20a Triplex 2 space breaker,GE,THQLQ201520,"20, 15, 20",2,"1, 2, 1",Triplex,BREAKER-GE-THQLQ201520,,,,,,,,,
GE 20a/20a/20a Triplex 2 space breaker,GE,THQLQ202020,"20, 20, 20",2,"1, 2, 1",Triplex,BREAKER-GE-THQLQ202020,,,,,,,,,
GE 20a/30a/20a Triplex 2 space breaker,GE,THQLQ203020,"20, 30, 20",2,"1, 2, 1",Triplex,BREAKER-GE-THQLQ203020,,,,,,,,,
GE 20a/40a/20a Triplex 2 space breaker,GE,THQLQ204020,"20, 40, 20",2,"1, 2, 1",Triplex,BREAKER-GE-THQLQ204020,,,,,,,,,
GE 20a/30a/15a Triplex 2 space breaker,GE,THQLQ203015,"20, 30, 15",2,"1, 2, 1",Triplex,BREAKER-GE-THQLQ203015,,,,,,,,,
GE 125a/2p 2 space breaker,GE,THQL21125,125,2,2,,BREAKER-GE-THQL21125,,,,,,,,,
GE 100a/2p 2 space breaker,GE,THQL21100,100,2,2,,BREAKER-GE-THQL21100,,,,,,,,,
GE 90a/2p 2 space breaker,GE,THQL2190,90,2,2,,BREAKER-GE-THQL2190,,,,,,,,,
GE 80a/2p 2 space breaker,GE,THQL2180,80,2,2,,BREAKER-GE-THQL2180,,,,,,,,,
GE 70a/2p 2 space breaker,GE,THQL2170,70,2,2,,BREAKER-GE-THQL2170,,,,,,,,,
GE 60a/2p 2 space breaker,GE,THQL2160,60,2,2,,BREAKER-GE-THQL2160,,,,,,,,,
GE 50a/2p 2 space breaker,GE,THQL2150,50,2,2,,BREAKER-GE-THQL2150,,,,,,,,,
GE 45a/2p 2 space breaker,GE,THQL2145,45,2,2,,BREAKER-GE-THQL2145,,,,,,,,,
GE 40a/2p 2 space breaker,GE,THQL2140,40,2,2,,BREAKER-GE-THQL2140,,,,,,,,,
GE 35a/2p 2 space breaker,GE,THQL2135,35,2,2,,BREAKER-GE-THQL2135,,,,,,,,,
GE 30a/2p 2 space breaker,GE,THQL2130,30,2,2,,BREAKER-GE-THQL2130,,,,,,,,,
GE 25a/2p 2 space breaker,GE,THQL2125,25,2,2,,BREAKER-GE-THQL2125,,,,,,,,,
GE 20a/2p 2 space breaker,GE,THQL2120,20,2,2,,BREAKER-GE-THQL2120,,,,,,,,,
GE 15a/2p 2 space breaker,GE,THQL2115,15,2,2,,BREAKER-GE-THQL2115,,,,,,,,,
GE 50A/2p 1 space breaker,GE,THQP250,50,2,1,,BREAKER-GE-THQP250,,,,,,,,,
GE 45a/2p 1 space breaker,GE,THQP245,45,2,1,,BREAKER-GE-THQP245,,,,,,,,,
GE 40A/2p 1 space breaker,GE,THQP240,40,2,1,,BREAKER-GE-THQP240,,,,,,,,,
GE 35A/2p 1 space breaker,GE,THQP235,35,2,1,,BREAKER-GE-THQP235,,,,,,,,,
GE 30A/2p 1 space breaker,GE,THQP230,30,2,1,,BREAKER-GE-THQP230,,,,,,,,,
GE 25A/2p 1 space breaker,GE,THQP225,25,2,1,,BREAKER-GE-THQP225,,,,,,,,,
GE 20A/2p 1 space breaker,GE,THQP220,20,2,1,,BREAKER-GE-THQP220,,,,,,,,,
GE 15A/2p 1 space breaker,GE,THQP215,15,2,1,,BREAKER-GE-THQP215,,,,,,,,,
GE 15a/1p 1 space breaker,GE,THQL1115,15,1,1,,BREAKER-GE-THQL1115,,,,,,,,,
GE 20a/1p 1 space breaker,GE,THQL1120,20,1,1,,BREAKER-GE-THQL1120,,,,,,,,,
GE 20a/1p 1/2 space breaker,GE,THQP120,20,1,2-Jan,,BREAKER-GE-THQP120,,,,,,,,,
GE 15a/1p 1/2 space breaker,GE,THQP115,15,1,2-Jan,,BREAKER-GE-THQP115,,,,,,,,,
LEVITON 60a/2p 2 space INDOOR breaker,Leviton,LB260-T,60,2,2,Indoor,BREAKER-Leviton-LB260-T,,,,,,,,,
LEVITON 50a/2p 2 space INDOOR breaker,Leviton,LB250-T,50,2,2,Indoor,BREAKER-Leviton-LB250-T,,,,,,,,,
LEVITON 45a/2p 2 space INDOOR breaker,Leviton,LB245-T,45,2,2,Indoor,BREAKER-Leviton-LB245-T,,,,,,,,,
LEVITON 40a/2p 2 space INDOOR breaker,Leviton,LB240-T,40,2,2,Indoor,BREAKER-Leviton-LB240-T,,,,,,,,,
LEVITON 35a/2p 2 space INDOOR breaker,Leviton,LB235-T,35,2,2,Indoor,BREAKER-Leviton-LB235-T,,,,,,,,,
LEVITON 30a/2p 2 space INDOOR breaker,Leviton,LB230-T,30,2,2,Indoor,BREAKER-Leviton-LB230-T,,,,,,,,,
LEVITON 25a/2p 2 space INDOOR breaker,Leviton,LB225-T,25,2,2,Indoor,BREAKER-Leviton-LB225-T,,,,,,,,,
LEVITON 20a/2p 2 space INDOOR breaker,Leviton,LB220-T,20,2,2,Indoor,BREAKER-Leviton-LB220-T,,,,,,,,,
LEVITON 15a/2p 2 space INDOOR breaker,Leviton,LB215-T,15,2,2,Indoor,BREAKER-Leviton-LB215-T,,,,,,,,,
LEVITON 30a/1p 1 space INDOOR breaker,Leviton,LB130-T,30,1,1,Indoor,BREAKER-Leviton-LB130-T,,,,,,,,,
LEVITON 25a/1p 1 space INDOOR breaker,Leviton,LB125-T,25,1,1,Indoor,BREAKER-Leviton-LB125-T,,,,,,,,,
LEVITON 20a/1p 1 space INDOOR breaker,Leviton,LB120-T,20,1,1,Indoor,BREAKER-Leviton-LB120-T,,,,,,,,,
LEVITON 15a/1p 1 space INDOOR breaker,Leviton,LB115-T,15,1,1,Indoor,BREAKER-Leviton-LB115-T,,,,,,,,,
LEVITON 225a/2p Main Breaker,Leviton,LM225-T,225,4,2,Main Breaker Kit,BREAKER-Leviton-LM225-T,,,,,,,,,
LEVITON 200a/2p Main Breaker,Leviton,LM200-T,200,4,2,Main Breaker Kit,BREAKER-Leviton-LM200-T,,,,,,,,,
LEVITON 150a/2p Main Breaker,Leviton,LM150-T,150,4,2,Main Breaker Kit,BREAKER-Leviton-LM150-T,,,,,,,,,
LEVITON 125a/2p Main Breaker,Leviton,LM125-T,125,4,2,Main Breaker Kit,BREAKER-Leviton-LM125-T,,,,,,,,,
LEVITON 100a/2p Main Breaker,Leviton,LM100-T,100,4,2,Main Breaker Kit,BREAKER-Leviton-LM100-T,,,,,,,,,
LEVITON 125a/2p 2 space OUTDOOR breaker,Leviton,LB212,125,2,2,Outdoor,BREAKER-Leviton-LB212,,,,,,,,,
LEVITON 110a/2p 2 space OUTDOOR breaker,Leviton,LB211,110,2,2,Outdoor,BREAKER-Leviton-LB211,,,,,,,,,
LEVITON 100a/2p 2 space OUTDOOR breaker,Leviton,LB200,100,2,2,Outdoor,BREAKER-Leviton-LB200,,,,,,,,,
LEVITON 90a/2p 2 space OUTDOOR breaker,Leviton,LB290,90,2,2,Outdoor,BREAKER-Leviton-LB290,,,,,,,,,
LEVITON 80a/2p 2 space OUTDOOR breaker,Leviton,LB280,80,2,2,Outdoor,BREAKER-Leviton-LB280,,,,,,,,,
LEVITON 70a/2p 2 space OUTDOOR breaker,Leviton,LB270,70,2,2,Outdoor,BREAKER-Leviton-LB270,,,,,,,,,
LEVITON 60a/2p 2 space OUTDOOR breaker,Leviton,LB260,60,2,2,Outdoor,BREAKER-Leviton-LB260,,,,,,,,,
LEVITON 50a/2p 2 space OUTDOOR breaker,Leviton,LB250,50,2,2,Outdoor,BREAKER-Leviton-LB250,,,,,,,,,
LEVITON 45a/2p 2 space OUTDOOR breaker,Leviton,LB245,45,2,2,Outdoor,BREAKER-Leviton-LB245,,,,,,,,,
LEVITON 40a/2p 2 space OUTDOOR breaker,Leviton,LB240,40,2,2,Outdoor,BREAKER-Leviton-LB240,,,,,,,,,
LEVITON 35a/2p 2 space OUTDOOR breaker,Leviton,LB235,35,2,2,Outdoor,BREAKER-Leviton-LB235,,,,,,,,,
LEVITON 30a/2p 2 space OUTDOOR breaker,Leviton,LB230,30,2,2,Outdoor,BREAKER-Leviton-LB230,,,,,,,,,
LEVITON 25a/2p 2 space OUTDOOR breaker,Leviton,LB225,25,2,2,Outdoor,BREAKER-Leviton-LB225,,,,,,,,,
LEVITON 20a/2p 2 space OUTDOOR breaker,Leviton,LB220,20,2,2,Outdoor,BREAKER-Leviton-LB220,,,,,,,,,
LEVITON 15a/2p 2 space OUTDOOR breaker,Leviton,LB215,15,2,2,Outdoor,BREAKER-Leviton-LB215,,,,,,,,,
LEVITON 30a/1p 1 space OUTDOOR breaker,Leviton,LB130,30,1,1,Outdoor,BREAKER-Leviton-LB130,,,,,,,,,
LEVITON 25a/1p 1 space OUTDOOR breaker,Leviton,LB125,25,1,1,Outdoor,BREAKER-Leviton-LB125,,,,,,,,,
LEVITON 20a/1p 1 space OUTDOOR breaker,Leviton,LB120,20,1,1,Outdoor,BREAKER-Leviton-LB120,,,,,,,,,
LEVITON 15a/1p 1 space OUTDOOR breaker,Leviton,LB115,15,1,1,Outdoor,BREAKER-Leviton-LB115,,,,,,,,,
LEVITON 60a/2p 2 space SMART breaker,Leviton,LB260-S,60,2,2,Smart,BREAKER-Leviton-LB260-S,,,,,,,,,
LEVITON 50a/2p 2 space SMART breaker,Leviton,LB250-S,50,2,2,Smart,BREAKER-Leviton-LB250-S,,,,,,,,,
LEVITON 45a/2p 2 space SMART breaker,Leviton,LB245-S,45,2,2,Smart,BREAKER-Leviton-LB245-S,,,,,,,,,
LEVITON 40a/2p 2 space SMART breaker,Leviton,LB240-S,40,2,2,Smart,BREAKER-Leviton-LB240-S,,,,,,,,,
LEVITON 35a/2p 2 space SMART breaker,Leviton,LB235-S,35,2,2,Smart,BREAKER-Leviton-LB235-S,,,,,,,,,
LEVITON 30a/2p 2 space SMART breaker,Leviton,LB230-S,30,2,2,Smart,BREAKER-Leviton-LB230-S,,,,,,,,,
LEVITON 25a/2p 2 space SMART breaker,Leviton,LB225-S,25,2,2,Smart,BREAKER-Leviton-LB225-S,,,,,,,,,
LEVITON 20a/2p 2 space SMART breaker,Leviton,LB220-S,20,2,2,Smart,BREAKER-Leviton-LB220-S,,,,,,,,,
LEVITON 15a/2p 2 space SMART breaker,Leviton,LB215-S,15,2,2,Smart,BREAKER-Leviton-LB215-S,,,,,,,,,
LEVITON 30a/1p 1 space SMART breaker,Leviton,LB130-S,30,1,1,Smart,BREAKER-Leviton-LB130-S,,,,,,,,,
LEVITON 25a/1p 1 space SMART breaker,Leviton,LB125-S,25,1,1,Smart,BREAKER-Leviton-LB125-S,,,,,,,,,
LEVITON 20a/1p 1 space SMART breaker,Leviton,LB120-S,20,1,1,Smart,BREAKER-Leviton-LB120-S,,,,,,,,,
LEVITON 15a/1p 1 space SMART breaker,Leviton,LB115-S,15,1,1,Smart,BREAKER-Leviton-LB115-S,,,,,,,,,
"Milbank 200A/2P Plug-In Breaker, 10 kAIC",Milbank,UQFP-200,200,4,2,,BREAKER-Milbank-UQFP-200,,,,,,,,,
"Milbank 175A/2P Plug-In Breaker, 10 kAIC",Milbank,UQFP-175,175,4,2,,BREAKER-Milbank-UQFP-175,,,,,,,,,
"Milbank 150A/2P Plug-In Breaker, 10 kAIC",Milbank,UQFP-150,150,4,2,,BREAKER-Milbank-UQFP-150,,,,,,,,,
"Milbank 125A/2P Plug-In Breaker, 10 kAIC",Milbank,UQFP-125,125,4,2,,BREAKER-Milbank-UQFP-125,,,,,,,,,
"Milbank 100A/2P Plug-In Breaker, 10 kAIC",Milbank,UQFP-100,100,4,2,,BREAKER-Milbank-UQFP-100,,,,,,,,,
"Milbank 200A/2P Plug-In Breaker, 22 kAIC",Milbank,UQFPH-200,200,4,2,,BREAKER-Milbank-UQFPH-200,,,,,,,,,
"Milbank 175A/2P Plug-In Breaker, 22 kAIC",Milbank,UQFPH-175,175,4,2,,BREAKER-Milbank-UQFPH-175,,,,,,,,,
"Milbank 150A/2P Plug-In Breaker, 22 kAIC",Milbank,UQFPH-150,150,4,2,,BREAKER-Milbank-UQFPH-150,,,,,,,,,
"Milbank 125A/2P Plug-In Breaker, 22 kAIC",Milbank,UQFPH-125,125,4,2,,BREAKER-Milbank-UQFPH-125,,,,,,,,,
"Milbank 100A/2P Plug-In Breaker, 22 kAIC",Milbank,UQFPH-100,100,4,2,,BREAKER-Milbank-UQFPH-100,,,,,,,,,
"SIEMENS 200A/2p 4 space Breaker, Reverse Handle",Siemens,QN2200RH,200,4,2,Bus Bar Only,BREAKER-Siemens-QN2200RH,,,,,,,,,
"SIEMENS 175A/2p 4 space Breaker, Reverse Handle",Siemens,QN2175RH,175,4,2,Bus Bar Only,BREAKER-Siemens-QN2175RH,,,,,,,,,
"SIEMENS 150A/2p 4 space Breaker, Reverse Handle",Siemens,QN2150RH,150,4,2,Bus Bar Only,BREAKER-Siemens-QN2150RH,,,,,,,,,
"SIEMENS 200A/2p 4 space breaker, QN Type",Siemens,QN2200R,200,4,2,Bus Bar Only,BREAKER-Siemens-QN2200R,,,,,,,,,
"SIEMENS 175A/2p 4 space breaker, QN Type",Siemens,QN2175R,175,4,2,Bus Bar Only,BREAKER-Siemens-QN2175R,,,,,,,,,
"SIEMENS 150A/2p 4 space breaker, QN Type",Siemens,QN2150R,150,4,2,Bus Bar Only,BREAKER-Siemens-QN2150R,,,,,,,,,
SIEMENS 200A/2p 4 space breaker,Siemens,Q2200B,200,4,2,Bus Bar Only,BREAKER-Siemens-Q2200B,,,,,,,,,
SIEMENS 175A/2p 4 space breaker,Siemens,Q2175B,175,4,2,Bus Bar Only,BREAKER-Siemens-Q2175B,,,,,,,,,
SIEMENS 150A/2p 4 space breaker,Siemens,Q2150B,150,4,2,Bus Bar Only,BREAKER-Siemens-Q2150B,,,,,,,,,
SIEMENS 20a/20a duplex 1 space breaker,Siemens,Q2020,"20, 20",1,"1, 1",Duplex,BREAKER-Siemens-Q2020,,,,,,,,,
SIEMENS 15a/15a duplex 1 space breaker,Siemens,Q1515,"15, 15",1,"1, 1",Duplex,BREAKER-Siemens-Q1515,,,,,,,,,
SIEMENS 15a/20a duplex 1 space breaker,Siemens,Q1520,"15, 20",1,"1, 1",Duplex,BREAKER-Siemens-Q1520,,,,,,,,,
SIEMENS 15/15AFC duplex 1 space breaker,Siemens,Q1515AFC,"15, 15",1,"1, 1","Duplex, AFCI",BREAKER-Siemens-Q1515AFC,,,,,,,,,
SIEMENS 20/20AFC duplex 1 space breaker,Siemens,Q2020AFC,"20, 20",1,"1, 1","Duplex, AFCI",BREAKER-Siemens-Q2020AFC,,,,,,,,,
SIEMENS 200A/2p Main MBK200A,Siemens,MBK200A,200,4,2,Main Breaker Kit,BREAKER-Siemens-MBK200A,,,,,,,,,
SIEMENS 175A/2p Main MBK175A,Siemens,MBK175A,175,4,2,Main Breaker Kit,BREAKER-Siemens-MBK175A,,,,,,,,,
SIEMENS 150A/2p Main MBK150A,Siemens,MBK150A,150,4,2,Main Breaker Kit,BREAKER-Siemens-MBK150A,,,,,,,,,
SIEMENS 200A/2p Main MBK200,Siemens,MBK200,200,4,2,Main Breaker Replacement,BREAKER-Siemens-MBK200,,,,,,,,,
SIEMENS 175A/2p Main MBK175,Siemens,MBK175,175,4,2,Main Breaker Replacement,BREAKER-Siemens-MBK175,,,,,,,,,
SIEMENS 150A/2p Main MBK150,Siemens,MBK150,150,4,2,Main Breaker Replacement,BREAKER-Siemens-MBK150,,,,,,,,,
SIEMENS 15A/15A Quad 2 space breaker,Siemens,Q21515CT2,"15, 15",2,"2, 2",Quad,BREAKER-Siemens-Q21515CT2,,,,,,,,,
SIEMENS 15A/30A Quad 2 space breaker,Siemens,Q21530CT2,"15, 30",2,"2, 2",Quad,BREAKER-Siemens-Q21530CT2,,,,,,,,,
SIEMENS 15A/40A Quad 2 space breaker,Siemens,Q21540CT2,"15, 40",2,"2, 2",Quad,BREAKER-Siemens-Q21540CT2,,,,,,,,,
SIEMENS 30A/25A Quad 2 space breaker,Siemens,Q23025CT2,"30, 25",2,"2, 2",Quad,BREAKER-Siemens-Q23025CT2,,,,,,,,,
SIEMENS 20A/50A Quad 2 space breaker,Siemens,Q22050CT2,"20, 50",2,"2, 2",Quad,BREAKER-Siemens-Q22050CT2,,,,,,,,,
SIEMENS 30A/20A Quad 2 space breaker,Siemens,Q23020CT2,"30, 20",2,"2, 2",Quad,BREAKER-Siemens-Q23020CT2,,,,,,,,,
SIEMENS 20A/20A Quad 2 space breaker,Siemens,Q22020CT2,"20, 20",2,"2, 2",Quad,BREAKER-Siemens-Q22020CT2,,,,,,,,,
SIEMENS 30A/15A Quad 2 space breaker,Siemens,Q21530CT2,"30, 15",2,"2, 2",Quad,BREAKER-Siemens-Q21530CT2,,,,,,,,,
SIEMENS 40A/20A Quad 2 space breaker,Siemens,Q22040CT2,"40, 20",2,"2, 2",Quad,BREAKER-Siemens-Q22040CT2,,,,,,,,,
SIEMENS 40A/30A Quad 2 space breaker,Siemens,Q24030CT2,"40, 30",2,"2, 2",Quad,BREAKER-Siemens-Q24030CT2,,,,,,,,,
SIEMENS 40A/40A Quad 2 space breaker,Siemens,Q24040CT2,"40, 40",2,"2, 2",Quad,BREAKER-Siemens-Q24040CT2,,,,,,,,,
SIEMENS 30A/30A Quad 2 space breaker,Siemens,Q23030CT2,"30, 30",2,"2, 2",Quad,BREAKER-Siemens-Q23030CT2,,,,,,,,,
SIEMENS 50A/30A Quad 2 space breaker,Siemens,Q23050CT2,"50, 30",2,"2, 2",Quad,BREAKER-Siemens-Q23050CT2,,,,,,,,,
SIEMENS 15A/15A/15A Triplex 2 space breaker,Siemens,Q21515CT,"15, 15, 15",2,"1, 2, 1",Triplex,BREAKER-Siemens-Q21515CT,,,,,,,,,
SIEMENS 20A/35A/20A Triplex 2 space breaker,Siemens,Q22035CT,"20, 35, 20",2,"1, 2, 1",Triplex,BREAKER-Siemens-Q22035CT,,,,,,,,,
SIEMENS 15A/35A/15A Triplex 2 space breaker,Siemens,Q21535CT,"15, 35, 15",2,"1, 2, 1",Triplex,BREAKER-Siemens-Q21535CT,,,,,,,,,
SIEMENS 15A/45A/15A Triplex 2 space breaker,Siemens,Q21545CT,"15, 45, 15",2,"1, 2, 1",Triplex,BREAKER-Siemens-Q21545CT,,,,,,,,,
SIEMENS 20A/50A/20A Triplex 2 space breaker,Siemens,Q22050CT,"20, 50, 20",2,"1, 2, 1",Triplex,BREAKER-Siemens-Q22050CT,,,,,,,,,
SIEMENS 20A/30A/20A Triplex 2 space breaker,Siemens,Q22030CT,"20, 30, 20",2,"1, 2, 1",Triplex,BREAKER-Siemens-Q22030CT,,,,,,,,,
SIEMENS 15A/20A/15A Triplex 2 space breaker,Siemens,Q21520CT,"15, 20, 15",2,"1, 2, 1",Triplex,BREAKER-Siemens-Q21520CT,,,,,,,,,
SIEMENS 20A/20A/20A Triplex 2 space breaker,Siemens,Q22020CT,"20, 20, 20",2,"1, 2, 1",Triplex,BREAKER-Siemens-Q22020CT,,,,,,,,,
SIEMENS 15A/30A/15A Triplex 2 space breaker,Siemens,Q21530CT,"15, 30, 15",2,"1, 2, 1",Triplex,BREAKER-Siemens-Q21530CT,,,,,,,,,
SIEMENS 20A/40A/20A Triplex 2 space breaker,Siemens,Q22040CT,"20, 40, 20",2,"1, 2, 1",Triplex,BREAKER-Siemens-Q22040CT,,,,,,,,,
SIEMENS 15A/40A/15A Triplex 2 space breaker,Siemens,Q21540CT,"15, 40, 15",2,"1, 2, 1",Triplex,BREAKER-Siemens-Q21540CT,,,,,,,,,
SIEMENS 15A/50A/15A Triplex 2 space breaker,Siemens,Q21550CT,"15, 50, 15",2,"1, 2, 1",Triplex,BREAKER-Siemens-Q21550CT,,,,,,,,,
SIEMENS 15A/25A/15A Triplex 2 space breaker,Siemens,Q21525CT,"15, 25, 15",2,"1, 2, 1",Triplex,BREAKER-Siemens-Q21525CT,,,,,,,,,
SIEMENS 20A/25A/20A Triplex 2 space breaker,Siemens,Q22025CT,"20, 25, 20",2,"1, 2, 1",Triplex,BREAKER-Siemens-Q22025CT,,,,,,,,,
SIEMENS 20A/45A/20A Triplex 2 space breaker,Siemens,Q22045CT,"20, 45, 20",2,"1, 2, 1",Triplex,BREAKER-Siemens-Q22045CT,,,,,,,,,
SIEMENS 125a/2p 2 space breaker,Siemens,Q2125,125,2,2,,BREAKER-Siemens-Q2125,,,,,,,,,
SIEMENS 100a/2p 2 space breaker,Siemens,Q2100,100,2,2,,BREAKER-Siemens-Q2100,,,,,,,,,
SIEMENS 90a/2p 2 space breaker,Siemens,Q290,90,2,2,,BREAKER-Siemens-Q290,,,,,,,,,
SIEMENS 80a/2p 2 space breaker,Siemens,Q280,80,2,2,,BREAKER-Siemens-Q280,,,,,,,,,
SIEMENS 70a/2p 2 space breaker,Siemens,Q270,70,2,2,,BREAKER-Siemens-Q270,,,,,,,,,
SIEMENS 60a/2p 2 space breaker,Siemens,Q260,60,2,2,,BREAKER-Siemens-Q260,,,,,,,,,
SIEMENS 50a/2p 2 space breaker,Siemens,Q250,50,2,2,,BREAKER-Siemens-Q250,,,,,,,,,
SIEMENS 45a/2p 2 space breaker,Siemens,Q245,45,2,2,,BREAKER-Siemens-Q245,,,,,,,,,
SIEMENS 40a/2p 2 space breaker,Siemens,Q240,40,2,2,,BREAKER-Siemens-Q240,,,,,,,,,
SIEMENS 35a/2p 2 space breaker,Siemens,Q235,35,2,2,,BREAKER-Siemens-Q235,,,,,,,,,
SIEMENS 30a/2p 2 space breaker,Siemens,Q230,30,2,2,,BREAKER-Siemens-Q230,,,,,,,,,
SIEMENS 25a/2p 2 space breaker,Siemens,Q225,25,2,2,,BREAKER-Siemens-Q225,,,,,,,,,
SIEMENS 20a/2p 2 space breaker,Siemens,Q220,20,2,2,,BREAKER-Siemens-Q220,,,,,,,,,
SIEMENS 15a/1p 1 space breaker,Siemens,Q115,15,1,1,,BREAKER-Siemens-Q115,,,,,,,,,
SIEMENS 20a/1p 1 space breaker,Siemens,Q120,20,1,1,,BREAKER-Siemens-Q120,,,,,,,,,
"SQUARE D HOM 20a/1p 1 space AFCI breaker, Plug-On Neutral",Square D HOM,HOM120PCAFI,20,1,1,AFCI,BREAKER-Square D HOM-HOM120PCAFI,,,,,,,,,
"SQUARE D HOM 20a/1p 1 space AFCI breaker, Pigtail Neutral",Square D HOM,HOM120CAFI,20,1,1,AFCI,BREAKER-Square D HOM-HOM120CAFI,,,,,,,,,
"SQUARE D HOM 15a/1p 1 space AFCI breaker, Pigtail Neutral",Square D HOM,HOM115CAFI,15,1,1,AFCI,BREAKER-Square D HOM-HOM115CAFI,,,,,,,,,
"SQUARE D HOM 15a/1p 1 space AFCI breaker, Plug-On Neutral",Square D HOM,HOM115PCAFI,15,1,1,AFCI,BREAKER-Square D HOM-HOM115PCAFI,,,,,,,,,
"SQUARE D HOM 20a/1p 1 space AFCI/GFCI Dual Function breaker, Pigtail Neutral",Square D HOM,HOM120DF,20,1,1,AFCI/GFCI,BREAKER-Square D HOM-HOM120DF,,,,,,,,,
"SQUARE D HOM 15a/1p 1 space AFCI/GFCI Dual Function breaker, Pigtail Neutral",Square D HOM,HOM115DF,15,1,1,AFCI/GFCI,BREAKER-Square D HOM-HOM115DF,,,,,,,,,
"SQUARE D HOM 20a/1p 1 space AFCI/GFCI Dual Function breaker, Plug-On Neutral",Square D HOM,HOM120PDF,20,1,1,AFCI/GFCI,BREAKER-Square D HOM-HOM120PDF,,,,,,,,,
"SQUARE D HOM 15a/1p 1 space AFCI/GFCI Dual Function breaker, Plug-On Neutral",Square D HOM,HOM115PDF,15,1,1,AFCI/GFCI,BREAKER-Square D HOM-HOM115PDF,,,,,,,,,
"SQUARE D HOM 200a/2p 4 space breaker, Bus Bar Only",Square D HOM,HOM2200BB,200,4,2,Busbar Only,BREAKER-Square D HOM-HOM2200BB,,,,,,,,,
"SQUARE D HOM 175a/2p 4 space breaker, Bus Bar Only",Square D HOM,HOM2175BB,175,4,2,Busbar Only,BREAKER-Square D HOM-HOM2175BB,,,,,,,,,
"SQUARE D HOM 150a/2p 4 space breaker, Bus Bar Only",Square D HOM,HOM2150BB,150,4,2,Busbar Only,BREAKER-Square D HOM-HOM2150BB,,,,,,,,,
SQUARE D HOM 30a/20a duplex 1 space breaker,Square D HOM,HOMT3020,"30, 20",1,"1, 1",Duplex,BREAKER-Square D HOM-HOMT3020,,,,,,,,,
SQUARE D HOM 30a/15a duplex 1 space breaker,Square D HOM,HOMT3015,"30, 15",1,"1, 1",Duplex,BREAKER-Square D HOM-HOMT3015,,,,,,,,,
SQUARE D HOM 20a/20a duplex 1 space breaker,Square D HOM,HOMT2020,"20, 20",1,"1, 1",Duplex,BREAKER-Square D HOM-HOMT2020,,,,,,,,,
SQUARE D HOM 15a/20a duplex 1 space breaker,Square D HOM,HOMT1520,"15, 20",1,"1, 1",Duplex,BREAKER-Square D HOM-HOMT1520,,,,,,,,,
SQUARE D HOM 15a/15a duplex 1 space breaker,Square D HOM,HOMT1515,"15, 15",1,"1, 1",Duplex,BREAKER-Square D HOM-HOMT1515,,,,,,,,,
SQUARE D HOM 50a/2p 2 space GFCI breaker,Square D HOM,HOM250GFI,50,2,2,GFCI,BREAKER-Square D HOM-HOM250GFI,,,,,,,,,
SQUARE D HOM 20a/1p 1 space GFCI breaker,Square D HOM,HOM120GFI,20,1,1,GFCI,BREAKER-Square D HOM-HOM120GFI,,,,,,,,,
"SQUARE D HOM 20a/1p 1 space GFCI breaker, Plug-On Neutral",Square D HOM,HOM120PGFI,20,1,1,GFCI,BREAKER-Square D HOM-HOM120PGFI,,,,,,,,,
"SQUARE D HOM 15a/1p 1 space GFCI breaker, Pigtail Neutral",Square D HOM,HOM115GFI,15,1,1,GFCI,BREAKER-Square D HOM-HOM115GFI,,,,,,,,,
"SQUARE D HOM 15a/1p 1 space GFCI breaker, Plug-On Neutral",Square D HOM,HOM115PGFI,15,1,1,GFCI,BREAKER-Square D HOM-HOM115PGFI,,,,,,,,,
"SQUARE D HOM 200a/2p, Main Breaker Replacement",Square D HOM,HOM2200,200,4,2,Main Breaker Replacement,BREAKER-Square D HOM-HOM2200,,,,,,,,,
"SQUARE D HOM 200a/2p, Main Breaker Replacement",Square D HOM,HOM2175,175,4,2,Main Breaker Replacement,BREAKER-Square D HOM-HOM2175,,,,,,,,,
"SQUARE D HOM 150a/2p, Main Breaker Replacement",Square D HOM,HOM2150,150,4,2,Main Breaker Replacement,BREAKER-Square D HOM-HOM2150,,,,,,,,,
SQUARE D HOM 15A/15A Quad 2 Space Breaker,Square D HOM,HOMT215215,"15, 15",2,"2, 2",Quad,BREAKER-Square D HOM-HOMT215215,,,,,,,,,
SQUARE D HOM 15A/20A Quad 2 Space Breaker,Square D HOM,HOMT215220,"15, 20",2,"2, 2",Quad,BREAKER-Square D HOM-HOMT215220,,,,,,,,,
SQUARE D HOM 15A/25A Quad 2 Space Breaker,Square D HOM,HOMT215225,"15, 25",2,"2, 2",Quad,BREAKER-Square D HOM-HOMT215225,,,,,,,,,
SQUARE D HOM 15A/30A Quad 2 Space Breaker,Square D HOM,HOMT215230,"15, 30",2,"2, 2",Quad,BREAKER-Square D HOM-HOMT215230,,,,,,,,,
SQUARE D HOM 15A/40A Quad 2 Space Breaker,Square D HOM,HOMT215240,"15, 40",2,"2, 2",Quad,BREAKER-Square D HOM-HOMT215240,,,,,,,,,
SQUARE D HOM 15A/50A Quad 2 Space Breaker,Square D HOM,HOMT215250,"15, 50",2,"2, 2",Quad,BREAKER-Square D HOM-HOMT215250,,,,,,,,,
SQUARE D HOM 20A/20A Quad 2 Space Breaker,Square D HOM,HOMT220220,"20, 20",2,"2, 2",Quad,BREAKER-Square D HOM-HOMT220220,,,,,,,,,
SQUARE D HOM 20A/25A Quad 2 Space Breaker,Square D HOM,HOMT220225,"20, 25",2,"2, 2",Quad,BREAKER-Square D HOM-HOMT220225,,,,,,,,,
SQUARE D HOM 20A/30A Quad 2 Space Breaker,Square D HOM,HOMT220230,"20, 30",2,"2, 2",Quad,BREAKER-Square D HOM-HOMT220230,,,,,,,,,
SQUARE D HOM 20A/40A Quad 2 Space Breaker,Square D HOM,HOMT220240,"20, 40",2,"2, 2",Quad,BREAKER-Square D HOM-HOMT220240,,,,,,,,,
SQUARE D HOM 20A/50A Quad 2 Space Breaker,Square D HOM,HOMT220250,"20, 50",2,"2, 2",Quad,BREAKER-Square D HOM-HOMT220250,,,,,,,,,
SQUARE D HOM 25A/25A Quad 2 Space Breaker,Square D HOM,HOMT225225,"25, 25",2,"2, 2",Quad,BREAKER-Square D HOM-HOMT225225,,,,,,,,,
SQUARE D HOM 25A/30A Quad 2 Space Breaker,Square D HOM,HOMT225230,"25, 30",2,"2, 2",Quad,BREAKER-Square D HOM-HOMT225230,,,,,,,,,
SQUARE D HOM 25A/40A Quad 2 Space Breaker,Square D HOM,HOMT225240,"25, 40",2,"2, 2",Quad,BREAKER-Square D HOM-HOMT225240,,,,,,,,,
SQUARE D HOM 25A/50A Quad 2 Space Breaker,Square D HOM,HOMT225250,"25, 50",2,"2, 2",Quad,BREAKER-Square D HOM-HOMT225250,,,,,,,,,
SQUARE D HOM 30A/30A Quad 2 Space Breaker,Square D HOM,HOMT230230,"30, 30",2,"2, 2",Quad,BREAKER-Square D HOM-HOMT230230,,,,,,,,,
SQUARE D HOM 30A/40A Quad 2 Space Breaker,Square D HOM,HOMT230240,"30, 40",2,"2, 2",Quad,BREAKER-Square D HOM-HOMT230240,,,,,,,,,
SQUARE D HOM 30A/50A Quad 2 Space Breaker,Square D HOM,HOMT230250,"30, 50",2,"2, 2",Quad,BREAKER-Square D HOM-HOMT230250,,,,,,,,,
SQUARE D HOM 20A/50A/20A Triplex 2 space breaker,Square D HOM,HOMT2020250,"20, 50, 20",2,"1, 2, 1",Triplex,BREAKER-Square D HOM-HOMT2020250,,,,,,,,,
SQUARE D HOM 20A/30A/20A Triplex 2 space breaker,Square D HOM,HOMT2020230,"20, 30, 20",2,"1, 2, 1",Triplex,BREAKER-Square D HOM-HOMT2020230,,,,,,,,,
SQUARE D HOM 15A/20A/15A Triplex 2 space breaker,Square D HOM,HOMT1515220,"15, 20, 15",2,"1, 2, 1",Triplex,BREAKER-Square D HOM-HOMT1515220,,,,,,,,,
SQUARE D HOM 20A/20A/20A Triplex 2 space breaker,Square D HOM,HOMT2020220,"20, 20, 20",2,"1, 2, 1",Triplex,BREAKER-Square D HOM-HOMT2020220,,,,,,,,,
SQUARE D HOM 15A/30A/15A Triplex 2 space breaker,Square D HOM,HOMT1515230,"15, 30, 15",2,"1, 2, 1",Triplex,BREAKER-Square D HOM-HOMT1515230,,,,,,,,,
SQUARE D HOM 20A/40A/20A Triplex 2 space breaker,Square D HOM,HOMT2020240,"20, 40, 20",2,"1, 2, 1",Triplex,BREAKER-Square D HOM-HOMT2020240,,,,,,,,,
SQUARE D HOM 15A/40A/15A Triplex 2 space breaker,Square D HOM,HOMT1515240,"15, 40, 15",2,"1, 2, 1",Triplex,BREAKER-Square D HOM-HOMT1515240,,,,,,,,,
SQUARE D HOM 15A/15A/15A Triplex 2 space breaker,Square D HOM,HOMT1515215,"15, 15, 15",2,"1, 2, 1",Triplex,BREAKER-Square D HOM-HOMT1515215,,,,,,,,,
SQUARE D HOM 15A/50A/15A Triplex 2 space breaker,Square D HOM,HOMT1515250,"15, 50, 15",2,"1, 2, 1",Triplex,BREAKER-Square D HOM-HOMT1515250,,,,,,,,,
SQUARE D HOM 125a/2p 2 space breaker,Square D HOM,HOM2125,125,2,2,,BREAKER-Square D HOM-HOM2125,,,,,,,,,
SQUARE D HOM 100a/2p 2 space breaker,Square D HOM,HOM2100,100,2,2,,BREAKER-Square D HOM-HOM2100,,,,,,,,,
SQUARE D HOM 90a/2p 2 space breaker,Square D HOM,HOM290,90,2,2,,BREAKER-Square D HOM-HOM290,,,,,,,,,
SQUARE D HOM 80a/2p 2 space breaker,Square D HOM,HOM280,80,2,2,,BREAKER-Square D HOM-HOM280,,,,,,,,,
SQUARE D HOM 70a/2p 2 space breaker,Square D HOM,HOM270,70,2,2,,BREAKER-Square D HOM-HOM270,,,,,,,,,
SQUARE D HOM 60a/2p 2 space breaker,Square D HOM,HOM260,60,2,2,,BREAKER-Square D HOM-HOM260,,,,,,,,,
SQUARE D HOM 50a/2p 2 space breaker,Square D HOM,HOM250,50,2,2,,BREAKER-Square D HOM-HOM250,,,,,,,,,
SQUARE D HOM 45a/2p 2 space breaker,Square D HOM,HOM245,45,2,2,,BREAKER-Square D HOM-HOM245,,,,,,,,,
SQUARE D HOM 40a/2p 2 space breaker,Square D HOM,HOM240,40,2,2,,BREAKER-Square D HOM-HOM240,,,,,,,,,
SQUARE D HOM 35a/2p 2 space breaker,Square D HOM,HOM235,35,2,2,,BREAKER-Square D HOM-HOM235,,,,,,,,,
SQUARE D HOM 30a/2p 2 space breaker,Square D HOM,HOM230,30,2,2,,BREAKER-Square D HOM-HOM230,,,,,,,,,
SQUARE D HOM 25a/2p 2 space breaker,Square D HOM,HOM225,25,2,2,,BREAKER-Square D HOM-HOM225,,,,,,,,,
SQUARE D HOM 20a/2p 2 space breaker,Square D HOM,HOM220,20,2,2,,BREAKER-Square D HOM-HOM220,,,,,,,,,
SQUARE D HOM 15a/2p 2 space breaker,Square D HOM,HOM215,15,2,2,,BREAKER-Square D HOM-HOM215,,,,,,,,,
SQUARE D HOM 20a/1p 1 space breaker,Square D HOM,HOM120,20,1,1,,BREAKER-Square D HOM-HOM120,,,,,,,,,
SQUARE D HOM 15a/1p 1 space breaker,Square D HOM,HOM115,15,1,1,,BREAKER-Square D HOM-HOM115,,,,,,,,,
"SQUARE D QO 200a/2p, Bus Bar Only",Square D QO,QO2200,200,4,2,Bus Bar Only,BREAKER-Square D QO-QO2200,,,,,,,,,
"SQUARE D QO 175a/2p, Bus Bar Only",Square D QO,QO2175,175,4,2,Bus Bar Only,BREAKER-Square D QO-QO2175,,,,,,,,,
"SQUARE D QO 150a/2p, Bus Bar Only",Square D QO,QO2150,150,4,2,Bus Bar Only,BREAKER-Square D QO-QO2150,,,,,,,,,
SQUARE D QO 20a/20a duplex 1 space breaker,Square D QO,QO2020,"20, 20",1,"1, 1",Duplex,BREAKER-Square D QO-QO2020,,,,,,,,,
SQUARE D QO 15a/15a duplex 1 space breaker,Square D QO,QO1515,"15, 15",1,"1, 1",Duplex,BREAKER-Square D QO-QO1515,,,,,,,,,
"SQUARE D 200a/2p Main Breaker Kit, QOM2 Frame Size",Square D QO,QOM2200VH,200,4,2,Main Breaker Kit,BREAKER-Square D QO-QOM2200VH,,,,,,,,,
"SQUARE D 175a/2p Main Breaker Kit, QOM2 Frame Size",Square D QO,QOM2175VH,175,4,2,Main Breaker Kit,BREAKER-Square D QO-QOM2175VH,,,,,,,,,
"SQUARE D 150a/2p Main Breaker Kit, QOM2 Frame Size",Square D QO,QOM2150VH,150,4,2,Main Breaker Kit,BREAKER-Square D QO-QOM2150VH,,,,,,,,,
"SQUARE D 125a/2p Main Breaker Kit, QOM2 Frame Size",Square D QO,QOM2125VH,125,4,2,Main Breaker Kit,BREAKER-Square D QO-QOM2125VH,,,,,,,,,
"SQUARE D 125a/2p Main Breaker Kit, QOM2 Frame Size",Square D QO,QOM125VH,125,2,2,Main Breaker Kit,BREAKER-Square D QO-QOM125VH,,,,,,,,,
"SQUARE D 100a/2p Main Breaker Kit, QOM2 Frame Size",Square D QO,QOM2100VH,100,4,2,Main Breaker Kit,BREAKER-Square D QO-QOM2100VH,,,,,,,,,
"SQUARE D 100a/2p Main Breaker Kit, QOM1 Frame Size",Square D QO,QOM100VH,100,2,2,Main Breaker Kit,BREAKER-Square D QO-QOM100VH,,,,,,,,,
"SQUARE D 90a/2p Main Breaker Kit, QOM1 Frame Size",Square D QO,QOM90VH,90,2,2,Main Breaker Kit,BREAKER-Square D QO-QOM90VH,,,,,,,,,
"SQUARE D 80a/2p Main Breaker Kit, QOM1 Frame Size",Square D QO,QOM80VH,80,2,2,Main Breaker Kit,BREAKER-Square D QO-QOM80VH,,,,,,,,,
"SQUARE D 70a/2p Main Breaker Kit, QOM1 Frame Size",Square D QO,QOM70VH,70,2,2,Main Breaker Kit,BREAKER-Square D QO-QOM70VH,,,,,,,,,
"SQUARE D 60a/2p Main Breaker Kit, QOM1 Frame Size",Square D QO,QOM60VH,60,2,2,Main Breaker Kit,BREAKER-Square D QO-QOM60VH,,,,,,,,,
"SQUARE D 50a/2p Main Breaker Kit, QOM1 Frame Size",Square D QO,QOM50VH,50,2,2,Main Breaker Kit,BREAKER-Square D QO-QOM50VH,,,,,,,,,
SQUARE D QO 125a/2p 2 space breaker,Square D QO,QO2125,125,2,2,,BREAKER-Square D QO-QO2125,,,,,,,,,
SQUARE D QO 100a/2p 2 space breaker,Square D QO,QO2100,100,2,2,,BREAKER-Square D QO-QO2100,,,,,,,,,
SQUARE D QO 90a/2p 2 space breaker,Square D QO,QO290,90,2,2,,BREAKER-Square D QO-QO290,,,,,,,,,
SQUARE D QO 80a/2p 2 space breaker,Square D QO,QO280,80,2,2,,BREAKER-Square D QO-QO280,,,,,,,,,
SQUARE D QO 70a/2p 2 space breaker,Square D QO,QO270,70,2,2,,BREAKER-Square D QO-QO270,,,,,,,,,
SQUARE D QO 60a/2p 2 space breaker,Square D QO,QO260,60,2,2,,BREAKER-Square D QO-QO260,,,,,,,,,
SQUARE D QO 50a/2p 2 space breaker,Square D QO,QO250,50,2,2,,BREAKER-Square D QO-QO250,,,,,,,,,
SQUARE D QO 45a/2p 2 space breaker,Square D QO,QO245,45,2,2,,BREAKER-Square D QO-QO245,,,,,,,,,
SQUARE D QO 40a/2p 2 space breaker,Square D QO,QO240,40,2,2,,BREAKER-Square D QO-QO240,,,,,,,,,
SQUARE D QO 35a/2p 2 space breaker,Square D QO,QO235,35,2,2,,BREAKER-Square D QO-QO235,,,,,,,,,
SQUARE D QO 30a/2p 2 space breaker,Square D QO,QO230,30,2,2,,BREAKER-Square D QO-QO230,,,,,,,,,
SQUARE D QO 25a/2p 2 space breaker,Square D QO,QO225,25,2,2,,BREAKER-Square D QO-QO225,,,,,,,,,
SQUARE D QO 20a/2p 2 space breaker,Square D QO,QO220,20,2,2,,BREAKER-Square D QO-QO220,,,,,,,,,
SQUARE D QO 15a/1p 1 space breaker,Square D QO,QO115,15,1,1,,BREAKER-Square D QO-QO115,,,,,,,,,
SQUARE D QO 20a/1p 1 space breaker,Square D QO,QO120,20,1,1,,BREAKER-Square D QO-QO120,,,,,,,,,
