Description,Manufacturer,Part Number,Connector Type,BRSID
Appleton 2 in 2-Screw Clamp Connector,Appleton,C-750,2-Screw Clamp Connector,CONNECTOR-Appleton-C-750
Appleton 1-1/4 in 2-Screw Clamp Connector,Appleton,C1251R,2-Screw Clamp Connector,CONNECTOR-Appleton-C1251R
Appleton 2 in 2-Screw Clamp Connector,Appleton,C2001R,2-Screw Clamp Connector,CONNECTOR-Appleton-C2001R
Appleton 1-1/2 in 2-Screw Clamp Connector,Appleton,C1500,2-Screw Clamp Connector,CONNECTOR-Appleton-C1500
Appleton 1/2 in 2-Screw Clamp Connector,Appleton,C-500,2-Screw Clamp Connector,CONNECTOR-Appleton-C-500
Appleton 1-1/4 in 2-Screw Clamp Connector,Appleton,C-1250,2-Screw Clamp Connector,CONNECTOR-Appleton-C-1250
Appleton 2 in 2-Screw Clamp Connector,Appleton,C-2000,2-Screw Clamp Connector,CONNECTOR-Appleton-C-2000
Appleton 1-1/4 in SE Cable Connector,Appleton,WC1252N,SE Cable Connector,CONNECTOR-Appleton-WC1252N
Appleton 2 in SE Cable Connector,Appleton,WC2004,SE Cable Connector,CONNECTOR-Appleton-WC2004
Arlington 3/8 in Snap-In MC Cable Connector,Arlington,38A,MC Cable Connector,CONNECTOR-Arlington-38A
Arlington 1/2 in Snap-In MC Cable Connector,Arlington,38RAST,MC Cable Connector,CONNECTOR-Arlington-38RAST
Arlington 1/2 in Snap-In MC Cable Connector,Arlington,40AST,MC Cable Connector,CONNECTOR-Arlington-40AST
Arlington 3/4 in Snap-in Bushing,Arlington,4401,Knockout Insulating Bushing,CONNECTOR-Arlington-4401
Arlington 2 in Cable Clamp Connector,Arlington,849S,Cable Connector,CONNECTOR-Arlington-849S
Arlington 1-1/2 in Cable Clamp Connector,Arlington,848S,Cable Connector,CONNECTOR-Arlington-848S
Arlington 1-1/4 in Cable Clamp Connector,Arlington,844S,Cable Connector,CONNECTOR-Arlington-844S
Arlington 1 in Cable Clamp Connector,Arlington,843S,Cable Connector,CONNECTOR-Arlington-843S
Arlington 2 in 2-Screw Clamp Connector,Arlington,849S,2-Screw Clamp Connector,CONNECTOR-Arlington-849S
Arlington 2 in 2-Screw Clamp Connector,Arlington,849,2-Screw Clamp Connector,CONNECTOR-Arlington-849
Arlington 1 in 2-Screw Clamp Connector,Arlington,843S,2-Screw Clamp Connector,CONNECTOR-Arlington-843S
Arlington 1 in 2-Screw Clamp Connector,Arlington,843,2-Screw Clamp Connector,CONNECTOR-Arlington-843
Arlington 3/4 in 2-Screw Clamp Connector,Arlington,842,2-Screw Clamp Connector,CONNECTOR-Arlington-842
Arlington 1/2 in 2-Screw Clamp Connector,Arlington,841,2-Screw Clamp Connector,CONNECTOR-Arlington-841
Arlington 1-1/2 in 2-Screw Clamp Connector,Arlington,8405,2-Screw Clamp Connector,CONNECTOR-Arlington-8405
Arlington 1/2 in 2-Screw Clamp Connector,Arlington,840,2-Screw Clamp Connector,CONNECTOR-Arlington-840
Arlington 3/4 in 2-Screw Clamp Connector,Arlington,8402,2-Screw Clamp Connector,CONNECTOR-Arlington-8402
Arlington 3/4 in 2-Screw Clamp Connector,Arlington,842ST,2-Screw Clamp Connector,CONNECTOR-Arlington-842ST
Arlington 1-1/2 in 2-Screw Clamp Connector,Arlington,848S,2-Screw Clamp Connector,CONNECTOR-Arlington-848S
Arlington 1/2 in Strain Relief Connector,Arlington,LPCG50,Strain Relief Connector,CONNECTOR-Arlington-LPCG50
Arlington 1/2 in Strain Relief Connector,Arlington,LPCG503,Strain Relief Connector,CONNECTOR-Arlington-LPCG503
Arlington 1/2 in Strain Relief Connector,Arlington,LPCG507,Strain Relief Connector,CONNECTOR-Arlington-LPCG507
Arlington 1/2 in Strain Relief Connector,Arlington,LPCG507BL,Strain Relief Connector,CONNECTOR-Arlington-LPCG507BL
Arlington 3/4 in Strain Relief Connector,Arlington,LPCG753,Strain Relief Connector,CONNECTOR-Arlington-LPCG753
Arlington 3/4 in Strain Relief Connector,Arlington,LPCG754,Strain Relief Connector,CONNECTOR-Arlington-LPCG754
Arlington 3/4 in Strain Relief Connector,Arlington,LPCG757,Strain Relief Connector,CONNECTOR-Arlington-LPCG757
Arlington 3/4 in Strain Relief Connector,Arlington,LPCG757BL,Strain Relief Connector,CONNECTOR-Arlington-LPCG757BL
Arlington 3/4 in Strain Relief Connector,Arlington,LPCG757Z,Strain Relief Connector,CONNECTOR-Arlington-LPCG757Z
Arlington 1/2 in Strain Relief Connector,Arlington,LTMC50,Strain Relief Connector,CONNECTOR-Arlington-LTMC50
Arlington 3/4 in Non-Metallic Cable Connector,Arlington,NM75,Non-Metallic Cable Connector,CONNECTOR-Arlington-NM75
"Arlington 1/2 in Non-Metallic Cable Connector, Button Style",Arlington,NM94,Non-Metallic Cable Connector,CONNECTOR-Arlington-NM94
"Arlington 3/4 in Non-Metallic Cable Connector, Button Style",Arlington,NM95,Non-Metallic Cable Connector,CONNECTOR-Arlington-NM95
"Arlington 1 in Non-Metallic Cable Connector, Button Style",Arlington,NM96,Non-Metallic Cable Connector,CONNECTOR-Arlington-NM96
"Arlington 1 in Strain Relief Connector, Non-Metallic, 5 Hole",Arlington,NMPV100,Strain Relief Connector,CONNECTOR-Arlington-NMPV100
"Arlington 3/4 in Strain Relief Connector, Non-Metallic, 5 Hole",Arlington,NMPV75,Strain Relief Connector,CONNECTOR-Arlington-NMPV75
"Arlington 3/4 in Strain Relief Connector, Non-Metallic, For UF Cable",Arlington,NMUF75,Strain Relief Connector,CONNECTOR-Arlington-NMUF75
Arlington 2 in SE Cable Connector,Arlington,WC2001,SE Cable Connector,CONNECTOR-Arlington-WC2001
Arlington 1-1/2 in SE Cable Connector,Arlington,WTC150,SE Cable Connector,CONNECTOR-Arlington-WTC150
Bridgeport 1/2 in Non-Metallic Cable Connector,Bridgeport,616-NMD,Non-Metallic Cable Connector,CONNECTOR-Bridgeport-616-NMD
Bridgeport 3/4 in Non-Metallic Cable Connector,Bridgeport,617-NMD,Non-Metallic Cable Connector,CONNECTOR-Bridgeport-617-NMD
Bridgeport 3/4 in Strain Relief Connector,Bridgeport,771-52,Strain Relief Connector,CONNECTOR-Bridgeport-771-52
Bridgeport 3/4 in Snap-in Bushing,Bridgeport,9792,Knockout Insulating Bushing,CONNECTOR-Bridgeport-9792
Bridgeport 2 in Snap-in Bushing,Bridgeport,9796,Knockout Insulating Bushing,CONNECTOR-Bridgeport-9796
Bridgeport 1-1/4 in Snap-in Bushing,Bridgeport,9795,Knockout Insulating Bushing,CONNECTOR-Bridgeport-9795
Bridgeport 2 in 2-Screw Clamp Connector,Bridgeport,666-DC2,2-Screw Clamp Connector,CONNECTOR-Bridgeport-666-DC2
Bridgeport 1-1/4 in 2-Screw Clamp Connector,Bridgeport,664-DC2,2-Screw Clamp Connector,CONNECTOR-Bridgeport-664-DC2
Bridgeport 1 in 2-Screw Clamp Connector,Bridgeport,662-DC2,2-Screw Clamp Connector,CONNECTOR-Bridgeport-662-DC2
Bridgeport 3/4 in 2-Screw Clamp Connector,Bridgeport,660-DC2,2-Screw Clamp Connector,CONNECTOR-Bridgeport-660-DC2
Bridgeport 1/2 in 2-Screw Clamp Connector,Bridgeport,653-DC2,2-Screw Clamp Connector,CONNECTOR-Bridgeport-653-DC2
Bridgeport 1/2 in 2-Screw Clamp Connector,Bridgeport,650-DC2,2-Screw Clamp Connector,CONNECTOR-Bridgeport-650-DC2
Bridgeport 3/4 in 2-Screw Clamp Connector,Bridgeport,670-DC2,2-Screw Clamp Connector,CONNECTOR-Bridgeport-670-DC2
Bridgeport 1 in 2-Screw Clamp Connector,Bridgeport,672-DC2,2-Screw Clamp Connector,CONNECTOR-Bridgeport-672-DC2
Bridgeport 1/2 in 2-Screw Clamp Connector,Bridgeport,565-DC2,2-Screw Clamp Connector,CONNECTOR-Bridgeport-565-DC2
Bridgeport 1/2 in 2-Screw Clamp Connector,Bridgeport,566-DC2,2-Screw Clamp Connector,CONNECTOR-Bridgeport-566-DC2
Bridgeport 1-1/4 in 2-Screw Clamp Connector,Bridgeport,674-DC2,2-Screw Clamp Connector,CONNECTOR-Bridgeport-674-DC2
Bridgeport 3/4 in Strain Relief Connector,Bridgeport,CG771-750,Strain Relief Connector,CONNECTOR-Bridgeport-CG771-750
"Buchanan B-TAP Insulation Piercing Tap Connector, Main 4/0-3, Tap 2-10",Buchanan,BTC4-0-10,Insulation Piercing Connector,CONNECTOR-Buchanan-BTC4-0-10
"Buchanan B-TAP Insulation Piercing Tap Connectors, Main 500-2/0, Tap 4/0-4",Buchanan,BTC5004,Insulation Piercing Connector,CONNECTOR-Buchanan-BTC5004
"Burndy UNITAP™ Clear Insulated Multi-Tap Connector, 2-Port, Same Side Entry, 14 AWG-4 AWG",Burndy,BIT4,Insulated Multi-Tap Connector,CONNECTOR-Burndy-BIT4
"Burndy UNITAP™ Clear Insulated Multi-Tap Connector, 2-Port, Same Side Entry, 10 AWG-350 kcmil",Burndy,BIT350,Insulated Multi-Tap Connector,CONNECTOR-Burndy-BIT350
"Burndy UNITAP™ Clear Insulated Multi-Tap Connector, 2-Port, Same Side Entry, 10 AWG-250 kcmil",Burndy,BIT250,Insulated Multi-Tap Connector,CONNECTOR-Burndy-BIT250
"Burndy UNITAP™ Clear Insulated Multi-Tap Connector, 2-Port, Same Side Entry, 14 AWG-2/0 AWG",Burndy,BIT2/0,Insulated Multi-Tap Connector,CONNECTOR-Burndy-BIT2/0
"Burndy UNITAP™ Clear Insulated In-Line Splice, 2-Port, 14 AWG-2 AWG",Burndy,BISR2,Insulated Splice,CONNECTOR-Burndy-BISR2
"Burndy UNITAP™ Clear Insulated In-Line Splice, 2-Port, 14 AWG-1/0 Str",Burndy,BISR1/0,Insulated Splice,CONNECTOR-Burndy-BISR1/0
"Burndy UNITAP™ Clear Insulated In-Line Splice, 2-Port, 10 AWG-250 kcmil",Burndy,BISR250,Insulated Splice,CONNECTOR-Burndy-BISR250
"Burndy UNITAP™ Black Insulated Multi-Tap Connector, 2-Port, Same Side Entry, 14 AWG-4 AWG",Burndy,1PL42,Insulated Multi-Tap Connector,CONNECTOR-Burndy-1PL42
"Burndy UNITAP™ Black Insulated Multi-Tap Connector, 2-Port, Same Side Entry, 14 AWG-2/0 AWG",Burndy,1PL2/03,Insulated Multi-Tap Connector,CONNECTOR-Burndy-1PL2/03
"Burndy UNITAP™ Black Insulated Multi-Tap Connector, 2-Port, Dual Sided Entry, 14 AWG-4 AWG",Burndy,1PLD42,Insulated Multi-Tap Connector,CONNECTOR-Burndy-1PLD42
"Burndy UNITAP™ Black Insulated Multi-Tap Connector, 2-Port, Dual Sided Entry, 14 AWG-2/0 AWG",Burndy,1PLD2/03,Insulated Multi-Tap Connector,CONNECTOR-Burndy-1PLD2/03
"Burndy UNITAP™ Black Insulated Multi-Tap Connector, 3-Port, Dual Sided Entry, 14 AWG-4 AWG",Burndy,1PLD43,Insulated Multi-Tap Connector,CONNECTOR-Burndy-1PLD43
"Burndy UNITAP™ Clear Insulated Multi-Tap Connector, 3-Port, Dual-Sided Entry, 10 AWG-350 kcmil",Burndy,BIBD3503,Insulated Multi-Tap Connector,CONNECTOR-Burndy-BIBD3503
"Burndy UNITAP™ Clear Insulated Multi-Tap Connector, 3-Port, Dual-Sided Entry, 14 AWG-2/0 AWG",Burndy,BIBS2/03,Insulated Multi-Tap Connector,CONNECTOR-Burndy-BIBS2/03
Cully 3/4 in Non-Metallic Cable Connector,Cully,DRC75,Non-Metallic Cable Connector,CONNECTOR-Cully-DRC75
Cully 1/2 in Non-Metallic Cable Connector,Cully,RC50,Non-Metallic Cable Connector,CONNECTOR-Cully-RC50
Cully 3/4 in Non-Metallic Cable Connector,Cully,RC-75,Non-Metallic Cable Connector,CONNECTOR-Cully-RC-75
Cully 1/2 in Non-Metallic Cable Connector,Cully,RCR50,Non-Metallic Cable Connector,CONNECTOR-Cully-RCR50
Sea Corporation 3/4 in Non-Metallic Cable Connector,Cully,RCR75,Non-Metallic Cable Connector,CONNECTOR-Cully-RCR75
Eaton 3/8 in 2-Screw Clamp Connector,Eaton,759DC,2-Screw Clamp Connector,CONNECTOR-Eaton-759DC
Eaton 2 in 2-Screw Clamp Connector,Eaton,2671,2-Screw Clamp Connector,CONNECTOR-Eaton-2671
Eaton 1 in 2-Screw Clamp Connector,Eaton,2632,2-Screw Clamp Connector,CONNECTOR-Eaton-2632
Eaton 3/4 in 2-Screw Clamp Connector,Eaton,2631,2-Screw Clamp Connector,CONNECTOR-Eaton-2631
"Eaton 3/4 in Strain Relief Connector, 5 Hole, USE-2 Wire",Eaton,NCGS25,Strain Relief Connector,CONNECTOR-Eaton-NCGS25
"Greaves Black Insulated Multi-Tap Connector, 2-Port, 14 AWG-2/0 AWG",Greaves,USAD 2/0-2,Insulated Multi-Tap Connector,CONNECTOR-Greaves-USAD-2/0-2
Heyco 3/4 in Strain Relief Connector,Heyco,3460,Strain Relief Connector,CONNECTOR-Heyco-3460
"Heyco 1/2 in Liquid Tight Cordgrip, Skinned-Over Break-Thru Solar Masthead Gland ",Heyco,M3200GAH-SM,Strain Relief Connector,CONNECTOR-Heyco-M3200GAH-SM
"Heyco 1/2 in Liquid Tight Cordgrip, Straight-Thru, NPT Hub",Heyco,M3231,Strain Relief Connector,CONNECTOR-Heyco-M3231
"Heyco 1/2 in Liquid Tight Cordgrip for Enphase Q Cable, Oval Gland",Heyco,M3231GCZ,Strain Relief Connector,CONNECTOR-Heyco-M3231GCZ
Heyco 1/2 in Liquid Tight Oval Hole Connector for NM-B,Heyco,M3231GZB,Strain Relief Connector,CONNECTOR-Heyco-M3231GZB
"Heyco 3/4 in Liquid Tight Cordgrip, Straight-Thru, NPT Hub",Heyco,M3234,Strain Relief Connector,CONNECTOR-Heyco-M3234
"Heyco 3/4 in Liquid Tight Cordgrip, Straight-Thru, NPT Hub",Heyco,M3234GA,Strain Relief Connector,CONNECTOR-Heyco-M3234GA
"Heyco 3/4 in Liquid Tight Cordgrip with Integral Sealing Ring, 4 Conductor",Heyco,M3234GAG,Strain Relief Connector,CONNECTOR-Heyco-M3234GAG
"Heyco 3/4 in Solar Masthead II Liquid Tight Cordgrip, 5 Conductor",Heyco,M3234GBR-SM,Strain Relief Connector,CONNECTOR-Heyco-M3234GBR-SM
"Heyco 3/4 in Solar Masthead II Liquid Tight Cordgrip, 3 Conductor",Heyco,M3234GBS-SM,Strain Relief Connector,CONNECTOR-Heyco-M3234GBS-SM
"Heyco 3/4 in Liquid Tight Cordgrip for Enphase Q Cable, Break-Thru Skinned Over Gland",Heyco,M3234GDA-SM,Strain Relief Connector,CONNECTOR-Heyco-M3234GDA-SM
"Heyco 1-1/2 in Solar Masthead II Liquid Tight Cordgrip, 11 Conductor",Heyco,M3317GBZ-SM,Strain Relief Connector,CONNECTOR-Heyco-M3317GBZ-SM
"Heyco 1 in Solar Masthead II Liquid Tight Cordgrip, 9 Conductor",Heyco,M8437GBK-SM,Strain Relief Connector,CONNECTOR-Heyco-M8437GBK-SM
"Heyco 1 in Solar Masthead II Liquid Tight Cordgrip, 5 Conductor",Heyco,M8437GBT-SM,Strain Relief Connector,CONNECTOR-Heyco-M8437GBT-SM
Ideal Industries 1/2 in Non-Metallic Cable Connector,Ideal Industries,46-125,Non-Metallic Cable Connector,CONNECTOR-Ideal-Industries-46-125
Ideal Industries 3/4 in Non-Metallic Cable Connector,Ideal Industries,46-150,Non-Metallic Cable Connector,CONNECTOR-Ideal-Industries-46-150
"Ideal Industries In-Sure Push-In Connectors, 12 AWG, 5-Port",Ideal Industries,30-087J,Push-in Connector,CONNECTOR-Ideal-Industries-30-087J
"Ilsco Insulation Piercing Connector,  Main Conductor Range 4/0-4, Tap Range 6-14",Ilsco,IPC-4/0-6,Insulation Piercing Connector,CONNECTOR-Ilsco-IPC-4/0-6
"Ilsco Insulation Piercing Connector, Main Conductor Range 4/0-2, Tap Range 2/0-6",Ilsco,IPC-4/0-2/0,Insulation Piercing Connector,CONNECTOR-Ilsco-IPC-4/0-2/0
"Ilsco Insulation Piercing Connector, Main Conductor Range 250-1, Tap Range 4/0-6",Ilsco,IPC-250-4/0,Insulation Piercing Connector,CONNECTOR-Ilsco-IPC-250-4/0
"Ilsco Insulation Piercing Connector, Main Conductor Range 350-4/0, Tap Range 4/0-10",Ilsco,IPC-350-4/0,Insulation Piercing Connector,CONNECTOR-Ilsco-IPC-350-4/0
"Ilsco Black Insulated Multi-Tap Connector, 2-Port, Same Side Entry, 14 AWG-4 AWG",Ilsco,PBTS-2-4,Insulated Multi-Tap Connector,CONNECTOR-Ilsco-PBTS-2-4
"Ilsco Black Insulated Multi-Tap Connector, 2-Port, Same Side Entry, 14 AWG-1/0 AWG",Ilsco,PBTS-2-1/0,Insulated Multi-Tap Connector,CONNECTOR-Ilsco-PBTS-2-1/0
"Ilsco Black Insulated Multi-Tap Connector, 2-Port, Same Side Entry, 6 AWG-3/0 AWG",Ilsco,PBTS-2-3/0,Insulated Multi-Tap Connector,CONNECTOR-Ilsco-PBTS-2-3/0
"Ilsco Black Insulated Multi-Tap Connector, 2-Port, Same Side Entry, 6 AWG-250 AWG",Ilsco,PBTS-2-250,Insulated Multi-Tap Connector,CONNECTOR-Ilsco-PBTS-2-250
"Ilsco Black Insulated Multi-Tap Connector, 2-Port, Dual Sided Entry, 14 AWG-4 AWG",Ilsco,PBTD-2-4,Insulated Multi-Tap Connector,CONNECTOR-Ilsco-PBTD-2-4
"Ilsco Black Insulated Multi-Tap Connector, 2-Port, Dual Sided Entry, 6 AWG-250 AWG",Ilsco,PBTD-2-250,Insulated Multi-Tap Connector,CONNECTOR-Ilsco-PBTD-2-250
"Ilsco Black Insulated Multi-Tap Connector, 3-Port, Dual Sided Entry, 6 AWG-3/0 AWG",Ilsco,PBTD-3-3/0,Insulated Multi-Tap Connector,CONNECTOR-Ilsco-PBTD-3-3/0
LH Dottie 1/2 in Non-Metallic Cable Connector,LH Dottie,DRC50,Non-Metallic Cable Connector,CONNECTOR-LH-Dottie-DRC50
LH Dottie 3/4 in Non-Metallic Cable Connector,LH Dottie,DRC75,Non-Metallic Cable Connector,CONNECTOR-LH-Dottie-DRC75
Madison 1 in 2-Screw Clamp Connector,Madison,L105,2-Screw Clamp Connector,CONNECTOR-Madison-L105
Morris 1/2 in Non-Metallic Cable Connector,Morris,21764,Non-Metallic Cable Connector,CONNECTOR-Morris-21764
Morris 3/42 in Non-Metallic Cable Connector,Morris,21765,Non-Metallic Cable Connector,CONNECTOR-Morris-21765
Morris 1-1/2 in 2-Screw Clamp Connector,Morris,15334,2-Screw Clamp Connector,CONNECTOR-Morris-15334
Morris 2 in 2-Screw Clamp Connector,Morris,15335,2-Screw Clamp Connector,CONNECTOR-Morris-15335
Morris 15331 2-Screw Clamp Connector,Morris,15331,2-Screw Clamp Connector,CONNECTOR-Morris-15331
"NSI Twist-On Wire Nut, 18-8 AWG, Red, Jar of 100",NSI,WWC-R-SJ,Wire Nut,CONNECTOR-NSI-WWC-R-SJ
Pass & Seymour na Strain Relief Connector,Pass & Seymour,BOX40,Strain Relief Connector,CONNECTOR-Pass-&-Seymour-BOX40
Pass & Seymour 3/4 in Strain Relief Connector,Pass & Seymour,CG757503,Strain Relief Connector,CONNECTOR-Pass-&-Seymour-CG757503
"Penn Union Black Insulated Multi-Tap Connector, 3-Port, Dual Sided Entry, 10 AWG-350 kcmil",Penn Union,IPBB-NA350-3D,Insulated Multi-Tap Connector,CONNECTOR-Penn-Union-IPBB-NA350-3D
"Penn Union Black Insulated Multi-Tap Connector, 2-Port, Dual Sided Entry, 14 AWG-4 AWG",Penn Union,IPBB-NA4-2D,Insulated Multi-Tap Connector,CONNECTOR-Penn-Union-IPBB-NA4-2D
"Penn Union Black Insulated Multi-Tap Connector, 2-Port, Dual Sided Entry, 10 AWG-350 kcmil",Penn Union,IPBB-NA350-2D,Insulated Multi-Tap Connector,CONNECTOR-Penn-Union-IPBB-NA350-2D
"Penn Union Black Insulated Multi-Tap Connector, 2-Port, Single Sided Entry, 14 AWG-2/0 AWG",Penn Union,IPBB-NA2/0-3S,Insulated Multi-Tap Connector,CONNECTOR-Penn-Union-IPBB-NA2/0-3S
"Penn Union Black Insulated Multi-Tap Connector, 2-Port, Dual Sided Entry, 10 AWG-250 kcmil",Penn Union,IPBB-NA250-2D,Insulated Multi-Tap Connector,CONNECTOR-Penn-Union-IPBB-NA250-2D
"Penn Union Black Insulated Multi-Tap Connector, 2-Port, Single Sided Entry, 14 AWG-4 AWG",Penn Union,IPBB-NA4-2S,Insulated Multi-Tap Connector,CONNECTOR-Penn-Union-IPBB-NA4-2S
"Polaris IT-4 2-Port Black Multi-Tap Pre-Insulated Connector, 4 AWG - 14 AWG",Polaris,IT-4,Insulated Multi-Tap Connector,CONNECTOR-Polaris-IT-4
"Polaris IT-1/0 2-Port Black Multi-Tap Pre-Insulated Connector, 1/0 AWG - 6 AWG",Polaris,IT-1/0,Insulated Multi-Tap Connector,CONNECTOR-Polaris-IT-1/0
"Polaris IT-3/0 2-Port Black Multi-Tap Pre-Insulated Connector, 3/0 AWG - 6 AWG",Polaris,IT-3/0,Insulated Multi-Tap Connector,CONNECTOR-Polaris-IT-3/0
"Polaris IT-250 2-Port Black Multi-Tap Pre-Insulated Connector, 250 MCM - 6 AWG",Polaris,IT-250,Insulated Multi-Tap Connector,CONNECTOR-Polaris-IT-250
"Polaris ISR-250 2-Port Black Multi-Tap Pre-Insulated Connector, 250 MCM - 6 AWG",Polaris,ISR-250,Insulated Multi-Tap Connector,CONNECTOR-Polaris-ISR-250
"Polaris IPL250-3 3-Port Black Multi-Tap Pre-Insulated Connector, 250 MCM - 6 AWG ",Polaris,IPL250-3,Insulated Multi-Tap Connector,CONNECTOR-Polaris-IPL250-3
"Polaris Black Insulated Multi-Tap Connector, 2-Port, Opposite Side Entry, 14 AWG-4 AWG",Polaris,ITO-4,Insulated Multi-Tap Connector,CONNECTOR-Polaris-ITO-4
"Polaris Black Insulated Multi-Tap Connector, 2-Port, Opposite Side Entry, 6 AWG-3/0 AWG",Polaris,ITO-3/0,Insulated Multi-Tap Connector,CONNECTOR-Polaris-ITO-3/0
"Polaris Black Insulated Multi-Tap Connector, 2-Port, Opposite Side Entry, 14 AWG-1/0 AWG",Polaris,ITO-1/0,Insulated Multi-Tap Connector,CONNECTOR-Polaris-ITO-1/0
"Polaris Black Insulated Multi-Tap Connector, 2-Port, Dual Sided Entry, 4 AWG-500 kcmil",Polaris,IT-500,Insulated Multi-Tap Connector,CONNECTOR-Polaris-IT-500
"Polaris Clear Insulated Multi-Tap Connector, 2-Port, Dual Sided Entry, 14 AWG-4 AWG",Polaris,IT-4C,Insulated Multi-Tap Connector,CONNECTOR-Polaris-IT-4C
"Polaris Black Insulated Multi-Tap Connector, 2-Port, Dual Sided Entry, 14 AWG-4 AWG",Polaris,IT-4,Insulated Multi-Tap Connector,CONNECTOR-Polaris-IT-4
"Polaris Clear Insulated Multi-Tap Connector, 2-Port, Dual Sided Entry, 10 AWG-350 kcmil",Polaris,IT-350C,Insulated Multi-Tap Connector,CONNECTOR-Polaris-IT-350C
"Polaris Black Insulated Multi-Tap Connector, 2-Port, Dual Sided Entry, 10 AWG-350 kcmil",Polaris,IT-350,Insulated Multi-Tap Connector,CONNECTOR-Polaris-IT-350
"Polaris Clear Insulated Multi-Tap Connector, 2-Port, Dual Sided Entry, 6 AWG-3/0 AWG",Polaris,IT-3/0C,Insulated Multi-Tap Connector,CONNECTOR-Polaris-IT-3/0C
"Polaris Black Insulated Multi-Tap Connector, 2-Port, Dual Sided Entry, 6 AWG-3/0 AWG",Polaris,IT-3/0,Insulated Multi-Tap Connector,CONNECTOR-Polaris-IT-3/0
"Polaris Clear Insulated Multi-Tap Connector, 2-Port, Dual Sided Entry, 6 AWG-250 kcmil",Polaris,IT-250C,Insulated Multi-Tap Connector,CONNECTOR-Polaris-IT-250C
"Polaris Black Insulated Multi-Tap Connector, 2-Port, Dual Sided Entry, 6 AWG-250 kcmil",Polaris,IT-250,Insulated Multi-Tap Connector,CONNECTOR-Polaris-IT-250
"Polaris Black Insulated Multi-Tap Connector, 2-Port, Dual Sided Entry, 14 AWG-2/0 AWG",Polaris,IT-2/0,Insulated Multi-Tap Connector,CONNECTOR-Polaris-IT-2/0
"Polaris Clear Insulated Multi-Tap Connector, 2-Port, Dual Sided Entry, 14 AWG-1/0 AWG",Polaris,IT-1/0C,Insulated Multi-Tap Connector,CONNECTOR-Polaris-IT-1/0C
"Polaris Black Insulated Multi-Tap Connector, 2-Port, Dual Sided Entry, 14 AWG-1/0 AWG",Polaris,IT-1/0,Insulated Multi-Tap Connector,CONNECTOR-Polaris-IT-1/0
"Polaris Clear Insulated In-Line Splice, 2-Port, 6 AWG-250 kcmil",Polaris,ISR-250C,Insulated Splice,CONNECTOR-Polaris-ISR-250C
"Polaris Black Insulated In-Line Splice, 2-Port, 6 AWG-250 kcmil",Polaris,ISR-250,Insulated Splice,CONNECTOR-Polaris-ISR-250
"Polaris Black Insulated Multi-Tap Connector, 3-Port, Dual Sided Entry, 3 AWG-500 kcmil",Polaris,IPLD500-3,Insulated Multi-Tap Connector,CONNECTOR-Polaris-IPLD500-3
"Polaris Black Insulated Multi-Tap Connector, 3-Port, Dual Sided Entry, 10 AWG-350 kcmil",Polaris,IPLD350-3,Insulated Multi-Tap Connector,CONNECTOR-Polaris-IPLD350-3
"Polaris Clear Insulated Multi-Tap Connector, 3-Port, Dual Sided Entry, 6 AWG-3/0 AWG",Polaris,IPLD3/0-3C,Insulated Multi-Tap Connector,CONNECTOR-Polaris-IPLD3/0-3C
"Polaris Black Insulated Multi-Tap Connector, 3-Port, Dual Sided Entry, 6 AWG-3/0 AWG",Polaris,IPLD3/0-3,Insulated Multi-Tap Connector,CONNECTOR-Polaris-IPLD3/0-3
"Polaris Black Insulated Multi-Tap Connector, 4-Port, Dual Sided Entry, 6 AWG-250 kcmil",Polaris,IPLD250-4,Insulated Multi-Tap Connector,CONNECTOR-Polaris-IPLD250-4
"Polaris Clear Insulated Multi-Tap Connector, 3-Port, Dual Sided Entry, 6 AWG-250 kcmil",Polaris,IPLD250-3C,Insulated Multi-Tap Connector,CONNECTOR-Polaris-IPLD250-3C
"Polaris Black Insulated Multi-Tap Connector, 3-Port, Dual Sided Entry, 6 AWG-250 kcmil",Polaris,IPLD250-3,Insulated Multi-Tap Connector,CONNECTOR-Polaris-IPLD250-3
"Polaris Black Insulated Multi-Tap Connector, 3-Port, Single Sided Entry, 14 AWG-4 AWG",Polaris,IPL4-3,Insulated Multi-Tap Connector,CONNECTOR-Polaris-IPL4-3
"Polaris Black Insulated Multi-Tap Connector, 3-Port, Single Sided Entry, 10 AWG-350 kcmil",Polaris,IPL350-3,Insulated Multi-Tap Connector,CONNECTOR-Polaris-IPL350-3
"Polaris Black Insulated Multi-Tap Connector, 3-Port, Single Sided Entry, 6 AWG-250 kcmil",Polaris,IPL3/0-3,Insulated Multi-Tap Connector,CONNECTOR-Polaris-IPL3/0-3
"Polaris Clear Insulated Multi-Tap Connector, 3-Port, Single Sided Entry, 6 AWG-250 kcmil",Polaris,IPL250-3C,Insulated Multi-Tap Connector,CONNECTOR-Polaris-IPL250-3C
"Polaris Black Insulated Multi-Tap Connector, 3-Port, Single Sided Entry, 6 AWG-250 kcmil",Polaris,IPL250-3,Insulated Multi-Tap Connector,CONNECTOR-Polaris-IPL250-3
"Polaris Clear Insulated Multi-Tap Connector, 4-Port, Single Sided Entry, 14 AWG-1/0 AWG",Polaris,IPL1/0-4C,Insulated Multi-Tap Connector,CONNECTOR-Polaris-IPL1/0-4C
"Polaris Clear Insulated Multi-Tap Connector, 3-Port, Single Sided Entry, 14 AWG-1/0 AWG",Polaris,IPL1/0-3C,Insulated Multi-Tap Connector,CONNECTOR-Polaris-IPL1/0-3C
"Polaris Black Insulated Multi-Tap Connector, 3-Port, Single Sided Entry, 14 AWG-1/0 AWG",Polaris,IPL1/0-3,Insulated Multi-Tap Connector,CONNECTOR-Polaris-IPL1/0-3
"Topaz 3/4 in Non-Metallic Cable Connector, Button Style",Topaz,459,Non-Metallic Cable Connector,CONNECTOR-Topaz-459
Topaz 2 in 2-Screw Clamp Connector,Topaz,146R,2-Screw Clamp Connector,CONNECTOR-Topaz-146R
Topaz 1-1/2 in 2-Screw Clamp Connector,Topaz,145R,2-Screw Clamp Connector,CONNECTOR-Topaz-145R
Topaz 1 in 2-Screw Clamp Connector,Topaz,143R,2-Screw Clamp Connector,CONNECTOR-Topaz-143R
Topaz 2 in 2-Screw Clamp Connector,Topaz,952,2-Screw Clamp Connector,CONNECTOR-Topaz-952
Topaz 1 in 2-Screw Clamp Connector,Topaz,143R,2-Screw Clamp Connector,CONNECTOR-Topaz-143R
"Wago Push Wire Push-In Wire Connector, 10 AWG, 3-port",Wago,773-173,Push-in Connector,CONNECTOR-Wago-773-173
