Description,Manufacturer,Part Number,Consumable Type,Consumable Size,BRSID
"3M Corrosion Protection Tape, Scotchwrap, 2 in x 100 ft",3M,7000005812,Corrosion Protection Tape,"Scotchwrap, 2 in x 100 ft",CONSUMABLES-3M-7000005812
"3M Corrosion Protection Tape, Temflex, 2 in x 100 ft",3M,7000005813,Corrosion Protection Tape,"Temflex, 2 in x 100 ft",CONSUMABLES-3M-7000005813
"3M Corrosion Protection Tape, 2 in x 100 ft",3M,1100P-2X100FT,Corrosion Protection Tape,2 in x 100 ft,CONSUMABLES-3M-1100P-2X100FT
"3M Corrosion Protection Tape, 100 Ft",3M,1100UP-2X100FT,Corrosion Protection Tape,100 Ft,CONSUMABLES-3M-1100UP-2X100FT
"3M Corrosion Protection Tape, Black",3M,50-UNPRINTED-2x100FT-BULK,Corrosion Protection Tape,Black,CONSUMABLES-3M-50-UNPRINTED-2x100FT-BULK
"3M Corrosion Protection Tape, 100 Ft",3M,50UP-4X100FT-K,Corrosion Protection Tape,100 Ft,CONSUMABLES-3M-50UP-4X100FT-K
"3M Corrosion Protection Tape, 100 Ft",3M,51-UNPRINTED-4x100FT,Corrosion Protection Tape,100 Ft,CONSUMABLES-3M-51-UNPRINTED-4x100FT
3M Corrosion Protection Tape,3M,51UP-4X100FT,Corrosion Protection Tape,,CONSUMABLES-3M-51UP-4X100FT
3M Corrosion Protection Tape,3M,SCOTCHKOTEFD,Corrosion Protection Tape,,CONSUMABLES-3M-SCOTCHKOTEFD
"3M Duct Seal, 1 lb",3M,T6-202-1,Duct Seal,1 lb,CONSUMABLES-3M-T6-202-1
3M Expanding Foam,3M,7100006734,Expanding Foam,,CONSUMABLES-3M-7100006734
"3M Expanding Foam, 12 oz",3M,FB-FOAM,Expanding Foam,12 oz,CONSUMABLES-3M-FB-FOAM
3M Fire Barrier Putty,3M,MP+Stick,Fire Barrier Putty,,CONSUMABLES-3M-MP+Stick
3M Fire Barrier Putty,3M,"MPP+7""x7""",Fire Barrier Putty,,"CONSUMABLES-3M-MPP+7""x7"""
3M Fire Barrier Sealant,3M,CP-25WB+,Fire Barrier Sealant,,CONSUMABLES-3M-CP-25WB+
"3M Foil Tape, Silver",3M,3311-50A,Foil Tape,Silver,CONSUMABLES-3M-3311-50A
"3M Duct Tape, Heavy Duty",3M,3939,Duct Tape,Heavy Duty,CONSUMABLES-3M-3939
"3M Duct Tape, Silver",3M,7000028933,Duct Tape,Silver,CONSUMABLES-3M-7000028933
"3M Duct Tape, Black",3M,DT18SL,Duct Tape,Black,CONSUMABLES-3M-DT18SL
"American Polywater Wipes, 72 Count",American Polywater,HTC-D72,Wipes,72 Count,CONSUMABLES-American-Polywater-HTC-D72
"American Polywater Wire Lubricant, 1 qt",American Polywater,J-35,Wire Lubricant,1 qt,CONSUMABLES-American-Polywater-J-35
"Appleton Duct Seal, 1 lb",Appleton,DC10,Duct Seal,1 lb,CONSUMABLES-Appleton-DC10
"Arlington Duct Seal, 2 lb",Arlington,DSC1,Duct Seal,2 lb,CONSUMABLES-Arlington-DSC1
"Arlington Duct Seal, 5 lb",Arlington,DSC5,Duct Seal,5 lb,CONSUMABLES-Arlington-DSC5
"Brady Label Printer Tape, 1 in",Brady,M21-1000-427,Label Printer Tape,1 in,CONSUMABLES-Brady-M21-1000-427
"Brady Label Printer Tape, 1/2 in x 21 ft",Brady,M21-500-430,Label Printer Tape,1/2 in x 21 ft,CONSUMABLES-Brady-M21-500-430
"Brady Label Printer Tape, 1/2 in x 21 ft",Brady,M21-500-423,Label Printer Tape,1/2 in x 21 ft,CONSUMABLES-Brady-M21-500-423
"Brady Label Printer Tape, 3/16 in x 1 in",Brady,M-187-1-342,Label Printer Tape,3/16 in x 1 in,CONSUMABLES-Brady-M-187-1-342
"Brady Label Printer Tape, 3/4 in x 10 ft",Brady,M21-750-414,Label Printer Tape,3/4 in x 10 ft,CONSUMABLES-Brady-M21-750-414
"Brady Label Printer Tape, 3/4 in x 21 ft",Brady,M21-750-595-WT,Label Printer Tape,3/4 in x 21 ft,CONSUMABLES-Brady-M21-750-595-WT
"Brady Label Printer Tape, 3/4 in x 21 ft",Brady,M21-750-595-RD,Label Printer Tape,3/4 in x 21 ft,CONSUMABLES-Brady-M21-750-595-RD
"Brady Label Printer Tape, 3/4 in x 21 ft",Brady,M21-750-595-OR,Label Printer Tape,3/4 in x 21 ft,CONSUMABLES-Brady-M21-750-595-OR
"Brady Label Printer Tape, 3/4 in x 80 ft",Brady,M-187-075-342,Label Printer Tape,3/4 in x 80 ft,CONSUMABLES-Brady-M-187-075-342
"Brady Label Printer Tape, 3/8 in x 21 ft",Brady,M21-375-595-WT,Label Printer Tape,3/8 in x 21 ft,CONSUMABLES-Brady-M21-375-595-WT
"Brady Label Printer Tape, 3/8 in x 21 ft",Brady,M21-375-430,Label Printer Tape,3/8 in x 21 ft,CONSUMABLES-Brady-M21-375-430
"Brady Label Printer Tape, White On Red",Brady,M21-500-595-RD,Label Printer Tape,White On Red,CONSUMABLES-Brady-M21-500-595-RD
Brady Label Printer Tape,Brady,M21-500-595-WT,Label Printer Tape,,CONSUMABLES-Brady-M21-500-595-WT
Brady Label Printer Tape,Brady,M21-750-499,Label Printer Tape,,CONSUMABLES-Brady-M21-750-499
Brady Label Printer Tape,Brady,M-91-427,Label Printer Tape,,CONSUMABLES-Brady-M-91-427
Brady Label Printer Tape,Brady,M21-375-C-342,Label Printer Tape,,CONSUMABLES-Brady-M21-375-C-342
Brady Label Printer Tape,Brady,M21-500-499,Label Printer Tape,,CONSUMABLES-Brady-M21-500-499
Brady Label Printer Tape,Brady,R6200,Label Printer Tape,,CONSUMABLES-Brady-R6200
Brady Label Printer Tape,Brady,M21-1500-427,Label Printer Tape,,CONSUMABLES-Brady-M21-1500-427
Brady Label Printer Tape,Brady,M21-750-595-YL,Label Printer Tape,,CONSUMABLES-Brady-M21-750-595-YL
Brady Label Printer Tape,Brady,M21-750-423,Label Printer Tape,,CONSUMABLES-Brady-M21-750-423
Brady Label Printer Tape,Brady,M21-750-427,Label Printer Tape,,CONSUMABLES-Brady-M21-750-427
"Bridgeport Duct Seal, 2 lb",Bridgeport,DS-100,Duct Seal,2 lb,CONSUMABLES-Bridgeport-DS-100
"Bridgeport Duct Seal, 5 lb",Bridgeport,DS-500,Duct Seal,5 lb,CONSUMABLES-Bridgeport-DS-500
"Brother Label Printer Tape, 1/2 in",Brother,TZE-FX231,Label Printer Tape,1/2 in,CONSUMABLES-Brother-TZE-FX231
"Brother Label Printer Tape, 12 mm",Brother,BRTTZE231,Label Printer Tape,12 mm,CONSUMABLES-Brother-BRTTZE231
Brother Label Printer Tape,Brother,TZE221,Label Printer Tape,,CONSUMABLES-Brother-TZE221
Brother Label Printer Tape,Brother,TZE141,Label Printer Tape,,CONSUMABLES-Brother-TZE141
Brother Label Printer Tape,Brother,TZ241,Label Printer Tape,,CONSUMABLES-Brother-TZ241
Brother Label Printer Tape,Brother,TZE641,Label Printer Tape,,CONSUMABLES-Brother-TZE641
Brother Label Printer Tape,Brother,TZE121,Label Printer Tape,,CONSUMABLES-Brother-TZE121
"Burndy Anti-Oxidant Compound, 8 oz",Burndy,P8A,Anti-Oxidant Compound,8 oz,CONSUMABLES-Burndy-P8A
"Burndy Anti-Oxidant Compound, 4 oz",Burndy,PENA4,Anti-Oxidant Compound,4 oz,CONSUMABLES-Burndy-PENA4
"Carlon PVC Cement, 1 Pint",Carlon,MVC9963,PVC Cement,1 Pint,CONSUMABLES-Carlon-MVC9963
"Carlon PVC Cement, 1 Quart",Carlon,VC9962,PVC Cement,1 Quart,CONSUMABLES-Carlon-VC9962
"Carlon PVC Cement, 1 Quart",Carlon,VC9982,PVC Cement,1 Quart,CONSUMABLES-Carlon-VC9982
"Carlon PVC Cement, 1 Pint",Carlon,VC9983,PVC Cement,1 Pint,CONSUMABLES-Carlon-VC9983
"Carlon PVC Cement, 1/2 Pint",Carlon,VC9984,PVC Cement,1/2 Pint,CONSUMABLES-Carlon-VC9984
"Carlon PVC Cement, 1 Quart, Low VOC",Carlon,VC9LV2,PVC Cement,"1 Quart, Low VOC",CONSUMABLES-Carlon-VC9LV2
"Carlon PVC Primer, 1 Quart",Carlon,VC9902,PVC Primer,1 Quart,CONSUMABLES-Carlon-VC9902
"Chem Link Roof Sealant, 10.1 oz",Chem Link,F1212,Roof Sealant,10.1 oz,CONSUMABLES-Chem-Link-F1212
"Chem Link Roof Sealant, 10.1 oz, Clear",Chem Link,F1212-CL,Roof Sealant,"10.1 oz, Clear",CONSUMABLES-Chem-Link-F1212-CL
"Chem Link Roof Sealant, 10.1 oz, Gray",Chem Link,F1260-GR,Roof Sealant,"10.1 oz, Gray",CONSUMABLES-Chem-Link-F1260-GR
"Chem Link Roof Sealant, 10.1 oz, White",Chem Link,F1260-WH,Roof Sealant,"10.1 oz, White",CONSUMABLES-Chem-Link-F1260-WH
"Chem Link Roof Sealant, 10.1 oz, Black",Chem Link,F1263-BL,Roof Sealant,"10.1 oz, Black",CONSUMABLES-Chem-Link-F1263-BL
"Chem Link Roof Sealant, 10.1 oz, Gray",Chem Link,F1263-GR,Roof Sealant,"10.1 oz, Gray",CONSUMABLES-Chem-Link-F1263-GR
"Chem Link Roof Sealant, 10.1 oz, White",Chem Link,F1263-WH,Roof Sealant,"10.1 oz, White",CONSUMABLES-Chem-Link-F1263-WH
"Chem Link Roof Sealant, 10.1 oz, Black",Chem Link,F1270-BL,Roof Sealant,"10.1 oz, Black",CONSUMABLES-Chem-Link-F1270-BL
"Chem Link Roof Sealant, 10.1 oz, Dark Bronze",Chem Link,F1270-DB,Roof Sealant,"10.1 oz, Dark Bronze",CONSUMABLES-Chem-Link-F1270-DB
"Chem Link Roof Sealant, 10.1 oz, Gray",Chem Link,F1270-GR,Roof Sealant,"10.1 oz, Gray",CONSUMABLES-Chem-Link-F1270-GR
"Chem Link Roof Sealant, 10.1 oz",Chem Link,F1270-WH,Roof Sealant,10.1 oz,CONSUMABLES-Chem-Link-F1270-WH
"Chem Link Roof Sealant, 10.1 oz",Chem Link,F1428-GR,Roof Sealant,10.1 oz,CONSUMABLES-Chem-Link-F1428-GR
"CRC Industries Dielectric Grease, 6 oz",CRC Industries,02085,Dielectric Grease,6 oz,CONSUMABLES-CRC-Industries-02085
"CRC Industries Expanding Foam, 16 oz",CRC Industries,14077,Expanding Foam,16 oz,CONSUMABLES-CRC-Industries-14077
CRC Industries Galvanizing Compound,CRC Industries,18412,Galvanizing Compound,,CONSUMABLES-CRC-Industries-18412
"CRC Industries Multi-Purpose Lubricant, 16 oz",CRC Industries,3044,Multi-Purpose Lubricant,16 oz,CONSUMABLES-CRC-Industries-3044
"CRC Industries Multi-Purpose Lubricant, 11 oz",CRC Industries,3060,Multi-Purpose Lubricant,11 oz,CONSUMABLES-CRC-Industries-3060
"CRC Industries Multi-Purpose Lubricant, 16 oz",CRC Industries,02005,Multi-Purpose Lubricant,16 oz,CONSUMABLES-CRC-Industries-02005
"CRC Industries Multi-Purpose Lubricant, 11 oz",CRC Industries,03005,Multi-Purpose Lubricant,11 oz,CONSUMABLES-CRC-Industries-03005
"CRC Industries Sealant, Clear",CRC Industries,14055,Sealant,Clear,CONSUMABLES-CRC-Industries-14055
"CRC Industries Sealant, 6.5 oz, White",CRC Industries,14056,Sealant,"6.5 oz, White",CONSUMABLES-CRC-Industries-14056
"CRC Industries Sealant, 10.1 oz, Clear",CRC Industries,14073,Sealant,"10.1 oz, Clear",CONSUMABLES-CRC-Industries-14073
"CRC Industries Spray Paint, Blue",CRC Industries,18002,Spray Paint,Blue,CONSUMABLES-CRC-Industries-18002
"CRC Industries Spray Paint, White",CRC Industries,18006,Spray Paint,White,CONSUMABLES-CRC-Industries-18006
"CRC Industries Cutting Oil, 12 oz",CRC Industries,14050,Cutting Oil,12 oz,CONSUMABLES-CRC-Industries-14050
"CRC Industries Aerosol Duster, 8 oz",CRC Industries,14085,Aerosol Duster,8 oz,CONSUMABLES-CRC-Industries-14085
"Crystal Geyser Water, Pack",Crystal Geyser,WATER,Water,Pack,CONSUMABLES-Crystal-Geyser-WATER
Cully Corrosion Protection Tape,Cully,94434,Corrosion Protection Tape,,CONSUMABLES-Cully-94434
"Cully Duct Seal, 3 lb",Cully,14300,Duct Seal,3 lb,CONSUMABLES-Cully-14300
Cully Expanding Foam,Cully,96060,Expanding Foam,,CONSUMABLES-Cully-96060
"Cully Rags, 4 lb",Cully,37580,Rags,4 lb,CONSUMABLES-Cully-37580
"Cully Rags, 5 lb",Cully,37582,Rags,5 lb,CONSUMABLES-Cully-37582
"Cully Roof Cement, 10.3 oz",Cully,96010,Roof Cement,10.3 oz,CONSUMABLES-Cully-96010
"Cully Roof Cement, 8 oz",Cully,96070,Roof Cement,8 oz,CONSUMABLES-Cully-96070
"Cully Sealant, 10 oz",Cully,37531,Sealant,10 oz,CONSUMABLES-Cully-37531
"Cully Sealant, 10 oz, Clear",Cully,37530,Sealant,"10 oz, Clear",CONSUMABLES-Cully-37530
"Cully Lumber Crayon, Blue",Cully,67404,Lumber Crayon,Blue,CONSUMABLES-Cully-67404
"Cully Lumber Crayon, Red",Cully,67400,Lumber Crayon,Red,CONSUMABLES-Cully-67400
"Cully Lumber Crayon, Yellow",Cully,67402,Lumber Crayon,Yellow,CONSUMABLES-Cully-67402
Cully Lumber Crayon,Cully,67405,Lumber Crayon,,CONSUMABLES-Cully-67405
"Devcon Sealant, 10.3 oz",Devcon,17150,Sealant,10.3 oz,CONSUMABLES-Devcon-17150
"DeWalt Marking Chalk, Red, 5 lb",DeWalt,DWHT47059,Marking Chalk,"Red, 5 lb",CONSUMABLES-DeWalt-DWHT47059
"Dixon Lumber Crayon, 12 piece",Dixon,49600,Lumber Crayon,12 piece,CONSUMABLES-Dixon-49600
"Dixon Lumber Crayon, Red, 12 piece",Dixon,52000,Lumber Crayon,"Red, 12 piece",CONSUMABLES-Dixon-52000
"Dixon Lumber Crayon, Blue",Dixon,52100,Lumber Crayon,Blue,CONSUMABLES-Dixon-52100
Dixon Lumber Crayon,Dixon,DX52000,Lumber Crayon,,CONSUMABLES-Dixon-DX52000
"Duracell Disposable Batteries, AAA",Duracell,DURAAA18,Disposable Batteries,AAA,CONSUMABLES-Duracell-DURAAA18
"Duracell Disposable Batteries, AA",Duracell,DURAA18,Disposable Batteries,AA,CONSUMABLES-Duracell-DURAA18
"Duracell Disposable Batteries, AA",Duracell,QU1500B4Z,Disposable Batteries,AA,CONSUMABLES-Duracell-QU1500B4Z
"Duracell Disposable Batteries, AA",Duracell,MN1500B4,Disposable Batteries,AA,CONSUMABLES-Duracell-MN1500B4
"Duracell Disposable Batteries, AAA",Duracell,MN2400B4,Disposable Batteries,AAA,CONSUMABLES-Duracell-MN2400B4
"Duracell Disposable Batteries, AAA",Duracell,PC2400BKD,Disposable Batteries,AAA,CONSUMABLES-Duracell-PC2400BKD
"Dymo Label Printer Tape, 3/4 in",Dymo,622290,Label Printer Tape,3/4 in,CONSUMABLES-Dymo-622290
"Dymon Wipes, 85 Count",Dymon,90985DY,Wipes,85 Count,CONSUMABLES-Dymon-90985DY
"Energizer Disposable Batteries, AA",Energizer,EN91,Disposable Batteries,AA,CONSUMABLES-Energizer-EN91
"Energizer Disposable Batteries, AAA",Energizer,EN92,Disposable Batteries,AAA,CONSUMABLES-Energizer-EN92
"Epco Duct Seal, 5 lb",Epco,EPD1,Duct Seal,5 lb,CONSUMABLES-Epco-EPD1
"Epco Duct Seal, 6 lb",Epco,EPD5,Duct Seal,6 lb,CONSUMABLES-Epco-EPD5
"Eveready Disposable Batteries, AA",Eveready,L91BP-2,Disposable Batteries,AA,CONSUMABLES-Eveready-L91BP-2
Expo Marker,Expo,80661C,Marker,,CONSUMABLES-Expo-80661C
"Expo Marker, Black, 4-Pack",Expo,86661,Marker,"Black, 4-Pack",CONSUMABLES-Expo-86661
"Fastening Specialists Lumber Crayon, Blue",Fastening Specialists,62701,Lumber Crayon,Blue,CONSUMABLES-Fastening-Specialists-62701
Gardner Bender Duct Seal,Gardner Bender,DS-110,Duct Seal,,CONSUMABLES-Gardner-Bender-DS-110
Gardner Bender Duct Seal,Gardner Bender,DUCT SEAL PUTTY,Duct Seal,,CONSUMABLES-Gardner-Bender-DUCT-SEAL-PUTTY
Gem Chalk,Gem,CHALKBLUE,Chalk,,CONSUMABLES-Gem-CHALKBLUE
Generic Corrosion Protection Tape,Generic,RMC CORROSION TAPE,Corrosion Protection Tape,,CONSUMABLES-Generic-RMC-CORROSION-TAPE
Generic Garbage Bags,Generic,TRASH BAG,Garbage Bags,,CONSUMABLES-Generic-TRASH-BAG
Generic Hand Cleaner,Generic,0955-04,Hand Cleaner,,CONSUMABLES-Generic-0955-04
"Generic PVC Cement, 1 Quart",Generic,QUART,PVC Cement,1 Quart,CONSUMABLES-Generic-QUART
Generic Roof Sealant,Generic,GC66900,Roof Sealant,,CONSUMABLES-Generic-GC66900
"Genuine Joe Garbage Bags, 55 Gal",Genuine Joe,GJO-70343,Garbage Bags,55 Gal,CONSUMABLES-Genuine-Joe-GJO-70343
"Geocel Roof Sealant, White",Geocel,GC55101,Roof Sealant,White,CONSUMABLES-Geocel-GC55101
"Geocel Roof Sealant, 10 oz",Geocel,GC55103,Roof Sealant,10 oz,CONSUMABLES-Geocel-GC55103
Geocel Roof Sealant,Geocel,GC62700,Roof Sealant,,CONSUMABLES-Geocel-GC62700
"Geocel Roof Sealant, Clear",Geocel,GC66100,Roof Sealant,Clear,CONSUMABLES-Geocel-GC66100
"Geocel Roof Sealant, 10.3 oz",Geocel,GC66803,Roof Sealant,10.3 oz,CONSUMABLES-Geocel-GC66803
Great Stuff Expanding Foam,Great Stuff,19160,Expanding Foam,,CONSUMABLES-Great-Stuff-19160
Great Stuff Pro Expanding Foam,Great Stuff Pro,GREAT STUFF XL FOAM,Expanding Foam,,CONSUMABLES-Great-Stuff-Pro-GREAT-STUFF-XL-FOAM
"Grip-Rite Garbage Bags, 42 Gal",Grip-Rite,GRHDCBAG20,Garbage Bags,42 Gal,CONSUMABLES-Grip-Rite-GRHDCBAG20
Hagemeyer Garbage Bags,Hagemeyer,MOD129342,Garbage Bags,,CONSUMABLES-Hagemeyer-MOD129342
"Harger Adhesive, 10 oz",Harger,M1-10OZ-B,Adhesive,10 oz,CONSUMABLES-Harger-M1-10OZ-B
"Henry Sealant, 10.3 oz",Henry,209,Sealant,10.3 oz,CONSUMABLES-Henry-209
Home Depot Garbage Bags,Home Depot,HMD792695,Garbage Bags,,CONSUMABLES-Home-Depot-HMD792695
"Husky Garbage Bags, 42 Gal",Husky,HUSKYBAGS,Garbage Bags,42 Gal,CONSUMABLES-Husky-HUSKYBAGS
"Ideal Wire Lubricant, 1 qt",Ideal,31-388,Wire Lubricant,1 qt,CONSUMABLES-Ideal-31-388
"Ideal Wire Lubricant, 1 qt",Ideal,31-378,Wire Lubricant,1 qt,CONSUMABLES-Ideal-31-378
"Ideal Wire Lubricant, 1 qt",Ideal,31-358,Wire Lubricant,1 qt,CONSUMABLES-Ideal-31-358
"Ideal Wire Lubricant, 1 gal",Ideal,31-381,Wire Lubricant,1 gal,CONSUMABLES-Ideal-31-381
"Ideal Industries Anti-Oxidant Compound, 4 oz",Ideal Industries,30-026,Anti-Oxidant Compound,4 oz,CONSUMABLES-Ideal-Industries-30-026
"Ideal Industries Anti-Oxidant Compound, 8 oz",Ideal Industries,30-030,Anti-Oxidant Compound,8 oz,CONSUMABLES-Ideal-Industries-30-030
"Ideal Industries Anti-Oxidant Compound, 8 oz",Ideal Industries,30-031,Anti-Oxidant Compound,8 oz,CONSUMABLES-Ideal-Industries-30-031
Ideal Industries Corrosion Protection Tape,Ideal Industries,46-50-UNPRINT-2,Corrosion Protection Tape,,CONSUMABLES-Ideal-Industries-46-50-UNPRINT-2
"Ideal Industries Duct Seal, 1 lb",Ideal Industries,31-601,Duct Seal,1 lb,CONSUMABLES-Ideal-Industries-31-601
"Ideal Industries Duct Seal, 5 lb",Ideal Industries,31-605,Duct Seal,5 lb,CONSUMABLES-Ideal-Industries-31-605
"Ideal Industries Wipes, 82 Count",Ideal Industries,38-500,Wipes,82 Count,CONSUMABLES-Ideal-Industries-38-500
"Ilsco Anti-Oxidant Compound, 4 oz",Ilsco,DE-OX-4OZ,Anti-Oxidant Compound,4 oz,CONSUMABLES-Ilsco-DE-OX-4OZ
"Ilsco Anti-Oxidant Compound, 8 oz",Ilsco,DE-OX-8OZ,Anti-Oxidant Compound,8 oz,CONSUMABLES-Ilsco-DE-OX-8OZ
"Ilsco Duct Seal, 7 lb",Ilsco,DS-1,Duct Seal,7 lb,CONSUMABLES-Ilsco-DS-1
"IPEX PVC Cement, 1 Pint",IPEX,074714,PVC Cement,1 Pint,CONSUMABLES-IPEX-074714
"IPEX PVC Cement, 1 Quart",IPEX,078885,PVC Cement,1 Quart,CONSUMABLES-IPEX-078885
IronRidge Pencil,IronRidge,PENCIL,Pencil,,CONSUMABLES-IronRidge-PENCIL
"Irwin Marking Chalk, Red",Irwin,502-201,Marking Chalk,Red,CONSUMABLES-Irwin-502-201
Irwin Pencil,Irwin,66305SL,Pencil,,CONSUMABLES-Irwin-66305SL
Irwin Tools Chalk,Irwin Tools,64901,Chalk,,CONSUMABLES-Irwin-Tools-64901
"Keson Lumber Crayon, Red",Keson,LCRED,Lumber Crayon,Red,CONSUMABLES-Keson-LCRED
"Keson Lumber Crayon, Yellow",Keson,LCYELLOW,Lumber Crayon,Yellow,CONSUMABLES-Keson-LCYELLOW
Keystone Shoe Cover,Keystone,SC-NWI-NS-XL-WB,Shoe Cover,,CONSUMABLES-Keystone-SC-NWI-NS-XL-WB
"Kirkland Water, Pack",Kirkland,WATER,Water,Pack,CONSUMABLES-Kirkland-WATER
"Klein Wire Lubricant, 1 qt",Klein,51028,Wire Lubricant,1 qt,CONSUMABLES-Klein-51028
"Klein Wire Lubricant, 4 qt",Klein,51100,Wire Lubricant,4 qt,CONSUMABLES-Klein-51100
"Klein Marker, Black",Klein,98554,Marker,Black,CONSUMABLES-Klein-98554
"Klein Pencil, Pencil",Klein,98557,Pencil,Pencil,CONSUMABLES-Klein-98557
Klein Tools Wipes,Klein Tools,51425,Wipes,,CONSUMABLES-Klein-Tools-51425
Kraloy PVC Cement,Kraloy,CEMENT-1/2PT,PVC Cement,,CONSUMABLES-Kraloy-CEMENT-1/2PT
"Kraloy PVC Cement, 1 Pint",Kraloy,CEMENTCLRPT,PVC Cement,1 Pint,CONSUMABLES-Kraloy-CEMENTCLRPT
Krylon Galvanizing Compound,Krylon,S00740,Galvanizing Compound,,CONSUMABLES-Krylon-S00740
Krylon Multi-Purpose Lubricant,Krylon,S00711,Multi-Purpose Lubricant,,CONSUMABLES-Krylon-S00711
"Krylon Sealant, 10 oz",Krylon,W11121010,Sealant,10 oz,CONSUMABLES-Krylon-W11121010
"Krylon Sealant, 10 oz",Krylon,W11124510,Sealant,10 oz,CONSUMABLES-Krylon-W11124510
"Krylon Sealant, 10oz",Krylon,WL09010,Sealant,10oz,CONSUMABLES-Krylon-WL09010
"Krylon Sealant, 10 oz",Krylon,WL09210,Sealant,10 oz,CONSUMABLES-Krylon-WL09210
"Krylon Sealant, 10 oz",Krylon,WL099110C,Sealant,10 oz,CONSUMABLES-Krylon-WL099110C
"Krylon Spray Paint, Black",Krylon,A04412,Spray Paint,Black,CONSUMABLES-Krylon-A04412
"Krylon Marking Paint, Orange",Krylon,S03700,Marking Paint,Orange,CONSUMABLES-Krylon-S03700
"Krylon Marking Paint, Green",Krylon,A03630004,Marking Paint,Green,CONSUMABLES-Krylon-A03630004
"Krylon Marking Paint, Orange",Krylon,37468,Marking Paint,Orange,CONSUMABLES-Krylon-37468
"Krylon Spray Paint, Green",Krylon,A04408,Spray Paint,Green,CONSUMABLES-Krylon-A04408
"Krylon Spray Paint, Black",Krylon,S01770,Spray Paint,Black,CONSUMABLES-Krylon-S01770
"Krylon Marking Paint, Red",Krylon,A03610004,Marking Paint,Red,CONSUMABLES-Krylon-A03610004
"Krylon Spray Paint, White",Krylon,R00929,Spray Paint,White,CONSUMABLES-Krylon-R00929
"Krylon Spray Paint, Blue",Krylon,S01510,Spray Paint,Blue,CONSUMABLES-Krylon-S01510
"Krylon Paint Marker, Yellow",Krylon,K01813,Paint Marker,Yellow,CONSUMABLES-Krylon-K01813
"Krylon Paint Marker, Pink",Krylon,S03612,Paint Marker,Pink,CONSUMABLES-Krylon-S03612
"Krylon Paint Marker, White",Krylon,S03900,Paint Marker,White,CONSUMABLES-Krylon-S03900
"Lenox Cutting Oil, 6 oz",Lenox,68040LNX,Cutting Oil,6 oz,CONSUMABLES-Lenox-68040LNX
"LH Dottie Corrosion Protection Tape, 3 in x 100 ft",LH Dottie,210,Corrosion Protection Tape,3 in x 100 ft,CONSUMABLES-LH-Dottie-210
"LH Dottie Duct Seal, 8 lb",LH Dottie,LHD1,Duct Seal,8 lb,CONSUMABLES-LH-Dottie-LHD1
"LH Dottie Duct Seal, 5 lb",LH Dottie,LHD5,Duct Seal,5 lb,CONSUMABLES-LH-Dottie-LHD5
LH Dottie Expanding Foam,LH Dottie,HF340,Expanding Foam,,CONSUMABLES-LH-Dottie-HF340
"LH Dottie Galvanizing Compound, 13 oz",LH Dottie,7007,Galvanizing Compound,13 oz,CONSUMABLES-LH-Dottie-7007
"LH Dottie Garbage Bags, 42 Gal",LH Dottie,B42,Garbage Bags,42 Gal,CONSUMABLES-LH-Dottie-B42
"LH Dottie PVC Cement, 16 oz",LH Dottie,PV16CL,PVC Cement,16 oz,CONSUMABLES-LH-Dottie-PV16CL
"LH Dottie Roof Sealant, 10.5 oz",LH Dottie,RKM10,Roof Sealant,10.5 oz,CONSUMABLES-LH-Dottie-RKM10
"LH Dottie Sealant, 10.3 oz",LH Dottie,RTV10,Sealant,10.3 oz,CONSUMABLES-LH-Dottie-RTV10
"LH Dottie Sealant, 10.3 oz",LH Dottie,RTV10W,Sealant,10.3 oz,CONSUMABLES-LH-Dottie-RTV10W
"LH Dottie Sealant, 2.8 oz",LH Dottie,RTV3,Sealant,2.8 oz,CONSUMABLES-LH-Dottie-RTV3
"LH Dottie Sealant, 8.8 oz",LH Dottie,RTV8,Sealant,8.8 oz,CONSUMABLES-LH-Dottie-RTV8
"LH Dottie Shoe Cover, Universal",LH Dottie,SC,Shoe Cover,Universal,CONSUMABLES-LH-Dottie-SC
"LH Dottie Shop Towels, 100 Count",LH Dottie,MDT,Shop Towels,100 Count,CONSUMABLES-LH-Dottie-MDT
"LH Dottie Rags, 2 lb",LH Dottie,RGZ2,Rags,2 lb,CONSUMABLES-LH-Dottie-RGZ2
"LH Dottie Rags, 5 lb",LH Dottie,RGZ5,Rags,5 lb,CONSUMABLES-LH-Dottie-RGZ5
"LH Dottie Wipes, 75 Count",LH Dottie,TT75,Wipes,75 Count,CONSUMABLES-LH-Dottie-TT75
"LH Dottie Spray Paint, Black, Rust Proof",LH Dottie,306,Spray Paint,"Black, Rust Proof",CONSUMABLES-LH-Dottie-306
"LH Dottie Marking Paint, Green",LH Dottie,274,Marking Paint,Green,CONSUMABLES-LH-Dottie-274
"LH Dottie Spray Paint, Black, Rust Proof",LH Dottie,312,Spray Paint,"Black, Rust Proof",CONSUMABLES-LH-Dottie-312
"LH Dottie Marking Paint, Red",LH Dottie,246,Marking Paint,Red,CONSUMABLES-LH-Dottie-246
"LH Dottie Marking Paint, Red",LH Dottie,261,Marking Paint,Red,CONSUMABLES-LH-Dottie-261
"LH Dottie Marking Paint, Yellow",LH Dottie,1382,Marking Paint,Yellow,CONSUMABLES-LH-Dottie-1382
"LH Dottie Spray Paint, Blue",LH Dottie,227,Spray Paint,Blue,CONSUMABLES-LH-Dottie-227
"Lh Dottie Spray Paint, White, Rust Proof",Lh Dottie,307,Spray Paint,"White, Rust Proof",CONSUMABLES-Lh-Dottie-307
"LH Dottie Marking Paint, Pink",LH Dottie,249,Marking Paint,Pink,CONSUMABLES-LH-Dottie-249
"LH Dottie Cutting Oil, 16 oz",LH Dottie,890,Cutting Oil,16 oz,CONSUMABLES-LH-Dottie-890
"Lh Dottie Disposable Batteries, 9V",Lh Dottie,PC1604TC12,Disposable Batteries,9V,CONSUMABLES-Lh-Dottie-PC1604TC12
LH Dottie Duct Tape,LH Dottie,DT260,Duct Tape,,CONSUMABLES-LH-Dottie-DT260
"Lh Dottie Lumber Crayon, Black",Lh Dottie,DCBLK3P,Lumber Crayon,Black,CONSUMABLES-Lh-Dottie-DCBLK3P
"Lh Dottie Lumber Crayon, Blue",Lh Dottie,DCB3P,Lumber Crayon,Blue,CONSUMABLES-Lh-Dottie-DCB3P
"Lh Dottie Lumber Crayon, Red",Lh Dottie,DCR3P,Lumber Crayon,Red,CONSUMABLES-Lh-Dottie-DCR3P
"Lh Dottie Lumber Crayon, Yellow",Lh Dottie,DCY3P,Lumber Crayon,Yellow,CONSUMABLES-Lh-Dottie-DCY3P
"Markal Lumber Crayon, Blue",Markal,613-407,Lumber Crayon,Blue,CONSUMABLES-Markal-613-407
"Markal Lumber Crayon, Red",Markal,613-402,Lumber Crayon,Red,CONSUMABLES-Markal-613-402
"Markal Lumber Crayon, Yellow",Markal,613-403,Lumber Crayon,Yellow,CONSUMABLES-Markal-613-403
Markal Lumber Crayon,Markal,080322,Lumber Crayon,,CONSUMABLES-Markal-080322
Markal Lumber Crayon,Markal,048615803227,Lumber Crayon,,CONSUMABLES-Markal-048615803227
Markal Lumber Crayon,Markal,048615803210,Lumber Crayon,,CONSUMABLES-Markal-048615803210
Markal Lumber Crayon,Markal,080321,Lumber Crayon,,CONSUMABLES-Markal-080321
"Markal Marker, Red",Markal,449540,Marker,Red,CONSUMABLES-Markal-449540
Markal Marker,Markal,741187,Marker,,CONSUMABLES-Markal-741187
"Markal Marker, Red",Markal,096822,Marker,Red,CONSUMABLES-Markal-096822
"Markal Marker, 6 Piece",Markal,613-601,Marker,6 Piece,CONSUMABLES-Markal-613-601
Markal Marker,Markal,613-703,Marker,,CONSUMABLES-Markal-613-703
Markal Marker,Markal,613-704,Marker,,CONSUMABLES-Markal-613-704
"Markal Lumber Crayon, Red",Markal,LC-RD,Lumber Crayon,Red,CONSUMABLES-Markal-LC-RD
"Markal Lumber Crayon, Yellow",Markal,LC-YW,Lumber Crayon,Yellow,CONSUMABLES-Markal-LC-YW
Mediline Shoe Cover,Mediline,MIICRI2002,Shoe Cover,,CONSUMABLES-Mediline-MIICRI2002
"Metallics Shop Towels, 200 Count",Metallics,WYPST913200,Shop Towels,200 Count,CONSUMABLES-Metallics-WYPST913200
"Milwaukee Chalk Reel, 100 ft",Milwaukee,48-22-3986,Chalk Reel,100 ft,CONSUMABLES-Milwaukee-48-22-3986
"Milwaukee Chalk Reel, 100 ft",Milwaukee,48-22-3992,Chalk Reel,100 ft,CONSUMABLES-Milwaukee-48-22-3992
"Milwaukee Marker, Black",Milwaukee,48223100,Marker,Black,CONSUMABLES-Milwaukee-48223100
"Milwaukee Marker, Black",Milwaukee,48-22-3100,Marker,Black,CONSUMABLES-Milwaukee-48-22-3100
Milwaukee Marker,Milwaukee,48-22-3102,Marker,,CONSUMABLES-Milwaukee-48-22-3102
"Milwaukee Marker, Black",Milwaukee,48-22-3104,Marker,Black,CONSUMABLES-Milwaukee-48-22-3104
Milwaukee Marker,Milwaukee,48-22-3105,Marker,,CONSUMABLES-Milwaukee-48-22-3105
Milwaukee Marker,Milwaukee,48-22-3106,Marker,,CONSUMABLES-Milwaukee-48-22-3106
Milwaukee Marker,Milwaukee,48-22-3130,Marker,,CONSUMABLES-Milwaukee-48-22-3130
"Milwaukee Marker, Black",Milwaukee,48-22-3160,Marker,Black,CONSUMABLES-Milwaukee-48-22-3160
Milwaukee Marker,Milwaukee,48-22-3170,Marker,,CONSUMABLES-Milwaukee-48-22-3170
"Milwaukee Marker, Blue",Milwaukee,48-22-3180,Marker,Blue,CONSUMABLES-Milwaukee-48-22-3180
Milwaukee Marker,Milwaukee,48-22-3256,Marker,,CONSUMABLES-Milwaukee-48-22-3256
Milwaukee Marker,Milwaukee,48-22-3260,Marker,,CONSUMABLES-Milwaukee-48-22-3260
"Milwaukee Marker, Red",Milwaukee,48-22-3266,Marker,Red,CONSUMABLES-Milwaukee-48-22-3266
"Milwaukee Marker, Yellow",Milwaukee,48-22-3721,Marker,Yellow,CONSUMABLES-Milwaukee-48-22-3721
Milwaukee Marker,Milwaukee,48-22-3731,Marker,,CONSUMABLES-Milwaukee-48-22-3731
"Momentive Sealant, 10.1 oz, Clear",Momentive,RTV108-12C,Sealant,"10.1 oz, Clear",CONSUMABLES-Momentive-RTV108-12C
"Morris PVC Cement, 1 Quart",Morris,40436S,PVC Cement,1 Quart,CONSUMABLES-Morris-40436S
"Morris PVC Cement, 1 Pint",Morris,G2646S,PVC Cement,1 Pint,CONSUMABLES-Morris-G2646S
"Morris PVC Cement, 1 Pint",Morris,G30346S,PVC Cement,1 Pint,CONSUMABLES-Morris-G30346S
"Morris PVC Cement, 1/4 Pint",Morris,G30366S,PVC Cement,1/4 Pint,CONSUMABLES-Morris-G30366S
Morris Label Printer Tape,Morris,D18484,Label Printer Tape,,CONSUMABLES-Morris-D18484
Morris Label Printer Tape,Morris,18444,Label Printer Tape,,CONSUMABLES-Morris-18444
Morris Label Printer Tape,Morris,18445,Label Printer Tape,,CONSUMABLES-Morris-18445
"Niagara Water, Pack",Niagara,WATER,Water,Pack,CONSUMABLES-Niagara-WATER
Nitro Garbage Can,Nitro,CMTC-C-55G 55GAL,Garbage Can,,CONSUMABLES-Nitro-CMTC-C-55G-55GAL
"NSI Wire Lubricant, 1 qt",NSI,SCWL-1Q,Wire Lubricant,1 qt,CONSUMABLES-NSI-SCWL-1Q
"Oatey PVC Cement, 16 oz",Oatey,55954,PVC Cement,16 oz,CONSUMABLES-Oatey-55954
Oatey PVC Cement,Oatey,G40436S,PVC Cement,,CONSUMABLES-Oatey-G40436S
"Peco Duct Seal, 5 lb",Peco,DS5,Duct Seal,5 lb,CONSUMABLES-Peco-DS5
Peco Duct Seal,Peco,DS-5,Duct Seal,,CONSUMABLES-Peco-DS-5
"Peco Lumber Crayon, Blue",Peco,66402,Lumber Crayon,Blue,CONSUMABLES-Peco-66402
"Peco Lumber Crayon, Black",Peco,66404,Lumber Crayon,Black,CONSUMABLES-Peco-66404
"Peco Lumber Crayon, Red",Peco,66401,Lumber Crayon,Red,CONSUMABLES-Peco-66401
"Peco Lumber Crayon, Yellow",Peco,66406,Lumber Crayon,Yellow,CONSUMABLES-Peco-66406
Picoma PVC Cement,Picoma,MVC9983,PVC Cement,,CONSUMABLES-Picoma-MVC9983
"Pitt Garbage Bags, 60 Gal",Pitt,048063014541,Garbage Bags,60 Gal,CONSUMABLES-Pitt-048063014541
"Plaskolite Acrylic Sheet, 8 x 10 in",Plaskolite,1X09241A,Acrylic Sheet,8 x 10 in,CONSUMABLES-Plaskolite-1X09241A
"Polywater Multi-Purpose Lubricant, 16 oz",Polywater,P712,Multi-Purpose Lubricant,16 oz,CONSUMABLES-Polywater-P712
"PremierRepak Sealant, 10.1 oz",PremierRepak,1892070,Sealant,10.1 oz,CONSUMABLES-PremierRepak-1892070
"PremierRepak Sealant, 10.1 oz",PremierRepak,51728400177,Sealant,10.1 oz,CONSUMABLES-PremierRepak-51728400177
Pro-Ex Marker,Pro-Ex,080381,Marker,,CONSUMABLES-Pro-Ex-080381
Proline Shop Towels,Proline,509269,Shop Towels,,CONSUMABLES-Proline-509269
"Rack-A-Tiers Garbage Can, 19 x 24 in",Rack-A-Tiers,51000,Garbage Can,19 x 24 in,CONSUMABLES-Rack-A-Tiers-51000
Rack-A-Tiers Rags,Rack-A-Tiers,RAG05C,Rags,,CONSUMABLES-Rack-A-Tiers-RAG05C
Rack-A-Tiers Shoe Cover,Rack-A-Tiers,47095.B,Shoe Cover,,CONSUMABLES-Rack-A-Tiers-47095.B
"Rack-A-Tiers Marker, Blue",Rack-A-Tiers,52496BL,Marker,Blue,CONSUMABLES-Rack-A-Tiers-52496BL
"Rack-A-Tiers Marker, Red",Rack-A-Tiers,52496RD,Marker,Red,CONSUMABLES-Rack-A-Tiers-52496RD
"Rack-A-Tiers Marker, White",Rack-A-Tiers,52496WT,Marker,White,CONSUMABLES-Rack-A-Tiers-52496WT
"Rayovac Disposable Batteries, AA",Rayovac,751815,Disposable Batteries,AA,CONSUMABLES-Rayovac-751815
"Rayovac Disposable Batteries, AAA",Rayovac,751814,Disposable Batteries,AAA,CONSUMABLES-Rayovac-751814
"Rayovac Disposable Batteries, AA",Rayovac,ALAA-8J,Disposable Batteries,AA,CONSUMABLES-Rayovac-ALAA-8J
"Rayovac Disposable Batteries, AAA",Rayovac,ALAAA-8J,Disposable Batteries,AAA,CONSUMABLES-Rayovac-ALAAA-8J
"Rayovac Disposable Batteries, 9V",Rayovac,AL9V-6J,Disposable Batteries,9V,CONSUMABLES-Rayovac-AL9V-6J
"Rayovac Disposable Batteries, AA",Rayovac,815,Disposable Batteries,AA,CONSUMABLES-Rayovac-815
"Rayovac Disposable Batteries, C",Rayovac,AL-C,Disposable Batteries,C,CONSUMABLES-Rayovac-AL-C
"Rayovac Disposable Batteries, AAA",Rayovac,ALAAA-24PPJ,Disposable Batteries,AAA,CONSUMABLES-Rayovac-ALAAA-24PPJ
"Rayovac Disposable Batteries, AAA",Rayovac,ALAAA-18PPJ,Disposable Batteries,AAA,CONSUMABLES-Rayovac-ALAAA-18PPJ
"Rayovac Disposable Batteries, AA",Rayovac,ALAA-24PPJ,Disposable Batteries,AA,CONSUMABLES-Rayovac-ALAA-24PPJ
"Rectorseal Duct Seal, 1 lb",Rectorseal,81880,Duct Seal,1 lb,CONSUMABLES-Rectorseal-81880
"Rectorseal Duct Seal, 5 lb",Rectorseal,81881,Duct Seal,5 lb,CONSUMABLES-Rectorseal-81881
"Rectorseal PVC Cement, 1 Quart",Rectorseal,55948,PVC Cement,1 Quart,CONSUMABLES-Rectorseal-55948
"Rectorseal PVC Cement, 1 Pint",Rectorseal,55983,PVC Cement,1 Pint,CONSUMABLES-Rectorseal-55983
"Rectorseal PVC Cement, 1 Quart",Rectorseal,55985,PVC Cement,1 Quart,CONSUMABLES-Rectorseal-55985
"Rectorseal PVC Cement, 1 Pint",Rectorseal,PVC PINT CLEAR CEMENT LOW VOC 55983 633L,PVC Cement,1 Pint,CONSUMABLES-Rectorseal-PVC-PINT-CLEAR-CEMENT-LOW-VOC-55983-633L
Rectorseal PVC Primer,Rectorseal,55918,PVC Primer,,CONSUMABLES-Rectorseal-55918
"Rectorseal Sealant, 10.3 oz, White",Rectorseal,57505,Sealant,"10.3 oz, White",CONSUMABLES-Rectorseal-57505
"Rectorseal Sealant, 10.3 oz, Clear",Rectorseal,57506,Sealant,"10.3 oz, Clear",CONSUMABLES-Rectorseal-57506
"Red Devil Expanding Foam, 12 oz",Red Devil,0909,Expanding Foam,12 oz,CONSUMABLES-Red-Devil-0909
"Red Devil Sealant, 10.1 oz",Red Devil,816,Sealant,10.1 oz,CONSUMABLES-Red-Devil-816
"Red Devil Sealant, 10.1 oz, Clear",Red Devil,08260I,Sealant,"10.1 oz, Clear",CONSUMABLES-Red-Devil-08260I
"Red Devil Sealant, 10.1 oz, Clear",Red Devil,0927/0I,Sealant,"10.1 oz, Clear",CONSUMABLES-Red-Devil-0927/0I
"Red Devil Sealant, 10 oz",Red Devil,0971,Sealant,10 oz,CONSUMABLES-Red-Devil-0971
"Red Devil Roof Sealant, 10 oz",Red Devil,0636,Roof Sealant,10 oz,CONSUMABLES-Red-Devil-0636
Remarx Marker,Remarx,29208,Marker,,CONSUMABLES-Remarx-29208
"Robroy PVC Paint, PlastiBond",Robroy,PBTOUCHUP-SPRAY,PVC Paint,PlastiBond,CONSUMABLES-Robroy-PBTOUCHUP-SPRAY
"Rust-Oleum Marking Paint, Yellow",Rust-Oleum,V2355838,Marking Paint,Yellow,CONSUMABLES-Rust-Oleum-V2355838
"Rust-Oleum Spray Paint, Yellow, Multi-Purpose Enamel",Rust-Oleum,51109830,Spray Paint,"Yellow, Multi-Purpose Enamel",CONSUMABLES-Rust-Oleum-51109830
"Rust-Oleum Marking Paint, Green",Rust-Oleum,V2333838,Marking Paint,Green,CONSUMABLES-Rust-Oleum-V2333838
"Rust-Oleum Spray Paint, Blue",Rust-Oleum,51106830,Spray Paint,Blue,CONSUMABLES-Rust-Oleum-51106830
"Rust-Oleum Marker, Blue",Rust-Oleum,203022,Marker,Blue,CONSUMABLES-Rust-Oleum-203022
"Selecta Products Disposable Batteries, AAA",Selecta Products,PC2400TC24,Disposable Batteries,AAA,CONSUMABLES-Selecta-Products-PC2400TC24
"Selecta Products Disposable Batteries, AA",Selecta Products,PC1500TC24,Disposable Batteries,AA,CONSUMABLES-Selecta-Products-PC1500TC24
"Sellars Shop Towels, 55 Count",Sellars,54400 ,Shop Towels,55 Count,CONSUMABLES-Sellars-54400 
"Sellars Shop Towels, 100 Count",Sellars,50210,Shop Towels,100 Count,CONSUMABLES-Sellars-50210
"Sharpie Marker, Black",Sharpie,30051,Marker,Black,CONSUMABLES-Sharpie-30051
Sharpie Marker,Sharpie,2046308,Marker,,CONSUMABLES-Sharpie-2046308
Sharpie Marker,Sharpie,30051SH,Marker,,CONSUMABLES-Sharpie-30051SH
Sharpie Marker,Sharpie,30101PP,Marker,,CONSUMABLES-Sharpie-30101PP
Sharpie Marker,Sharpie,35010-SH,Marker,,CONSUMABLES-Sharpie-35010-SH
"Sharpie Marker, Black",Sharpie,H-286,Marker,Black,CONSUMABLES-Sharpie-H-286
Sharpie Marker,Sharpie,SAN30001,Marker,,CONSUMABLES-Sharpie-SAN30001
Sharpie Marker,Sharpie,SHARPIE,Marker,,CONSUMABLES-Sharpie-SHARPIE
Sharpie Marker,Sharpie,SHARPIEFINE,Marker,,CONSUMABLES-Sharpie-SHARPIEFINE
Sharpie Marker,Sharpie,SHARPIES,Marker,,CONSUMABLES-Sharpie-SHARPIES
Sharpie Marker,Sharpie,SHARPIESMALL,Marker,,CONSUMABLES-Sharpie-SHARPIESMALL
"Specified Technologies Fire Barrier Sealant, 10.5 oz",Specified Technologies,SSS100,Fire Barrier Sealant,10.5 oz,CONSUMABLES-Specified-Technologies-SSS100
"Sprayon Sealant, 8 oz",Sprayon,SC0010000,Sealant,8 oz,CONSUMABLES-Sprayon-SC0010000
Stanley Chalk Reel,Stanley,DWHT47372,Chalk Reel,,CONSUMABLES-Stanley-DWHT47372
The Standard Companies Shop Towels,The Standard Companies,25-Jun,Shop Towels,,CONSUMABLES-The-Standard-Companies-6-25
"Thomas & Betts Duct Seal, 12 lb",Thomas & Betts,DX-1,Duct Seal,12 lb,CONSUMABLES-Thomas-&-Betts-DX-1
Top Industrial Adhesive,Top Industrial,TII TOP850BLK ROOFING ADHESIVE BLK,Adhesive,,CONSUMABLES-Top-Industrial-TII-TOP850BLK-ROOFING-ADHESIVE-BLK
Top Industrial Sealant,Top Industrial,TII TOP675CLR ROOFING SEALANT CLEAR,Sealant,,CONSUMABLES-Top-Industrial-TII-TOP675CLR-ROOFING-SEALANT-CLEAR
"Top Industrial Sealant, 10.1 oz, Clear",Top Industrial,675,Sealant,"10.1 oz, Clear",CONSUMABLES-Top-Industrial-675
"Top Industrial Sealant, 10.1 oz, Black",Top Industrial,850,Sealant,"10.1 oz, Black",CONSUMABLES-Top-Industrial-850
"Tork Shop Towels, 450 Count",Tork,450337,Shop Towels,450 Count,CONSUMABLES-Tork-450337
"Uline Garbage Bags, Gold Stripe",Uline,S-12564,Garbage Bags,Gold Stripe,CONSUMABLES-Uline-S-12564
"Uline Garbage Bags, 95 Gal, Black",Uline,S-12615,Garbage Bags,"95 Gal, Black",CONSUMABLES-Uline-S-12615
"Uline Garbage Bags, 44-55 Gal",Uline,S-12949BL,Garbage Bags,44-55 Gal,CONSUMABLES-Uline-S-12949BL
"Uline Garbage Bags, 55 Gal, Black",Uline,S-13526,Garbage Bags,"55 Gal, Black",CONSUMABLES-Uline-S-13526
"Uline Garbage Bags, 95 Gal, Clear",Uline,S-15540,Garbage Bags,"95 Gal, Clear",CONSUMABLES-Uline-S-15540
"Uline Garbage Bags, 55 Gal, Black, 6 mil",Uline,S-15584BL,Garbage Bags,"55 Gal, Black, 6 mil",CONSUMABLES-Uline-S-15584BL
"Uline Garbage Bags, 44-55 Gal, Clear",Uline,S-5110,Garbage Bags,"44-55 Gal, Clear",CONSUMABLES-Uline-S-5110
Uline Multi-Purpose Cleaner,Uline,S-19128,Multi-Purpose Cleaner,,CONSUMABLES-Uline-S-19128
Uline Multi-Purpose Lubricant,Uline,S-6772,Multi-Purpose Lubricant,,CONSUMABLES-Uline-S-6772
Uline Shop Towels,Uline,S-18119,Shop Towels,,CONSUMABLES-Uline-S-18119
"Uline Lumber Crayon, Red",Uline,S-20561R,Lumber Crayon,Red,CONSUMABLES-Uline-S-20561R
"Uline Lumber Crayon, Yellow",Uline,S-20561Y,Lumber Crayon,Yellow,CONSUMABLES-Uline-S-20561Y
"Uline Marker, Red",Uline,S-12700R,Marker,Red,CONSUMABLES-Uline-S-12700R
"Uline Marker, Black",Uline,S-20622BL,Marker,Black,CONSUMABLES-Uline-S-20622BL
"Uline Marker, Black",Uline,S-21125BL,Marker,Black,CONSUMABLES-Uline-S-21125BL
Valve Action Marker,Valve Action,096820,Marker,,CONSUMABLES-Valve-Action-096820
Valve Action Marker,Valve Action,096821,Marker,,CONSUMABLES-Valve-Action-096821
"VersaPro Garbage Bags, 55 Gal",VersaPro,6639-57170,Garbage Bags,55 Gal,CONSUMABLES-VersaPro-6639-57170
"WD-40 Multi-Purpose Lubricant, 3 oz",WD-40,110108,Multi-Purpose Lubricant,3 oz,CONSUMABLES-WD-40-110108
"WD-40 Multi-Purpose Lubricant, 11 oz",WD-40,490040,Multi-Purpose Lubricant,11 oz,CONSUMABLES-WD-40-490040
"WD-40 Multi-Purpose Lubricant, 12 oz",WD-40,490057,Multi-Purpose Lubricant,12 oz,CONSUMABLES-WD-40-490057
"WD-40 Multi-Purpose Lubricant, 16 oz",WD-40,490081,Multi-Purpose Lubricant,16 oz,CONSUMABLES-WD-40-490081
WD-40 Multi-Purpose Lubricant,WD-40,490088,Multi-Purpose Lubricant,,CONSUMABLES-WD-40-490088
"Weld-On ABS Cement, 1 Quart",Weld-On,773,ABS Cement,1 Quart,CONSUMABLES-Weld-On-773
"Wiremold Paint Marker, Ivory",Wiremold,IWE-P,Paint Marker,Ivory,CONSUMABLES-Wiremold-IWE-P
Unbranded Corrosion Protection Tape,Unbranded,CORROSION PROTECTION TAPE,Corrosion Protection Tape,,CONSUMABLES-Unbranded-CORROSION-PROTECTION-TAPE
Unbranded Duct Seal,Unbranded,DUCT SEAL,Duct Seal,,CONSUMABLES-Unbranded-DUCT-SEAL
Unbranded Expanding Foam,Unbranded,EXPANDING FOAM,Expanding Foam,,CONSUMABLES-Unbranded-EXPANDING-FOAM
Unbranded Fire Barrier Putty,Unbranded,FIRE BARRIER PUTTY,Fire Barrier Putty,,CONSUMABLES-Unbranded-FIRE-BARRIER-PUTTY
Unbranded Fire Barrier Sealant,Unbranded,FIRE BARRIER SEALANT,Fire Barrier Sealant,,CONSUMABLES-Unbranded-FIRE-BARRIER-SEALANT
Unbranded Foil Tape,Unbranded,FOIL TAPE,Foil Tape,,CONSUMABLES-Unbranded-FOIL-TAPE
Unbranded Duct Tape,Unbranded,DUCT TAPE,Duct Tape,,CONSUMABLES-Unbranded-DUCT-TAPE
Unbranded Wipes,Unbranded,WIPES,Wipes,,CONSUMABLES-Unbranded-WIPES
Unbranded Wire Lubricant,Unbranded,WIRE LUBRICANT,Wire Lubricant,,CONSUMABLES-Unbranded-WIRE-LUBRICANT
Unbranded Label Printer Tape,Unbranded,LABEL PRINTER TAPE,Label Printer Tape,,CONSUMABLES-Unbranded-LABEL-PRINTER-TAPE
Unbranded Anti-Oxidant Compound,Unbranded,ANTI-OXIDANT COMPOUND,Anti-Oxidant Compound,,CONSUMABLES-Unbranded-ANTI-OXIDANT-COMPOUND
Unbranded PVC Cement,Unbranded,PVC CEMENT,PVC Cement,,CONSUMABLES-Unbranded-PVC-CEMENT
Unbranded PVC Primer,Unbranded,PVC PRIMER,PVC Primer,,CONSUMABLES-Unbranded-PVC-PRIMER
Unbranded Roof Sealant,Unbranded,ROOF SEALANT,Roof Sealant,,CONSUMABLES-Unbranded-ROOF-SEALANT
Unbranded Dielectric Grease,Unbranded,DIELECTRIC GREASE,Dielectric Grease,,CONSUMABLES-Unbranded-DIELECTRIC-GREASE
Unbranded Galvanizing Compound,Unbranded,GALVANIZING COMPOUND,Galvanizing Compound,,CONSUMABLES-Unbranded-GALVANIZING-COMPOUND
Unbranded Multi-Purpose Lubricant,Unbranded,MULTI-PURPOSE LUBRICANT,Multi-Purpose Lubricant,,CONSUMABLES-Unbranded-MULTI-PURPOSE-LUBRICANT
Unbranded Sealant,Unbranded,SEALANT,Sealant,,CONSUMABLES-Unbranded-SEALANT
Unbranded Spray Paint,Unbranded,SPRAY PAINT,Spray Paint,,CONSUMABLES-Unbranded-SPRAY-PAINT
Unbranded Cutting Oil,Unbranded,CUTTING OIL,Cutting Oil,,CONSUMABLES-Unbranded-CUTTING-OIL
Unbranded Aerosol Duster,Unbranded,AEROSOL DUSTER,Aerosol Duster,,CONSUMABLES-Unbranded-AEROSOL-DUSTER
Unbranded Water,Unbranded,WATER,Water,,CONSUMABLES-Unbranded-WATER
Unbranded Rags,Unbranded,RAGS,Rags,,CONSUMABLES-Unbranded-RAGS
Unbranded Roof Cement,Unbranded,ROOF CEMENT,Roof Cement,,CONSUMABLES-Unbranded-ROOF-CEMENT
Unbranded Lumber Crayon,Unbranded,LUMBER CRAYON,Lumber Crayon,,CONSUMABLES-Unbranded-LUMBER-CRAYON
Unbranded Marking Chalk,Unbranded,MARKING CHALK,Marking Chalk,,CONSUMABLES-Unbranded-MARKING-CHALK
Unbranded Disposable Batteries,Unbranded,DISPOSABLE BATTERIES,Disposable Batteries,,CONSUMABLES-Unbranded-DISPOSABLE-BATTERIES
Unbranded Marker,Unbranded,MARKER,Marker,,CONSUMABLES-Unbranded-MARKER
Unbranded Chalk,Unbranded,CHALK,Chalk,,CONSUMABLES-Unbranded-CHALK
Unbranded Garbage Bags,Unbranded,GARBAGE BAGS,Garbage Bags,,CONSUMABLES-Unbranded-GARBAGE-BAGS
Unbranded Hand Cleaner,Unbranded,HAND CLEANER,Hand Cleaner,,CONSUMABLES-Unbranded-HAND-CLEANER
Unbranded Adhesive,Unbranded,ADHESIVE,Adhesive,,CONSUMABLES-Unbranded-ADHESIVE
Unbranded Pencil,Unbranded,PENCIL,Pencil,,CONSUMABLES-Unbranded-PENCIL
Unbranded Shoe Cover,Unbranded,SHOE COVER,Shoe Cover,,CONSUMABLES-Unbranded-SHOE-COVER
Unbranded Marking Paint,Unbranded,MARKING PAINT,Marking Paint,,CONSUMABLES-Unbranded-MARKING-PAINT
Unbranded Paint Marker,Unbranded,PAINT MARKER,Paint Marker,,CONSUMABLES-Unbranded-PAINT-MARKER
Unbranded Shop Towels,Unbranded,SHOP TOWELS,Shop Towels,,CONSUMABLES-Unbranded-SHOP-TOWELS
Unbranded Chalk Reel,Unbranded,CHALK REEL,Chalk Reel,,CONSUMABLES-Unbranded-CHALK-REEL
Unbranded Garbage Can,Unbranded,GARBAGE CAN,Garbage Can,,CONSUMABLES-Unbranded-GARBAGE-CAN
Unbranded Acrylic Sheet,Unbranded,ACRYLIC SHEET,Acrylic Sheet,,CONSUMABLES-Unbranded-ACRYLIC-SHEET
Unbranded PVC Paint,Unbranded,PVC PAINT,PVC Paint,,CONSUMABLES-Unbranded-PVC-PAINT
Unbranded Multi-Purpose Cleaner,Unbranded,MULTI-PURPOSE CLEANER,Multi-Purpose Cleaner,,CONSUMABLES-Unbranded-MULTI-PURPOSE-CLEANER
Unbranded PVC Cleaner,Unbranded,PVC CLEANER,PVC Cleaner,,CONSUMABLES-Unbranded-PVC-CLEANER
Unbranded Cardboard Box,Unbranded,CARDBOARD BOX,Cardboard Box,,CONSUMABLES-Unbranded-CARDBOARD-BOX
Unbranded Marker/Pencil,Unbranded,MARKER/PENCIL,Marker/Pencil,,CONSUMABLES-Unbranded-MARKER/PENCIL
Unbranded ABS Cement,Unbranded,ABS CEMENT,ABS Cement,,CONSUMABLES-Unbranded-ABS-CEMENT
