Description,Manufacturer,Part Number,BRSID
"SNAPNRACK, EDGE SCREEN KIT, 4"" X 100'",SnapNrack,015-11176,CRITTER-GUARD-SnapNrack-015-11176
"SNAPNRACK, EDGE SCREEN KIT, 8"" X 100'",SnapNrack,015-11177,CRITTER-GUARD-SnapNrack-015-11177
"SNAPNRACK Series 100 Array Edge Screen Clip, 4""",SnapNrack,232-03993,CRITTER-GUARD-SnapNrack-232-03993
"SNAPNRACK Series 100 Array Edge Screen Clip, 8”",SnapNrack,232-03994,CRITTER-GUARD-SnapNrack-232-03994
"SNAPNRACK Array Edge Screen, 4” Black (100’)",SnapNrack,232-03998,CRITTER-GUARD-SnapNrack-232-03998
"SNAPNRACK Array Edge Screen, 8” Black (100’)",SnapNrack,232-04001,CRITTER-GUARD-SnapNrack-232-04001
"SNAPNRACK ARRAY EDGE SCREEN, 8"", 100FT, BLACK",SnapNrack,232-04076,CRITTER-GUARD-SnapNrack-232-04076
"SNAPNRACK ARRAY EDGE SCREEN, 6"", 100FT, BLACK",SnapNrack,232-04077,CRITTER-GUARD-SnapNrack-232-04077
SnapNrack Array Edge Screen Fastener,SnapNrack,242-04105,CRITTER-GUARD-SnapNrack-242-04105
"Heyco SunScreener 4"" Wire Mesh Clip, Steel Gray",Heyco,S6437,CRITTER-GUARD-Heyco-S6437
"Heyco SunScreener 4"" Wire Mesh Clip, Black",Heyco,S6438,CRITTER-GUARD-Heyco-S6438
"Heyco 4"" Critter Guard Wire Mesh",Heyco,S6464,CRITTER-GUARD-Heyco-S6464
"Heyco 6"" Critter Guard Wire Mesh",Heyco,S6466,CRITTER-GUARD-Heyco-S6466
"Heyco SunScreen Kit, Wire Mesh + Clips, 6"", 100 ft Roll",Heyco,S6467,CRITTER-GUARD-Heyco-S6467
"Heyco SunScreen Wire Mesh, 8"", 100 ft Roll",Heyco,S6468,CRITTER-GUARD-Heyco-S6468
"Bird-X Premium Mesh Kit 4""x100' w/ Nylon Clips",Bird-X,SOLAR KIT-P-P-4,CRITTER-GUARD-Bird-X-SOLAR-KIT-P-P-4
"Bird-X Premium Mesh Kit 6""x100' w/ Nylon Clips",Bird-X,SOLAR KIT-P-P-6,CRITTER-GUARD-Bird-X-SOLAR-KIT-P-P-6
"Bird-X Premium Mesh Kit 8""x100' w/ Nylon Clips",Bird-X,SOLAR KIT-P-P-8,CRITTER-GUARD-Bird-X-SOLAR-KIT-P-P-8
SPIFFY CLIPALL METAL ATTACHMENT HRDWR (100),Spiffy Solar,SPIFFY CLIP,CRITTER-GUARD-Spiffy-Solar-SPIFFY-CLIP
"SQUIRREL GUARD 8""BLK, GALV STEEL 8"" X 100' ROLL",Spiffy Solar,"SQUIRREL GUARD 8""","CRITTER-GUARD-Spiffy-Solar-SQUIRREL-GUARD-8"""
"Solartrim 5.5"" Critter Guard",SolaTrim,ST-055,CRITTER-GUARD-SolaTrim-ST-055
"Solartrim 6.75"" Critter Guard",SolaTrim,ST-675,CRITTER-GUARD-SolaTrim-ST-675
