Description,Manufacturer,Part Number,Watts,Vmp,Imp,Voc,Isc,Temperature Coefficient of Pmp,Temperature Coefficient of Voc,Temperature Coefficient Isc,Length,Width,Thickness,Area,Weight,Landscape - Edge - Min,Landscape - Edge - Max,Portrait - Edge - Min,Portrait - Edge - Max,BRSID
Aptos 370 (SPR U370),Aptos,DNA-120-BF26-370W,370,34.5,10.72,41.4,11.26,-0.36,-0.28,0.45,69.1,40.9,35,19.62631944444444,42.9,1,10,1,17,DC-MODULE-Aptos-DNA-120-BF26-370W
Canadian Solar 390 (SPR U390),Canadian Solar,CS3N-390MS,390,36.8,10.6,44.1,11.38,-0.34,-0.26,0.05,76.4,41.3,35,21.91,49.6,1,10,1,18,DC-MODULE-Canadian-Solar-CS3N-390MS
Canadian Solar 395 (SPR U395),Canadian Solar,CS3N-395MS,395,37,10.68,44.3,11.44,-0.34,-0.26,0.05,76.4,41.3,35,21.91,49.6,1,10,1,18,DC-MODULE-Canadian-Solar-CS3N-395MS
CertainTeed 365,CertainTeed,CT365HC11-06,365,33.96,10.75,40.7,11.36,-0.36,-0.29,0.05,68.97,40.98,35,19.627712499999998,45.19,1,10,1,17,DC-MODULE-CertainTeed-CT365HC11-06
CertainTeed 370,CertainTeed,CT370HC11-06,370,34.06,10.87,40.8,11.51,-0.36,-0.29,0.05,68.97,40.98,35,19.627712499999998,45.19,1,10,1,17,DC-MODULE-CertainTeed-CT370HC11-06
Heliene 300,Heliene,300 60M-HBLK,300,33.139,9.127,39.83,9.59,-0.39,-0.31,0.045,64.96,39.06,40,14.54,43.9,1,10,1,16,DC-MODULE-Heliene-300-60M-HBLK
Hyundai 270,Hyundai,HiS-S270RG,270,31.4,8.6,38.2,9.2,-0.4,-0.29,0.039,64.56,39.29,35,14.51,41.2,1,10,1,16,DC-MODULE-Hyundai-HiS-S270RG
Jinko 310,Jinko,JKM 310M-60L,310,33,9.4,40.5,9.92,-0.37,-0.28,0.048,64.97,39.06,40,14.54,40.8,1,10,10,16,DC-MODULE-Jinko-JKM-310M-60L
Jinko 315,Jinko,JKM 315-60L,315,31.2,7.56,37.6,8.33,-0.37,-0.28,0.048,64.96,39.06,35,14.51,41.9,1,10,10,16,DC-MODULE-Jinko-JKM-315-60L
Jinko 320,Jinko,JKM 320M-60HL,320,33.4,9.59,40.9,10.15,-0.37,-0.28,0.048,64.97,39.06,35,14.54,41.9,1,10,10,16,DC-MODULE-Jinko-JKM-320M-60HL
Jinko Solar 375,Jinko,JKM375M-6RL3-B,375,36.8,10.19,44.12,11.01,-0.35,-0.28,0.048,73.03,40.51,35,20.54,47.4,4,10,11,17,DC-MODULE-Jinko-JKM375M-6RL3-B
Jinko Solar 380,Jinko,JKM380M-6RL3-B,380,33.57,10.3,44.22,11.12,-0.35,-0.28,0.048,73.03,40.51,35,20.54,47.4,4,10,11,17,DC-MODULE-Jinko-JKM380M-6RL3-B
Jinko Solar 385,Jinko,JKM385M-6RL3-B,385,37.02,10.4,44.34,11.22,-0.35,-0.28,0.048,73.03,40.51,35,20.54,47.4,4,10,11,17,DC-MODULE-Jinko-JKM385M-6RL3-B
Jinko Solar 390,Jinko,JKM390M-72HBL-V,390,39.64,9.84,48.6,10.46,-0.35,-0.29,0.048,79.06,39.45,40,21.66,49.6,1,10,1,19,DC-MODULE-Jinko-JKM390M-72HBL-V
Qcells 290,Qcells,Q.PEAK BLK-G4.1,290,31.96,9.07,39.19,9.63,-0.39,-0.28,0.04,65.7,39.4,32,14.69,41.45,1,10,10,20,DC-MODULE-Qcells-Q.PEAK-BLK-G4.1
Qcells 365 (SPR U365),Qcells,Q.PEAK DUO BLK ML-G10+ 365,365,33.76,10.37,41.11,10.97,-0.34,-0.27,0.04,67.6,41.1,32,19.294166666666666,43.8,1,12,10,28,DC-MODULE-Qcells-Q.PEAK-DUO-BLK-ML-G10+-365
Qcells 395,Qcells,Q.PEAK DUO BLK ML-G10+ 395,395,36.88,10.71,45.27,11.1,-0.34,-0.27,0.04,74,41.1,32,21.120833333333334,48.5,1,12,1,26,DC-MODULE-Qcells-Q.PEAK-DUO-BLK-ML-G10+-395
Qcells 400,Qcells,Q.PEAK DUO BLK ML-G10+ 400,400,37.13,10.77,45.3,11.14,-0.34,-0.27,0.04,74,41.1,32,21.120833333333334,48.5,1,12,1,26,DC-MODULE-Qcells-Q.PEAK-DUO-BLK-ML-G10+-400
Qcells 400 /t,Qcells,Q.PEAK DUO BLK ML-G10+ /t 400,400,38.09,10.5,45.55,11.07,-0.34,-0.27,0.04,74,41.1,32,21.12,48.5,1,12,1,26,DC-MODULE-Qcells-Q.PEAK-DUO-BLK-ML-G10+-/t-400
Qcells 405,Qcells,Q.PEAK DUO BLK ML-G10+ 405,405,37.39,10.83,45.34,11.17,-0.34,-0.27,0.04,74,41.1,32,21.120833333333334,48.5,1,12,1,26,DC-MODULE-Qcells-Q.PEAK-DUO-BLK-ML-G10+-405
Qcells 405 (SPR U405),Qcells,Q.PEAK DUO BLK ML-G10+ 405,405,38.22,10.65,45.31,11.11,-0.34,-0.27,0.04,74,41.1,32,21.12,48.5,1,12,1,26,DC-MODULE-Qcells-Q.PEAK-DUO-BLK-ML-G10+-405
Qcells 410,Qcells,Q.PEAK DUO BLK ML-G10+ 410,410,38.11,10.76,45.13,11.22,-0.34,-0.27,0.04,74,41.1,32,21.120833333333334,48.5,1,12,1,26,DC-MODULE-Qcells-Q.PEAK-DUO-BLK-ML-G10+-410
Qcells Q.TRON 420,Qcells,Q.TRON BLK M-G2+ 420,420,32.54,12.91,38.75,13.58,-0.3,-0.24,0.04,74,41.1,32,21.120833333333334,48.5,1,12,1,14,DC-MODULE-Qcells-Q.TRON-BLK-M-G2+-420
Qcells Q.TRON 425,Qcells,Q.TRON BLK M-G2+ 425,425,32.74,12.98,39.03,13.66,-0.3,-0.24,0.04,67.8,44.6,30,21,46.37,1,12,1,14,DC-MODULE-Qcells-Q.TRON-BLK-M-G2+-425
REC 365,REC Solar,REC365AA Black,365,38,9.6,44.3,10.26,-0.26,-0.24,0.04,67.8,40,30,18.833333333333332,43,1,12,10,28,DC-MODULE-REC-Solar-REC365AA-Black
REC 400,REC Solar,REC400AA Pure,400,42.1,9.51,48.8,10.25,-0.26,-0.24,0.04,71.69,40,30,19.913888888888888,45.91,1,12,10,28,DC-MODULE-REC-Solar-REC400AA-Pure
REC 405,REC Solar,REC405AA Pure,405,42.4,9.56,48.9,10.3,-0.26,-0.24,0.04,71.69,40,30,19.913888888888888,45.91,1,12,10,28,DC-MODULE-REC-Solar-REC405AA-Pure
REC 420,REC Solar,REC420AA Pure-R,420,50,8.4,59.4,8.88,-0.24,-0.24,0.04,68.1,44,30,20.77,47.4,2,12,2,20,DC-MODULE-REC-Solar-REC420AA-Pure-R
REC 460,REC Solar,REC460AA PURE-RX,460,54.9,8.38,65.3,8.88,-0.24,-0.24,0.04,68.1,47.4,30,22.39,50,2,12,2,20,DC-MODULE-REC-Solar-REC460AA-PURE-RX
REC Solar 325,REC Solar,REC325TP3M,325,34.1,9.54,39.5,10.36,-0.37,-0.28,0.04,66.25,37.64,38,14.42,41.7,1,10,10,20,DC-MODULE-REC-Solar-REC325TP3M
SEG SOLAR INC. 305,SEG,SEG-6MB-305BB,305,32.3,9.45,39.9,9.76,-0.38,-0.28,0.05,64.56693,39.0551,35,14.5,38.5,1,10,8,16,DC-MODULE-SEG-SEG-6MB-305BB
SEG SOLAR INC. 400 HV,SEG,SEG-400-BMD-HV,400,30.81,12.99,37.12,13.6,-0.35,-0.27,0.05,67.79,44.64,30,15.88,47.39,1,10,10,20,DC-MODULE-SEG-SEG-400-BMD-HV
SEG SOLAR INC. 405 HV,SEG,SEG-405-BMD-HV,405,30.93,13.1,37.22,13.7,-0.34,-0.26,0.05,67.79,44.64,30,21.0149,47.39,2,10,2,20,DC-MODULE-SEG-SEG-405-BMD-HV
SEG SOLAR INC. 405 TB,SEG,SEG-405-BMD-TB,405,30.93,13.1,37.22,13.7,-0.34,-0.26,0.05,67.79,44.64,30,21.0149,47.39,2,10,2,20,DC-MODULE-SEG-SEG-405-BMD-TB
SEG SOLAR INC. 410 HV,SEG,SEG-410-BMD-HV,410,31.05,13.21,37.32,13.8,-0.35,-0.27,0.05,67.79,44.64,30,21.0149,47.39,2,10,2,20,DC-MODULE-SEG-SEG-410-BMD-HV
Silfab Solar 410,Silfab Solar,SIL-410 HC+,410,38.99,10.52,45.59,11.15,-0.36,-0.28,0.06,75.3,40.8,35,21.34,47,1,11,11,17,DC-MODULE-Silfab-Solar-SIL-410-HC+
Silfab Solar 420,Silfab Solar,SIL-420 QD,420,33.08,12.7,38.84,13.5,-0.29,-0.24,0.04,67.8,44.6,35,21,46.3,1,11,11,17,DC-MODULE-Silfab-Solar-SIL-420-QD
Silfab Solar 430,Silfab Solar,SIL-430 QD,430,3.25,12.93,38.91,13.87,-0.29,-0.24,0.04,67.8,44.6,35,21,46.3,1,11,11,17,DC-MODULE-Silfab-Solar-SIL-430-QD
Solaria PowerXT 430R-PL,Solaria,PowerXT 430R-PL,430,37.9,11.35,45.7,11.87,-0.39,-0.29,0.04,77,42.5,35,22.73,47.8,1,11,11,17,DC-MODULE-Solaria-PowerXT-430R-PL
SolarWorld 290,SolarWorld,SW 290M Black,290,31.4,9.33,39.9,8.06,-0.44,-0.31,0.044,65.95,39.4,33,11.92,39.7,1,10,1,14,DC-MODULE-SolarWorld-SW-290M-Black
Trina 280,Trina,TSM-DD05A.05(II) 280,280,31.7,8.84,39,9.35,-0.39,-0.29,0.05,65,39.1,35,14.55,41,1,10,1,14,DC-MODULE-Trina-TSM-DD05A.05(II)-280
Trina 285,Trina,TSM-DD05A.05(II) 285,285,31.8,8.97,38.5,9.51,-0.39,-0.29,0.05,65,37.3,35,14.21,41,1,10,1,14,DC-MODULE-Trina-TSM-DD05A.05(II)-285
Trina 300,Trina,TSM-DD05A.08(II) 300,300,32.6,9.19,39.8,7.89,-0.39,-0.29,0.05,65,39.1,35,14.55,41,1,10,1,14,DC-MODULE-Trina-TSM-DD05A.08(II)-300
Trina 320,Trina,TSM-DD06M.05(II) 320,320,33.4,9.58,38,8.22,-0.36,-0.26,0.04,66.85,39.53,35,14.84,41.2,1,10,1,14,DC-MODULE-Trina-TSM-DD06M.05(II)-320
Trina 365,Trina,TSM-DE06X.05(II) 365,365,37.2,9.82,45,10.35,-0.34,-0.25,0.04,72.91,39.21,35,19.852785416666666,43.4,1,10,1,14,DC-MODULE-Trina-TSM-DE06X.05(II)-365
Trina 390,Trina,TSM-DE09C.07 390,390,33.8,11.46,40.8,12.14,-0.34,-0.25,0.04,69.06,43.15,30,20.694020833333333,46.3,1,11,1,17,DC-MODULE-Trina-TSM-DE09C.07-390
URE 400,United Renewable Energy Co.,FBM400MFG-BB,400,31.17,12.84,37.2,13.68,-0.32,-0.27,0.048,67.83,44.61,35,21.01316875,47.84,2,11,2,17,DC-MODULE-United-Renewable-Energy-Co.-FBM400MFG-BB
Waaree 400 (SPR U400),Waaree,WSMDi-400,400,38,10.54,45.2,11.32,-0.365,-0.285,0.055,75.74,40.86,35,21.491225,48.5,1,10,1,19,DC-MODULE-Waaree-WSMDi-400
