Description,Manufacturer,Part Number,Disconnect Class,Disconnect Duty,Disconnect Rating,BRSID
"Square D 200A Safety Switch, Non-Fusible, Lockable, 1 PH/3W, NEMA 3R",Square D,DU224RB,Non-Fusible,General,200,DISCONNECT-Square D-DU224RB
"Square D 100A Safety Switch, Non-Fusible, Lockable, 1 PH/3W, NEMA 3R",Square D,DU323RB,Non-Fusible,General,100,DISCONNECT-Square D-DU323RB
"Square D 60A Safety Switch, Non-Fusible, Lockable, 1 PH/3W, NEMA 3R",Square D,DU222RB,Non-Fusible,General,60,DISCONNECT-Square D-DU222RB
"Square D 30A Safety Switch, Non-Fusible, Lockable, 1 PH/3W, NEMA 3R",Square D,DU221RB,Non-Fusible,General,30,DISCONNECT-Square D-DU221RB
"Square D 200A Safety Switch, Fusible, Lockable, 1 PH/3W, NEMA 3R",Square D,D224NRB,Fusible,General,200,DISCONNECT-Square D-D224NRB
"Square D 100A Safety Switch, Fusible, Lockable, 1 PH/3W, NEMA 3R",Square D,D223NRB,Fusible,General,100,DISCONNECT-Square D-D223NRB
"Square D 60A Safety Switch, Fusible, Lockable, 1 PH/3W, NEMA 3R",Square D,D222NRB,Fusible,General,60,DISCONNECT-Square D-D222NRB
"Square D 30A Safety Switch, Fusible, Lockable, 1 PH/3W, NEMA 3R",Square D,D221NRB,Fusible,General,30,DISCONNECT-Square D-D221NRB
"Eaton 200A Safety Switch, Non-Fusible, Lockable, 1 PH/3W, NEMA 3R",Eaton,DG224URK,Non-Fusible,General,200,DISCONNECT-Eaton-DG224URK
"Eaton 100A Safety Switch, Non-Fusible, Lockable, 1 PH/3W, NEMA 3R",Eaton,DG223URB,Non-Fusible,General,100,DISCONNECT-Eaton-DG223URB
"Eaton 60A Safety Switch, Non-Fusible, Lockable, 1 PH/3W, NEMA 3R",Eaton,DG222URB,Non-Fusible,General,60,DISCONNECT-Eaton-DG222URB
"Eaton 30A Safety Switch, Non-Fusible, Lockable, 1 PH/3W, NEMA 3R",Eaton,DG221URB,Non-Fusible,General,30,DISCONNECT-Eaton-DG221URB
"Eaton 200A Safety Switch, Fusible, Lockable, 1 PH/3W, NEMA 3R",Eaton,DG224NRK,Fusible,General,200,DISCONNECT-Eaton-DG224NRK
"Eaton 100A Safety Switch, Fusible, Lockable, 1 PH/3W, NEMA 3R",Eaton,DG223NRB,Fusible,General,100,DISCONNECT-Eaton-DG223NRB
"Eaton 60A Safety Switch, Fusible, Lockable, 1 PH/3W, NEMA 3R",Eaton,DG222NRB,Fusible,General,60,DISCONNECT-Eaton-DG222NRB
"Eaton 30A Safety Switch, Fusible, Lockable, 1 PH/3W, NEMA 3R",Eaton,DG221NRB,Fusible,General,30,DISCONNECT-Eaton-DG221NRB
"Eaton 100A Safety Switch, Fusible, Lockable, Line Shield, 1 PH/3W, NEMA 3R",Eaton,DG223NRB-00PV,Fusible,General,100,DISCONNECT-Eaton-DG223NRB-00PV
"Eaton 60A Safety Switch, Fusible, Lockable, Line Shield, 1 PH/3W, NEMA 3R",Eaton,DG222NRB-00PV,Fusible,General,60,DISCONNECT-Eaton-DG222NRB-00PV
"Eaton 200A Heavy Duty Safety Switch, Non-Fusible, Lockable, 1 PH/3W, NEMA 3R",Eaton,DH264URK,Non-Fusible,Heavy,200,DISCONNECT-Eaton-DH264URK
"Eaton 100A Heavy Duty Safety Switch, Non-Fusible, Lockable, 1 PH/3W, NEMA 3R",Eaton,DH263URK,Non-Fusible,Heavy,100,DISCONNECT-Eaton-DH263URK
"Eaton 60A Heavy Duty Safety Switch, Non-Fusible, Lockable, 1 PH/3W, NEMA 3R",Eaton,DH262URK,Non-Fusible,Heavy,60,DISCONNECT-Eaton-DH262URK
"Eaton 30A Heavy Duty Safety Switch, Non-Fusible, Lockable, 1 PH/3W, NEMA 3R",Eaton,DH261URK,Non-Fusible,Heavy,30,DISCONNECT-Eaton-DH261URK
"Eaton 200A Heavy Duty Safety Switch, Fusible, Lockable, 1 PH/3W, NEMA 3R",Eaton,DH224NRK,Fusible,Heavy,200,DISCONNECT-Eaton-DH224NRK
"Eaton 100A Heavy Duty Safety Switch, Fusible, Lockable, 1 PH/3W, NEMA 3R",Eaton,DH223NRK,Fusible,Heavy,100,DISCONNECT-Eaton-DH223NRK
"Eaton 60A Heavy Duty Safety Switch, Fusible, Lockable, 1 PH/3W, NEMA 3R",Eaton,DH222NRK,Fusible,Heavy,60,DISCONNECT-Eaton-DH222NRK
"Eaton 30A Heavy Duty Safety Switch, Fusible, Lockable, 1 PH/3W, NEMA 3R",Eaton,DH221NRK,Fusible,Heavy,30,DISCONNECT-Eaton-DH221NRK
"Siemens 200A Safety Switch, Non-Fusible, Lockable, 1 PH/3W, NEMA 3R",Siemens,GNF324R,Non-Fusible,General,200,DISCONNECT-Siemens-GNF324R
"Siemens 100A Safety Switch, Non-Fusible, Lockable, 1 PH/3W, NEMA 3R",Siemens,GNF323R,Non-Fusible,General,100,DISCONNECT-Siemens-GNF323R
"Siemens 60A Safety Switch, Non-Fusible, Lockable, 1 PH/3W, NEMA 3R",Siemens,LNF222RA,Non-Fusible,General,60,DISCONNECT-Siemens-LNF222RA
"Siemens 30A Safety Switch, Non-Fusible, Lockable, 1 PH/3W, NEMA 3R",Siemens,LNF221RLA,Non-Fusible,General,30,DISCONNECT-Siemens-LNF221RLA
"Siemens 200A Safety Switch, Fusible, Lockable, 1 PH/3W, NEMA 3R",Siemens,GF224NR,Fusible,General,200,DISCONNECT-Siemens-GF224NR
"Siemens 100A Safety Switch, Fusible, Lockable, 1 PH/3W, NEMA 3R",Siemens,GF223NR,Fusible,General,100,DISCONNECT-Siemens-GF223NR
"Siemens 60A Safety Switch, Fusible, Lockable, 1 PH/3W, NEMA 3R",Siemens,GF222NRA,Fusible,General,60,DISCONNECT-Siemens-GF222NRA
"Siemens 30A Safety Switch, Fusible, Lockable, 1 PH/3W, NEMA 3R",Siemens,GF221NRLA,Fusible,General,30,DISCONNECT-Siemens-GF221NRLA
"GE 200A Safety Switch, Non-Fusible, Lockable, 1 PH/3W, NEMA 3R",GE,TGN3324R,Non-Fusible,General,200,DISCONNECT-GE-TGN3324R
"GE 100A Safety Switch, Non-Fusible, Lockable, 1 PH/3W, NEMA 3R",GE,TGN3323R,Non-Fusible,General,100,DISCONNECT-GE-TGN3323R
"GE 60A Safety Switch, Non-Fusible, Lockable, 1 PH/3W, NEMA 3R",GE,TGN3322R,Non-Fusible,General,60,DISCONNECT-GE-TGN3322R
"GE 30A Safety Switch, Non-Fusible, Lockable, 1 PH/3W, NEMA 3R",GE,TGN3321R,Non-Fusible,General,30,DISCONNECT-GE-TGN3321R
"GE 200A Safety Switch, Fusible, Lockable, 1 PH/3W, NEMA 3R",GE,TG3224R,Fusible,General,200,DISCONNECT-GE-TG3224R
"GE 100A Safety Switch, Fusible, Lockable, 1 PH/3W, NEMA 3R",GE,TG3223R,Fusible,General,100,DISCONNECT-GE-TG3223R
"GE 60A Safety Switch, Fusible, Lockable, 1 PH/3W, NEMA 3R",GE,TG3222R,Fusible,General,60,DISCONNECT-GE-TG3222R
"GE 30A Safety Switch, Fusible, Lockable, 1 PH/3W, NEMA 3R",GE,TG3221R,Fusible,General,30,DISCONNECT-GE-TG3221R
