Description,Conduit Type,Conduit Material,Conduit Size,Conduit Category,Conduit Designation,
1/2 in EMT Pull Elbow,Pull Elbow,EMT,2-Jan,Conduit Body,1/2-EMT-Pull-Elbow,
1/2 in IMC Pull Elbow,Pull Elbow,IMC,2-Jan,Conduit Body,1/2-IMC-Pull-Elbow,
1/2 in PVC Pull Elbow,Pull Elbow,PVC,2-Jan,Conduit Body,1/2-PVC-Pull-Elbow,
1/2 in PVC Type C,Type C,PVC,2-Jan,Conduit Body,1/2-PVC-Type-C,
1/2 in PVC Type LB,Type LB,PVC,2-Jan,Conduit Body,1/2-PVC-Type-LB,
1/2 in PVC Type LL,Type LL,PVC,2-Jan,Conduit Body,1/2-PVC-Type-LL,
1/2 in PVC Type LR,Type LR,PVC,2-Jan,Conduit Body,1/2-PVC-Type-LR,
1/2 in PVC Type T,Type T,PVC,2-Jan,Conduit Body,1/2-PVC-Type-T,
1/2 in PVC Universal,Universal,PVC,2-Jan,Conduit Body,1/2-PVC-Universal,
1/2 in RMC Pull Elbow,Pull Elbow,RMC,2-Jan,Conduit Body,1/2-RMC-Pull-Elbow,
1-1/2 in EMT Pull Elbow,Pull Elbow,EMT,1/1/2002,Conduit Body,1-1/2-EMT-Pull-Elbow,
1-1/2 in IMC Pull Elbow,Pull Elbow,IMC,1/1/2002,Conduit Body,1-1/2-IMC-Pull-Elbow,
1-1/2 in PVC Pull Elbow,Pull Elbow,PVC,1/1/2002,Conduit Body,1-1/2-PVC-Pull-Elbow,
1-1/2 in PVC Type C,Type C,PVC,1/1/2002,Conduit Body,1-1/2-PVC-Type-C,
1-1/2 in PVC Type LB,Type LB,PVC,1/1/2002,Conduit Body,1-1/2-PVC-Type-LB,
1-1/2 in PVC Type LL,Type LL,PVC,1/1/2002,Conduit Body,1-1/2-PVC-Type-LL,
1-1/2 in PVC Type LR,Type LR,PVC,1/1/2002,Conduit Body,1-1/2-PVC-Type-LR,
1-1/2 in PVC Type T,Type T,PVC,1/1/2002,Conduit Body,1-1/2-PVC-Type-T,
1-1/2 in PVC Universal,Universal,PVC,1/1/2002,Conduit Body,1-1/2-PVC-Universal,
1-1/2 in RMC Pull Elbow,Pull Elbow,RMC,1/1/2002,Conduit Body,1-1/2-RMC-Pull-Elbow,
1-1/4 in EMT Pull Elbow,Pull Elbow,EMT,1/1/2004,Conduit Body,1-1/4-EMT-Pull-Elbow,
1-1/4 in IMC Pull Elbow,Pull Elbow,IMC,1/1/2004,Conduit Body,1-1/4-IMC-Pull-Elbow,
1-1/4 in PVC Pull Elbow,Pull Elbow,PVC,1/1/2004,Conduit Body,1-1/4-PVC-Pull-Elbow,
1-1/4 in PVC Type C,Type C,PVC,1/1/2004,Conduit Body,1-1/4-PVC-Type-C,
1-1/4 in PVC Type LB,Type LB,PVC,1/1/2004,Conduit Body,1-1/4-PVC-Type-LB,
1-1/4 in PVC Type LL,Type LL,PVC,1/1/2004,Conduit Body,1-1/4-PVC-Type-LL,
1-1/4 in PVC Type LR,Type LR,PVC,1/1/2004,Conduit Body,1-1/4-PVC-Type-LR,
1-1/4 in PVC Type T,Type T,PVC,1/1/2004,Conduit Body,1-1/4-PVC-Type-T,
1-1/4 in PVC Universal,Universal,PVC,1/1/2004,Conduit Body,1-1/4-PVC-Universal,
1-1/4 in RMC Pull Elbow,Pull Elbow,RMC,1/1/2004,Conduit Body,1-1/4-RMC-Pull-Elbow,
1 in EMT Pull Elbow,Pull Elbow,EMT,1,Conduit Body,1-EMT-Pull-Elbow,
1 in IMC Pull Elbow,Pull Elbow,IMC,1,Conduit Body,1-IMC-Pull-Elbow,
1 in PVC Pull Elbow,Pull Elbow,PVC,1,Conduit Body,1-PVC-Pull-Elbow,
1 in PVC Type C,Type C,PVC,1,Conduit Body,1-PVC-Type-C,
1 in PVC Type LB,Type LB,PVC,1,Conduit Body,1-PVC-Type-LB,
1 in PVC Type LL,Type LL,PVC,1,Conduit Body,1-PVC-Type-LL,
1 in PVC Type LR,Type LR,PVC,1,Conduit Body,1-PVC-Type-LR,
1 in PVC Type T,Type T,PVC,1,Conduit Body,1-PVC-Type-T,
1 in PVC Universal,Universal,PVC,1,Conduit Body,1-PVC-Universal,
1 in RMC Pull Elbow,Pull Elbow,RMC,1,Conduit Body,1-RMC-Pull-Elbow,
2-1/2 in EMT Pull Elbow,Pull Elbow,EMT,2/1/2002,Conduit Body,2-1/2-EMT-Pull-Elbow,
2-1/2 in IMC Pull Elbow,Pull Elbow,IMC,2/1/2002,Conduit Body,2-1/2-IMC-Pull-Elbow,
2-1/2 in PVC Pull Elbow,Pull Elbow,PVC,2/1/2002,Conduit Body,2-1/2-PVC-Pull-Elbow,
2-1/2 in PVC Type C,Type C,PVC,2/1/2002,Conduit Body,2-1/2-PVC-Type-C,
2-1/2 in PVC Type LB,Type LB,PVC,2/1/2002,Conduit Body,2-1/2-PVC-Type-LB,
2-1/2 in PVC Type LL,Type LL,PVC,2/1/2002,Conduit Body,2-1/2-PVC-Type-LL,
2-1/2 in PVC Type LR,Type LR,PVC,2/1/2002,Conduit Body,2-1/2-PVC-Type-LR,
2-1/2 in PVC Type T,Type T,PVC,2/1/2002,Conduit Body,2-1/2-PVC-Type-T,
2-1/2 in PVC Universal,Universal,PVC,2/1/2002,Conduit Body,2-1/2-PVC-Universal,
2-1/2 in RMC Pull Elbow,Pull Elbow,RMC,2/1/2002,Conduit Body,2-1/2-RMC-Pull-Elbow,
2 in EMT Pull Elbow,Pull Elbow,EMT,2,Conduit Body,2-EMT-Pull-Elbow,
2 in IMC Pull Elbow,Pull Elbow,IMC,2,Conduit Body,2-IMC-Pull-Elbow,
2 in PVC Pull Elbow,Pull Elbow,PVC,2,Conduit Body,2-PVC-Pull-Elbow,
2 in PVC Type C,Type C,PVC,2,Conduit Body,2-PVC-Type-C,
2 in PVC Type LB,Type LB,PVC,2,Conduit Body,2-PVC-Type-LB,
2 in PVC Type LL,Type LL,PVC,2,Conduit Body,2-PVC-Type-LL,
2 in PVC Type LR,Type LR,PVC,2,Conduit Body,2-PVC-Type-LR,
2 in PVC Type T,Type T,PVC,2,Conduit Body,2-PVC-Type-T,
2 in PVC Universal,Universal,PVC,2,Conduit Body,2-PVC-Universal,
2 in RMC Pull Elbow,Pull Elbow,RMC,2,Conduit Body,2-RMC-Pull-Elbow,
3/4 in EMT Pull Elbow,Pull Elbow,EMT,4-Mar,Conduit Body,3/4-EMT-Pull-Elbow,
3/4 in IMC Pull Elbow,Pull Elbow,IMC,4-Mar,Conduit Body,3/4-IMC-Pull-Elbow,
3/4 in PVC Pull Elbow,Pull Elbow,PVC,4-Mar,Conduit Body,3/4-PVC-Pull-Elbow,
3/4 in PVC Type C,Type C,PVC,4-Mar,Conduit Body,3/4-PVC-Type-C,
3/4 in PVC Type LB,Type LB,PVC,4-Mar,Conduit Body,3/4-PVC-Type-LB,
3/4 in PVC Type LL,Type LL,PVC,4-Mar,Conduit Body,3/4-PVC-Type-LL,
3/4 in PVC Type LR,Type LR,PVC,4-Mar,Conduit Body,3/4-PVC-Type-LR,
3/4 in PVC Type T,Type T,PVC,4-Mar,Conduit Body,3/4-PVC-Type-T,
3/4 in PVC Universal,Universal,PVC,4-Mar,Conduit Body,3/4-PVC-Universal,
3/4 in RMC Pull Elbow,Pull Elbow,RMC,4-Mar,Conduit Body,3/4-RMC-Pull-Elbow,
3 in EMT Pull Elbow,Pull Elbow,EMT,3,Conduit Body,3-EMT-Pull-Elbow,
3 in IMC Pull Elbow,Pull Elbow,IMC,3,Conduit Body,3-IMC-Pull-Elbow,
3 in PVC Pull Elbow,Pull Elbow,PVC,3,Conduit Body,3-PVC-Pull-Elbow,
3 in PVC Type C,Type C,PVC,3,Conduit Body,3-PVC-Type-C,
3 in PVC Type LB,Type LB,PVC,3,Conduit Body,3-PVC-Type-LB,
3 in PVC Type LL,Type LL,PVC,3,Conduit Body,3-PVC-Type-LL,
3 in PVC Type LR,Type LR,PVC,3,Conduit Body,3-PVC-Type-LR,
3 in PVC Type T,Type T,PVC,3,Conduit Body,3-PVC-Type-T,
3 in PVC Universal,Universal,PVC,3,Conduit Body,3-PVC-Universal,
3 in RMC Pull Elbow,Pull Elbow,RMC,3,Conduit Body,3-RMC-Pull-Elbow,
1/2 in EMT Compression Connector,Compression Connector,EMT,2-Jan,Conduit Fitting,1/2-EMT-Compression-Connector,
1/2 in EMT Compression Coupling,Compression Coupling,EMT,2-Jan,Conduit Fitting,1/2-EMT-Compression-Coupling,
1/2 in EMT Elbow 45,Elbow 45,EMT,2-Jan,Conduit Fitting,1/2-EMT-Elbow-45,
1/2 in EMT Expansion Coupling,Expansion Coupling,EMT,2-Jan,Conduit Fitting,1/2-EMT-Expansion-Coupling,
1/2 in EMT Set Screw Connector,Set Screw Connector,EMT,2-Jan,Conduit Fitting,1/2-EMT-Set-Screw-Connector,
1/2 in EMT Threaded Coupling,Threaded Coupling,EMT,2-Jan,Conduit Fitting,1/2-EMT-Threaded-Coupling,
1/2 in PVC Cap,Cap,PVC,2-Jan,Conduit Fitting,1/2-PVC-Cap,
1/2 in PVC Coupling,Coupling,PVC,2-Jan,Conduit Fitting,1/2-PVC-Coupling,
1/2 in PVC Elbow 22-1/2,Elbow 22-1/2,PVC,2-Jan,Conduit Fitting,1/2-PVC-Elbow-22-1/2,
1/2 in PVC Elbow 30,Elbow 30,PVC,2-Jan,Conduit Fitting,1/2-PVC-Elbow-30,
1/2 in PVC Elbow 45,Elbow 45,PVC,2-Jan,Conduit Fitting,1/2-PVC-Elbow-45,
1/2 in PVC Elbow 90,Elbow 90,PVC,2-Jan,Conduit Fitting,1/2-PVC-Elbow-90,
1/2 in PVC Expansion Coupling,Expansion Coupling,PVC,2-Jan,Conduit Fitting,1/2-PVC-Expansion-Coupling,
1/2 in PVC Female Adapter,Female Adapter,PVC,2-Jan,Conduit Fitting,1/2-PVC-Female-Adapter,
1/2 in PVC Insulating Bushing,Insulating Bushing,PVC,2-Jan,Conduit Fitting,1/2-PVC-Insulating-Bushing,
1/2 in PVC Terminal Adapter,Terminal Adapter,PVC,2-Jan,Conduit Fitting,1/2-PVC-Terminal-Adapter,
1/2 in PVC Threaded Coupling,Threaded Coupling,PVC,2-Jan,Conduit Fitting,1/2-PVC-Threaded-Coupling,
1/2 in PVC Weatherhead,Weatherhead,PVC,2-Jan,Conduit Fitting,1/2-PVC-Weatherhead,
1/2 in RMC Chase Nipple,Chase Nipple,RMC,2-Jan,Conduit Fitting,1/2-RMC-Chase-Nipple,
1/2 in RMC Compression Connector,Compression Connector,RMC,2-Jan,Conduit Fitting,1/2-RMC-Compression-Connector,
1/2 in RMC Compression Coupling,Compression Coupling,RMC,2-Jan,Conduit Fitting,1/2-RMC-Compression-Coupling,
1/2 in RMC Elbow 45,Elbow 45,RMC,2-Jan,Conduit Fitting,1/2-RMC-Elbow-45,
1/2 in RMC Elbow 90,Elbow 90,RMC,2-Jan,Conduit Fitting,1/2-RMC-Elbow-90,
1/2 in RMC Expansion Coupling,Expansion Coupling,RMC,2-Jan,Conduit Fitting,1/2-RMC-Expansion-Coupling,
1/2 in RMC Locknut,Locknut,RMC,2-Jan,Conduit Fitting,1/2-RMC-Locknut,
1/2 in RMC Raintight Locknut,Raintight Locknut,RMC,2-Jan,Conduit Fitting,1/2-RMC-Raintight-Locknut,
1/2 in RMC Set Screw Connector,Set Screw Connector,RMC,2-Jan,Conduit Fitting,1/2-RMC-Set-Screw-Connector,
1/2 in RMC Straight Nipple,Straight Nipple,RMC,2-Jan,Conduit Fitting,1/2-RMC-Straight-Nipple,
1/2 in RMC Threaded Coupling,Threaded Coupling,RMC,2-Jan,Conduit Fitting,1/2-RMC-Threaded-Coupling,
1/2 in RMC Weatherhead,Weatherhead,RMC,2-Jan,Conduit Fitting,1/2-RMC-Weatherhead,
1/2 in Steel Reducing Washer,Reducing Washer,Steel,2-Jan,Conduit Fitting,1/2-Steel-Reducing-Washer,
1/2 in Steel Sealing Ring,Sealing Ring,Steel,2-Jan,Conduit Fitting,1/2-Steel-Sealing-Ring,
1-1/2 in EMT Compression Connector,Compression Connector,EMT,1/1/2002,Conduit Fitting,1-1/2-EMT-Compression-Connector,
1-1/2 in EMT Compression Coupling,Compression Coupling,EMT,1/1/2002,Conduit Fitting,1-1/2-EMT-Compression-Coupling,
1-1/2 in EMT Elbow 45,Elbow 45,EMT,1/1/2002,Conduit Fitting,1-1/2-EMT-Elbow-45,
1-1/2 in EMT Elbow 90,Elbow 90,EMT,1/1/2002,Conduit Fitting,1-1/2-EMT-Elbow-90,
1-1/2 in EMT Set Screw Connector,Set Screw Connector,EMT,1/1/2002,Conduit Fitting,1-1/2-EMT-Set-Screw-Connector,
1-1/2 in EMT Threaded Coupling,Threaded Coupling,EMT,1/1/2002,Conduit Fitting,1-1/2-EMT-Threaded-Coupling,
1-1/2 in PVC Cap,Cap,PVC,1/1/2002,Conduit Fitting,1-1/2-PVC-Cap,
1-1/2 in PVC Coupling,Coupling,PVC,1/1/2002,Conduit Fitting,1-1/2-PVC-Coupling,
1-1/2 in PVC Elbow 22-1/2,Elbow 22-1/2,PVC,1/1/2002,Conduit Fitting,1-1/2-PVC-Elbow-22-1/2,
1-1/2 in PVC Elbow 30,Elbow 30,PVC,1/1/2002,Conduit Fitting,1-1/2-PVC-Elbow-30,
1-1/2 in PVC Elbow 45,Elbow 45,PVC,1/1/2002,Conduit Fitting,1-1/2-PVC-Elbow-45,
1-1/2 in PVC Elbow 90,Elbow 90,PVC,1/1/2002,Conduit Fitting,1-1/2-PVC-Elbow-90,
1-1/2 in PVC End Bell,End Bell,PVC,1/1/2002,Conduit Fitting,1-1/2-PVC-End-Bell,
1-1/2 in PVC Expansion Coupling,Expansion Coupling,PVC,1/1/2002,Conduit Fitting,1-1/2-PVC-Expansion-Coupling,
1-1/2 in PVC Female Adapter,Female Adapter,PVC,1/1/2002,Conduit Fitting,1-1/2-PVC-Female-Adapter,
1-1/2 in PVC Insulating Bushing,Insulating Bushing,PVC,1/1/2002,Conduit Fitting,1-1/2-PVC-Insulating-Bushing,
1-1/2 in PVC Terminal Adapter,Terminal Adapter,PVC,1/1/2002,Conduit Fitting,1-1/2-PVC-Terminal-Adapter,
1-1/2 in PVC Threaded Coupling,Threaded Coupling,PVC,1/1/2002,Conduit Fitting,1-1/2-PVC-Threaded-Coupling,
1-1/2 in PVC Weatherhead,Weatherhead,PVC,1/1/2002,Conduit Fitting,1-1/2-PVC-Weatherhead,
1-1/2 in RMC Chase Nipple,Chase Nipple,RMC,1/1/2002,Conduit Fitting,1-1/2-RMC-Chase-Nipple,
1-1/2 in RMC Compression Connector,Compression Connector,RMC,1/1/2002,Conduit Fitting,1-1/2-RMC-Compression-Connector,
1-1/2 in RMC Compression Coupling,Compression Coupling,RMC,1/1/2002,Conduit Fitting,1-1/2-RMC-Compression-Coupling,
1-1/2 in RMC Elbow 45,Elbow 45,RMC,1/1/2002,Conduit Fitting,1-1/2-RMC-Elbow-45,
1-1/2 in RMC Elbow 90,Elbow 90,RMC,1/1/2002,Conduit Fitting,1-1/2-RMC-Elbow-90,
1-1/2 in RMC Expansion Coupling,Expansion Coupling,RMC,1/1/2002,Conduit Fitting,1-1/2-RMC-Expansion-Coupling,
1-1/2 in RMC Locknut,Locknut,RMC,1/1/2002,Conduit Fitting,1-1/2-RMC-Locknut,
1-1/2 in RMC Raintight Locknut,Raintight Locknut,RMC,1/1/2002,Conduit Fitting,1-1/2-RMC-Raintight-Locknut,
1-1/2 in RMC Set Screw Connector,Set Screw Connector,RMC,1/1/2002,Conduit Fitting,1-1/2-RMC-Set-Screw-Connector,
1-1/2 in RMC Straight Nipple,Straight Nipple,RMC,1/1/2002,Conduit Fitting,1-1/2-RMC-Straight-Nipple,
1-1/2 in RMC Threaded Coupling,Threaded Coupling,RMC,1/1/2002,Conduit Fitting,1-1/2-RMC-Threaded-Coupling,
1-1/2 in RMC Weatherhead,Weatherhead,RMC,1/1/2002,Conduit Fitting,1-1/2-RMC-Weatherhead,
1-1/2 in Steel Reducing Washer,Reducing Washer,Steel,1/1/2002,Conduit Fitting,1-1/2-Steel-Reducing-Washer,
1-1/2 in Steel Sealing Ring,Sealing Ring,Steel,1/1/2002,Conduit Fitting,1-1/2-Steel-Sealing-Ring,
1-1/4 in EMT Compression Connector,Compression Connector,EMT,1/1/2004,Conduit Fitting,1-1/4-EMT-Compression-Connector,
1-1/4 in EMT Compression Coupling,Compression Coupling,EMT,1/1/2004,Conduit Fitting,1-1/4-EMT-Compression-Coupling,
1-1/4 in EMT Elbow 45,Elbow 45,EMT,1/1/2004,Conduit Fitting,1-1/4-EMT-Elbow-45,
1-1/4 in EMT Elbow 90,Elbow 90,EMT,1/1/2004,Conduit Fitting,1-1/4-EMT-Elbow-90,
1-1/4 in EMT Set Screw Connector,Set Screw Connector,EMT,1/1/2004,Conduit Fitting,1-1/4-EMT-Set-Screw-Connector,
1-1/4 in EMT Threaded Coupling,Threaded Coupling,EMT,1/1/2004,Conduit Fitting,1-1/4-EMT-Threaded-Coupling,
1-1/4 in PVC Cap,Cap,PVC,1/1/2004,Conduit Fitting,1-1/4-PVC-Cap,
1-1/4 in PVC Coupling,Coupling,PVC,1/1/2004,Conduit Fitting,1-1/4-PVC-Coupling,
1-1/4 in PVC Elbow 22-1/2,Elbow 22-1/2,PVC,1/1/2004,Conduit Fitting,1-1/4-PVC-Elbow-22-1/2,
1-1/4 in PVC Elbow 30,Elbow 30,PVC,1/1/2004,Conduit Fitting,1-1/4-PVC-Elbow-30,
1-1/4 in PVC Elbow 45,Elbow 45,PVC,1/1/2004,Conduit Fitting,1-1/4-PVC-Elbow-45,
1-1/4 in PVC Elbow 90,Elbow 90,PVC,1/1/2004,Conduit Fitting,1-1/4-PVC-Elbow-90,
1-1/4 in PVC End Bell,End Bell,PVC,1/1/2004,Conduit Fitting,1-1/4-PVC-End-Bell,
1-1/4 in PVC Expansion Coupling,Expansion Coupling,PVC,1/1/2004,Conduit Fitting,1-1/4-PVC-Expansion-Coupling,
1-1/4 in PVC Female Adapter,Female Adapter,PVC,1/1/2004,Conduit Fitting,1-1/4-PVC-Female-Adapter,
1-1/4 in PVC Insulating Bushing,Insulating Bushing,PVC,1/1/2004,Conduit Fitting,1-1/4-PVC-Insulating-Bushing,
1-1/4 in PVC Terminal Adapter,Terminal Adapter,PVC,1/1/2004,Conduit Fitting,1-1/4-PVC-Terminal-Adapter,
1-1/4 in PVC Threaded Coupling,Threaded Coupling,PVC,1/1/2004,Conduit Fitting,1-1/4-PVC-Threaded-Coupling,
1-1/4 in PVC Weatherhead,Weatherhead,PVC,1/1/2004,Conduit Fitting,1-1/4-PVC-Weatherhead,
1-1/4 in RMC Chase Nipple,Chase Nipple,RMC,1/1/2004,Conduit Fitting,1-1/4-RMC-Chase-Nipple,
1-1/4 in RMC Compression Connector,Compression Connector,RMC,1/1/2004,Conduit Fitting,1-1/4-RMC-Compression-Connector,
1-1/4 in RMC Compression Coupling,Compression Coupling,RMC,1/1/2004,Conduit Fitting,1-1/4-RMC-Compression-Coupling,
1-1/4 in RMC Elbow 45,Elbow 45,RMC,1/1/2004,Conduit Fitting,1-1/4-RMC-Elbow-45,
1-1/4 in RMC Elbow 90,Elbow 90,RMC,1/1/2004,Conduit Fitting,1-1/4-RMC-Elbow-90,
1-1/4 in RMC Expansion Coupling,Expansion Coupling,RMC,1/1/2004,Conduit Fitting,1-1/4-RMC-Expansion-Coupling,
1-1/4 in RMC Locknut,Locknut,RMC,1/1/2004,Conduit Fitting,1-1/4-RMC-Locknut,
1-1/4 in RMC Raintight Locknut,Raintight Locknut,RMC,1/1/2004,Conduit Fitting,1-1/4-RMC-Raintight-Locknut,
1-1/4 in RMC Set Screw Connector,Set Screw Connector,RMC,1/1/2004,Conduit Fitting,1-1/4-RMC-Set-Screw-Connector,
1-1/4 in RMC Straight Nipple,Straight Nipple,RMC,1/1/2004,Conduit Fitting,1-1/4-RMC-Straight-Nipple,
1-1/4 in RMC Threaded Coupling,Threaded Coupling,RMC,1/1/2004,Conduit Fitting,1-1/4-RMC-Threaded-Coupling,
1-1/4 in RMC Weatherhead,Weatherhead,RMC,1/1/2004,Conduit Fitting,1-1/4-RMC-Weatherhead,
1-1/4 in Steel Reducing Washer,Reducing Washer,Steel,1/1/2004,Conduit Fitting,1-1/4-Steel-Reducing-Washer,
1-1/4 in Steel Sealing Ring,Sealing Ring,Steel,1/1/2004,Conduit Fitting,1-1/4-Steel-Sealing-Ring,
1 in EMT Compression Connector,Compression Connector,EMT,1,Conduit Fitting,1-EMT-Compression-Connector,
1 in EMT Compression Coupling,Compression Coupling,EMT,1,Conduit Fitting,1-EMT-Compression-Coupling,
1 in EMT Elbow 45,Elbow 45,EMT,1,Conduit Fitting,1-EMT-Elbow-45,
1 in EMT Elbow 90,Elbow 90,EMT,1,Conduit Fitting,1-EMT-Elbow-90,
1 in EMT Set Screw Connector,Set Screw Connector,EMT,1,Conduit Fitting,1-EMT-Set-Screw-Connector,
1 in EMT Threaded Coupling,Threaded Coupling,EMT,1,Conduit Fitting,1-EMT-Threaded-Coupling,
1 in PVC Cap,Cap,PVC,1,Conduit Fitting,1-PVC-Cap,
1 in PVC Coupling,Coupling,PVC,1,Conduit Fitting,1-PVC-Coupling,
1 in PVC Elbow 22-1/2,Elbow 22-1/2,PVC,1,Conduit Fitting,1-PVC-Elbow-22-1/2,
1 in PVC Elbow 30,Elbow 30,PVC,1,Conduit Fitting,1-PVC-Elbow-30,
1 in PVC Elbow 45,Elbow 45,PVC,1,Conduit Fitting,1-PVC-Elbow-45,
1 in PVC Elbow 90,Elbow 90,PVC,1,Conduit Fitting,1-PVC-Elbow-90,
1 in PVC End Bell,End Bell,PVC,1,Conduit Fitting,1-PVC-End-Bell,
1 in PVC Expansion Coupling,Expansion Coupling,PVC,1,Conduit Fitting,1-PVC-Expansion-Coupling,
1 in PVC Female Adapter,Female Adapter,PVC,1,Conduit Fitting,1-PVC-Female-Adapter,
1 in PVC Insulating Bushing,Insulating Bushing,PVC,1,Conduit Fitting,1-PVC-Insulating-Bushing,
1 in PVC Terminal Adapter,Terminal Adapter,PVC,1,Conduit Fitting,1-PVC-Terminal-Adapter,
1 in PVC Threaded Coupling,Threaded Coupling,PVC,1,Conduit Fitting,1-PVC-Threaded-Coupling,
1 in PVC Weatherhead,Weatherhead,PVC,1,Conduit Fitting,1-PVC-Weatherhead,
1 in RMC Chase Nipple,Chase Nipple,RMC,1,Conduit Fitting,1-RMC-Chase-Nipple,
1 in RMC Compression Connector,Compression Connector,RMC,1,Conduit Fitting,1-RMC-Compression-Connector,
1 in RMC Compression Coupling,Compression Coupling,RMC,1,Conduit Fitting,1-RMC-Compression-Coupling,
1 in RMC Elbow 45,Elbow 45,RMC,1,Conduit Fitting,1-RMC-Elbow-45,
1 in RMC Elbow 90,Elbow 90,RMC,1,Conduit Fitting,1-RMC-Elbow-90,
1 in RMC Expansion Coupling,Expansion Coupling,RMC,1,Conduit Fitting,1-RMC-Expansion-Coupling,
1 in RMC Locknut,Locknut,RMC,1,Conduit Fitting,1-RMC-Locknut,
1 in RMC Raintight Locknut,Raintight Locknut,RMC,1,Conduit Fitting,1-RMC-Raintight-Locknut,
1 in RMC Set Screw Connector,Set Screw Connector,RMC,1,Conduit Fitting,1-RMC-Set-Screw-Connector,
1 in RMC Straight Nipple,Straight Nipple,RMC,1,Conduit Fitting,1-RMC-Straight-Nipple,
1 in RMC Threaded Coupling,Threaded Coupling,RMC,1,Conduit Fitting,1-RMC-Threaded-Coupling,
1 in RMC Weatherhead,Weatherhead,RMC,1,Conduit Fitting,1-RMC-Weatherhead,
1 in Steel Reducing Washer,Reducing Washer,Steel,1,Conduit Fitting,1-Steel-Reducing-Washer,
1 in Steel Sealing Ring,Sealing Ring,Steel,1,Conduit Fitting,1-Steel-Sealing-Ring,
2-1/2 in EMT Compression Connector,Compression Connector,EMT,2/1/2002,Conduit Fitting,2-1/2-EMT-Compression-Connector,
2-1/2 in EMT Compression Coupling,Compression Coupling,EMT,2/1/2002,Conduit Fitting,2-1/2-EMT-Compression-Coupling,
2-1/2 in EMT Elbow 45,Elbow 45,EMT,2/1/2002,Conduit Fitting,2-1/2-EMT-Elbow-45,
2-1/2 in EMT Elbow 90,Elbow 90,EMT,2/1/2002,Conduit Fitting,2-1/2-EMT-Elbow-90,
2-1/2 in EMT Set Screw Connector,Set Screw Connector,EMT,2/1/2002,Conduit Fitting,2-1/2-EMT-Set-Screw-Connector,
2-1/2 in EMT Threaded Coupling,Threaded Coupling,EMT,2/1/2002,Conduit Fitting,2-1/2-EMT-Threaded-Coupling,
2-1/2 in PVC Cap,Cap,PVC,2/1/2002,Conduit Fitting,2-1/2-PVC-Cap,
2-1/2 in PVC Coupling,Coupling,PVC,2/1/2002,Conduit Fitting,2-1/2-PVC-Coupling,
2-1/2 in PVC Elbow 22-1/2,Elbow 22-1/2,PVC,2/1/2002,Conduit Fitting,2-1/2-PVC-Elbow-22-1/2,
2-1/2 in PVC Elbow 30,Elbow 30,PVC,2/1/2002,Conduit Fitting,2-1/2-PVC-Elbow-30,
2-1/2 in PVC Elbow 45,Elbow 45,PVC,2/1/2002,Conduit Fitting,2-1/2-PVC-Elbow-45,
2-1/2 in PVC Elbow 90,Elbow 90,PVC,2/1/2002,Conduit Fitting,2-1/2-PVC-Elbow-90,
2-1/2 in PVC End Bell,End Bell,PVC,2/1/2002,Conduit Fitting,2-1/2-PVC-End-Bell,
2-1/2 in PVC Expansion Coupling,Expansion Coupling,PVC,2/1/2002,Conduit Fitting,2-1/2-PVC-Expansion-Coupling,
2-1/2 in PVC Female Adapter,Female Adapter,PVC,2/1/2002,Conduit Fitting,2-1/2-PVC-Female-Adapter,
2-1/2 in PVC Insulating Bushing,Insulating Bushing,PVC,2/1/2002,Conduit Fitting,2-1/2-PVC-Insulating-Bushing,
2-1/2 in PVC Slip Sleeve,Slip Sleeve,PVC,2/1/2002,Conduit Fitting,2-1/2-PVC-Slip-Sleeve,
2-1/2 in PVC Swedge Reducer,Swedge Reducer,PVC,2/1/2002,Conduit Fitting,2-1/2-PVC-Swedge-Reducer,
2-1/2 in PVC Terminal Adapter,Terminal Adapter,PVC,2/1/2002,Conduit Fitting,2-1/2-PVC-Terminal-Adapter,
2-1/2 in PVC Threaded Coupling,Threaded Coupling,PVC,2/1/2002,Conduit Fitting,2-1/2-PVC-Threaded-Coupling,
2-1/2 in PVC Weatherhead,Weatherhead,PVC,2/1/2002,Conduit Fitting,2-1/2-PVC-Weatherhead,
2-1/2 in RMC Chase Nipple,Chase Nipple,RMC,2/1/2002,Conduit Fitting,2-1/2-RMC-Chase-Nipple,
2-1/2 in RMC Compression Connector,Compression Connector,RMC,2/1/2002,Conduit Fitting,2-1/2-RMC-Compression-Connector,
2-1/2 in RMC Compression Coupling,Compression Coupling,RMC,2/1/2002,Conduit Fitting,2-1/2-RMC-Compression-Coupling,
2-1/2 in RMC Elbow 45,Elbow 45,RMC,2/1/2002,Conduit Fitting,2-1/2-RMC-Elbow-45,
2-1/2 in RMC Elbow 90,Elbow 90,RMC,2/1/2002,Conduit Fitting,2-1/2-RMC-Elbow-90,
2-1/2 in RMC Expansion Coupling,Expansion Coupling,RMC,2/1/2002,Conduit Fitting,2-1/2-RMC-Expansion-Coupling,
2-1/2 in RMC Locknut,Locknut,RMC,2/1/2002,Conduit Fitting,2-1/2-RMC-Locknut,
2-1/2 in RMC Raintight Locknut,Raintight Locknut,RMC,2/1/2002,Conduit Fitting,2-1/2-RMC-Raintight-Locknut,
2-1/2 in RMC Set Screw Connector,Set Screw Connector,RMC,2/1/2002,Conduit Fitting,2-1/2-RMC-Set-Screw-Connector,
2-1/2 in RMC Straight Nipple,Straight Nipple,RMC,2/1/2002,Conduit Fitting,2-1/2-RMC-Straight-Nipple,
2-1/2 in RMC Threaded Coupling,Threaded Coupling,RMC,2/1/2002,Conduit Fitting,2-1/2-RMC-Threaded-Coupling,
2-1/2 in RMC Weatherhead,Weatherhead,RMC,2/1/2002,Conduit Fitting,2-1/2-RMC-Weatherhead,
2-1/2 in Steel Reducing Washer,Reducing Washer,Steel,2/1/2002,Conduit Fitting,2-1/2-Steel-Reducing-Washer,
2-1/2 in Steel Sealing Ring,Sealing Ring,Steel,2/1/2002,Conduit Fitting,2-1/2-Steel-Sealing-Ring,
2 in EMT Compression Connector,Compression Connector,EMT,2,Conduit Fitting,2-EMT-Compression-Connector,
2 in EMT Compression Coupling,Compression Coupling,EMT,2,Conduit Fitting,2-EMT-Compression-Coupling,
2 in EMT Elbow 45,Elbow 45,EMT,2,Conduit Fitting,2-EMT-Elbow-45,
2 in EMT Elbow 90,Elbow 90,EMT,2,Conduit Fitting,2-EMT-Elbow-90,
2 in EMT Set Screw Connector,Set Screw Connector,EMT,2,Conduit Fitting,2-EMT-Set-Screw-Connector,
2 in EMT Threaded Coupling,Threaded Coupling,EMT,2,Conduit Fitting,2-EMT-Threaded-Coupling,
2 in PVC Cap,Cap,PVC,2,Conduit Fitting,2-PVC-Cap,
2 in PVC Coupling,Coupling,PVC,2,Conduit Fitting,2-PVC-Coupling,
2 in PVC Elbow 22-1/2,Elbow 22-1/2,PVC,2,Conduit Fitting,2-PVC-Elbow-22-1/2,
2 in PVC Elbow 30,Elbow 30,PVC,2,Conduit Fitting,2-PVC-Elbow-30,
2 in PVC Elbow 45,Elbow 45,PVC,2,Conduit Fitting,2-PVC-Elbow-45,
2 in PVC Elbow 90,Elbow 90,PVC,2,Conduit Fitting,2-PVC-Elbow-90,
2 in PVC End Bell,End Bell,PVC,2,Conduit Fitting,2-PVC-End-Bell,
2 in PVC Expansion Coupling,Expansion Coupling,PVC,2,Conduit Fitting,2-PVC-Expansion-Coupling,
2 in PVC Female Adapter,Female Adapter,PVC,2,Conduit Fitting,2-PVC-Female-Adapter,
2 in PVC Insulating Bushing,Insulating Bushing,PVC,2,Conduit Fitting,2-PVC-Insulating-Bushing,
2 in PVC Slip Sleeve,Slip Sleeve,PVC,2,Conduit Fitting,2-PVC-Slip-Sleeve,
2 in PVC Swedge Reducer,Swedge Reducer,PVC,2,Conduit Fitting,2-PVC-Swedge-Reducer,
2 in PVC Terminal Adapter,Terminal Adapter,PVC,2,Conduit Fitting,2-PVC-Terminal-Adapter,
2 in PVC Threaded Coupling,Threaded Coupling,PVC,2,Conduit Fitting,2-PVC-Threaded-Coupling,
2 in PVC Weatherhead,Weatherhead,PVC,2,Conduit Fitting,2-PVC-Weatherhead,
2 in RMC Chase Nipple,Chase Nipple,RMC,2,Conduit Fitting,2-RMC-Chase-Nipple,
2 in RMC Compression Connector,Compression Connector,RMC,2,Conduit Fitting,2-RMC-Compression-Connector,
2 in RMC Compression Coupling,Compression Coupling,RMC,2,Conduit Fitting,2-RMC-Compression-Coupling,
2 in RMC Elbow 45,Elbow 45,RMC,2,Conduit Fitting,2-RMC-Elbow-45,
2 in RMC Elbow 90,Elbow 90,RMC,2,Conduit Fitting,2-RMC-Elbow-90,
2 in RMC Expansion Coupling,Expansion Coupling,RMC,2,Conduit Fitting,2-RMC-Expansion-Coupling,
2 in RMC Locknut,Locknut,RMC,2,Conduit Fitting,2-RMC-Locknut,
2 in RMC Raintight Locknut,Raintight Locknut,RMC,2,Conduit Fitting,2-RMC-Raintight-Locknut,
2 in RMC Set Screw Connector,Set Screw Connector,RMC,2,Conduit Fitting,2-RMC-Set-Screw-Connector,
2 in RMC Straight Nipple,Straight Nipple,RMC,2,Conduit Fitting,2-RMC-Straight-Nipple,
2 in RMC Threaded Coupling,Threaded Coupling,RMC,2,Conduit Fitting,2-RMC-Threaded-Coupling,
2 in RMC Weatherhead,Weatherhead,RMC,2,Conduit Fitting,2-RMC-Weatherhead,
2 in Steel Reducing Washer,Reducing Washer,Steel,2,Conduit Fitting,2-Steel-Reducing-Washer,
2 in Steel Sealing Ring,Sealing Ring,Steel,2,Conduit Fitting,2-Steel-Sealing-Ring,
3/4 in EMT Compression Connector,Compression Connector,EMT,4-Mar,Conduit Fitting,3/4-EMT-Compression-Connector,
3/4 in EMT Compression Coupling,Compression Coupling,EMT,4-Mar,Conduit Fitting,3/4-EMT-Compression-Coupling,
3/4 in EMT Elbow 45,Elbow 45,EMT,4-Mar,Conduit Fitting,3/4-EMT-Elbow-45,
3/4 in EMT Elbow 90,Elbow 90,EMT,4-Mar,Conduit Fitting,3/4-EMT-Elbow-90,
3/4 in EMT Set Screw Connector,Set Screw Connector,EMT,4-Mar,Conduit Fitting,3/4-EMT-Set-Screw-Connector,
3/4 in EMT Threaded Coupling,Threaded Coupling,EMT,4-Mar,Conduit Fitting,3/4-EMT-Threaded-Coupling,
3/4 in PVC Cap,Cap,PVC,4-Mar,Conduit Fitting,3/4-PVC-Cap,
3/4 in PVC Coupling,Coupling,PVC,4-Mar,Conduit Fitting,3/4-PVC-Coupling,
3/4 in PVC Elbow 22-1/2,Elbow 22-1/2,PVC,4-Mar,Conduit Fitting,3/4-PVC-Elbow-22-1/2,
3/4 in PVC Elbow 30,Elbow 30,PVC,4-Mar,Conduit Fitting,3/4-PVC-Elbow-30,
3/4 in PVC Elbow 45,Elbow 45,PVC,4-Mar,Conduit Fitting,3/4-PVC-Elbow-45,
3/4 in PVC Elbow 90,Elbow 90,PVC,4-Mar,Conduit Fitting,3/4-PVC-Elbow-90,
3/4 in PVC Expansion Coupling,Expansion Coupling,PVC,4-Mar,Conduit Fitting,3/4-PVC-Expansion-Coupling,
3/4 in PVC Female Adapter,Female Adapter,PVC,4-Mar,Conduit Fitting,3/4-PVC-Female-Adapter,
3/4 in PVC Insulating Bushing,Insulating Bushing,PVC,4-Mar,Conduit Fitting,3/4-PVC-Insulating-Bushing,
3/4 in PVC Terminal Adapter,Terminal Adapter,PVC,4-Mar,Conduit Fitting,3/4-PVC-Terminal-Adapter,
3/4 in PVC Threaded Coupling,Threaded Coupling,PVC,4-Mar,Conduit Fitting,3/4-PVC-Threaded-Coupling,
3/4 in PVC Weatherhead,Weatherhead,PVC,4-Mar,Conduit Fitting,3/4-PVC-Weatherhead,
3/4 in RMC Chase Nipple,Chase Nipple,RMC,4-Mar,Conduit Fitting,3/4-RMC-Chase-Nipple,
3/4 in RMC Compression Connector,Compression Connector,RMC,4-Mar,Conduit Fitting,3/4-RMC-Compression-Connector,
3/4 in RMC Compression Coupling,Compression Coupling,RMC,4-Mar,Conduit Fitting,3/4-RMC-Compression-Coupling,
3/4 in RMC Elbow 45,Elbow 45,RMC,4-Mar,Conduit Fitting,3/4-RMC-Elbow-45,
3/4 in RMC Elbow 90,Elbow 90,RMC,4-Mar,Conduit Fitting,3/4-RMC-Elbow-90,
3/4 in RMC Expansion Coupling,Expansion Coupling,RMC,4-Mar,Conduit Fitting,3/4-RMC-Expansion-Coupling,
3/4 in RMC Locknut,Locknut,RMC,4-Mar,Conduit Fitting,3/4-RMC-Locknut,
3/4 in RMC Raintight Locknut,Raintight Locknut,RMC,4-Mar,Conduit Fitting,3/4-RMC-Raintight-Locknut,
3/4 in RMC Set Screw Connector,Set Screw Connector,RMC,4-Mar,Conduit Fitting,3/4-RMC-Set-Screw-Connector,
3/4 in RMC Straight Nipple,Straight Nipple,RMC,4-Mar,Conduit Fitting,3/4-RMC-Straight-Nipple,
3/4 in RMC Threaded Coupling,Threaded Coupling,RMC,4-Mar,Conduit Fitting,3/4-RMC-Threaded-Coupling,
3/4 in RMC Weatherhead,Weatherhead,RMC,4-Mar,Conduit Fitting,3/4-RMC-Weatherhead,
3/4 in Steel Reducing Washer,Reducing Washer,Steel,4-Mar,Conduit Fitting,3/4-Steel-Reducing-Washer,
3/4 in Steel Sealing Ring,Sealing Ring,Steel,4-Mar,Conduit Fitting,3/4-Steel-Sealing-Ring,
3-1/2 in PVC Slip Sleeve,Slip Sleeve,PVC,3/1/2002,Conduit Fitting,3-1/2-PVC-Slip-Sleeve,
3-1/2 in PVC Swedge Reducer,Swedge Reducer,PVC,3/1/2002,Conduit Fitting,3-1/2-PVC-Swedge-Reducer,
3 in EMT Compression Connector,Compression Connector,EMT,3,Conduit Fitting,3-EMT-Compression-Connector,
3 in EMT Compression Coupling,Compression Coupling,EMT,3,Conduit Fitting,3-EMT-Compression-Coupling,
3 in EMT Elbow 45,Elbow 45,EMT,3,Conduit Fitting,3-EMT-Elbow-45,
3 in EMT Elbow 90,Elbow 90,EMT,3,Conduit Fitting,3-EMT-Elbow-90,
3 in EMT Set Screw Connector,Set Screw Connector,EMT,3,Conduit Fitting,3-EMT-Set-Screw-Connector,
3 in EMT Threaded Coupling,Threaded Coupling,EMT,3,Conduit Fitting,3-EMT-Threaded-Coupling,
3 in PVC Cap,Cap,PVC,3,Conduit Fitting,3-PVC-Cap,
3 in PVC Coupling,Coupling,PVC,3,Conduit Fitting,3-PVC-Coupling,
3 in PVC Elbow 22-1/2,Elbow 22-1/2,PVC,3,Conduit Fitting,3-PVC-Elbow-22-1/2,
3 in PVC Elbow 30,Elbow 30,PVC,3,Conduit Fitting,3-PVC-Elbow-30,
3 in PVC Elbow 45,Elbow 45,PVC,3,Conduit Fitting,3-PVC-Elbow-45,
3 in PVC Elbow 90,Elbow 90,PVC,3,Conduit Fitting,3-PVC-Elbow-90,
3 in PVC End Bell,End Bell,PVC,3,Conduit Fitting,3-PVC-End-Bell,
3 in PVC Expansion Coupling,Expansion Coupling,PVC,3,Conduit Fitting,3-PVC-Expansion-Coupling,
3 in PVC Female Adapter,Female Adapter,PVC,3,Conduit Fitting,3-PVC-Female-Adapter,
3 in PVC Insulating Bushing,Insulating Bushing,PVC,3,Conduit Fitting,3-PVC-Insulating-Bushing,
3 in PVC Slip Sleeve,Slip Sleeve,PVC,3,Conduit Fitting,3-PVC-Slip-Sleeve,
3 in PVC Swedge Reducer,Swedge Reducer,PVC,3,Conduit Fitting,3-PVC-Swedge-Reducer,
3 in PVC Terminal Adapter,Terminal Adapter,PVC,3,Conduit Fitting,3-PVC-Terminal-Adapter,
3 in PVC Threaded Coupling,Threaded Coupling,PVC,3,Conduit Fitting,3-PVC-Threaded-Coupling,
3 in PVC Weatherhead,Weatherhead,PVC,3,Conduit Fitting,3-PVC-Weatherhead,
3 in RMC Chase Nipple,Chase Nipple,RMC,3,Conduit Fitting,3-RMC-Chase-Nipple,
3 in RMC Compression Connector,Compression Connector,RMC,3,Conduit Fitting,3-RMC-Compression-Connector,
3 in RMC Compression Coupling,Compression Coupling,RMC,3,Conduit Fitting,3-RMC-Compression-Coupling,
3 in RMC Elbow 45,Elbow 45,RMC,3,Conduit Fitting,3-RMC-Elbow-45,
3 in RMC Elbow 90,Elbow 90,RMC,3,Conduit Fitting,3-RMC-Elbow-90,
3 in RMC Expansion Coupling,Expansion Coupling,RMC,3,Conduit Fitting,3-RMC-Expansion-Coupling,
3 in RMC Locknut,Locknut,RMC,3,Conduit Fitting,3-RMC-Locknut,
3 in RMC Raintight Locknut,Raintight Locknut,RMC,3,Conduit Fitting,3-RMC-Raintight-Locknut,
3 in RMC Set Screw Connector,Set Screw Connector,RMC,3,Conduit Fitting,3-RMC-Set-Screw-Connector,
3 in RMC Straight Nipple,Straight Nipple,RMC,3,Conduit Fitting,3-RMC-Straight-Nipple,
3 in RMC Threaded Coupling,Threaded Coupling,RMC,3,Conduit Fitting,3-RMC-Threaded-Coupling,
3 in RMC Weatherhead,Weatherhead,RMC,3,Conduit Fitting,3-RMC-Weatherhead,
3 in Steel Reducing Washer,Reducing Washer,Steel,3,Conduit Fitting,3-Steel-Reducing-Washer,
3 in Steel Sealing Ring,Sealing Ring,Steel,3,Conduit Fitting,3-Steel-Sealing-Ring,
4 in PVC Slip Sleeve,Slip Sleeve,PVC,4,Conduit Fitting,4-PVC-Slip-Sleeve,
4 in PVC Swedge Reducer,Swedge Reducer,PVC,4,Conduit Fitting,4-PVC-Swedge-Reducer,
1/2 in FMC Conduit,Conduit,FMC,2-Jan,Conduit Flexible,1/2-FMC-Conduit,
1/2 in LFMC Conduit,Conduit,LFMC,2-Jan,Conduit Flexible,1/2-LFMC-Conduit,
1/2 in LFNC Conduit,Conduit,LFNC,2-Jan,Conduit Flexible,1/2-LFNC-Conduit,
1-1/2 in FMC Conduit,Conduit,FMC,1/1/2002,Conduit Flexible,1-1/2-FMC-Conduit,
1-1/2 in LFMC Conduit,Conduit,LFMC,1/1/2002,Conduit Flexible,1-1/2-LFMC-Conduit,
1-1/2 in LFNC Conduit,Conduit,LFNC,1/1/2002,Conduit Flexible,1-1/2-LFNC-Conduit,
1-1/4 in FMC Conduit,Conduit,FMC,1/1/2004,Conduit Flexible,1-1/4-FMC-Conduit,
1-1/4 in LFMC Conduit,Conduit,LFMC,1/1/2004,Conduit Flexible,1-1/4-LFMC-Conduit,
1-1/4 in LFNC Conduit,Conduit,LFNC,1/1/2004,Conduit Flexible,1-1/4-LFNC-Conduit,
1 in FMC Conduit,Conduit,FMC,1,Conduit Flexible,1-FMC-Conduit,QMCPT-A-12
1 in LFMC Conduit,Conduit,LFMC,1,Conduit Flexible,1-LFMC-Conduit,QMCMT A 12
1 in LFNC Conduit,Conduit,LFNC,1,Conduit Flexible,1-LFNC-Conduit,QMCC B12
2-1/2 in FMC Conduit,Conduit,FMC,2/1/2002,Conduit Flexible,2-1/2-FMC-Conduit,QMCC A12
2-1/2 in LFMC Conduit,Conduit,LFMC,2/1/2002,Conduit Flexible,2-1/2-LFMC-Conduit,QMCC A 12
2-1/2 in LFNC Conduit,Conduit,LFNC,2/1/2002,Conduit Flexible,2-1/2-LFNC-Conduit,PSCA-0MM0
2 in FMC Conduit,Conduit,FMC,2,Conduit Flexible,2-FMC-Conduit,FM-CM-001-B
2 in LFMC Conduit,Conduit,LFMC,2,Conduit Flexible,2-LFMC-Conduit,FM-CM-001B
2 in LFNC Conduit,Conduit,LFNC,2,Conduit Flexible,2-LFNC-Conduit,242-02106
3/4 in FMC Conduit,Conduit,FMC,4-Mar,Conduit Flexible,3/4-FMC-Conduit,17734
3/4 in LFMC Conduit,Conduit,LFMC,4-Mar,Conduit Flexible,3/4-LFMC-Conduit,00802CM
3/4 in LFNC Conduit,Conduit,LFNC,4-Mar,Conduit Flexible,3/4-LFNC-Conduit,RPS50H6EG
3 in FMC Conduit,Conduit,FMC,3,Conduit Flexible,3-FMC-Conduit,00822CM
3 in LFMC Conduit,Conduit,LFMC,3,Conduit Flexible,3-LFMC-Conduit,96160
3 in LFNC Conduit,Conduit,LFNC,3,Conduit Flexible,3-LFNC-Conduit,242-02104
1/2 in EMT Conduit,Conduit,EMT,2-Jan,Conduit Rigid,1/2-EMT-Conduit,QMCMT-A-12
1/2 in IMC Conduit,Conduit,IMC,2-Jan,Conduit Rigid,1/2-IMC-Conduit,16321
1/2 in PVC Conduit,Conduit,PVC,2-Jan,Conduit Rigid,1/2-PVC-Conduit,RPS506EG
1/2 in RMC Conduit,Conduit,RMC,2-Jan,Conduit Rigid,1/2-RMC-Conduit,242-02730
1-1/2 in EMT Conduit,Conduit,EMT,1/1/2002,Conduit Rigid,1-1/2-EMT-Conduit,PSCA-0MB0
1-1/2 in IMC Conduit,Conduit,IMC,1/1/2002,Conduit Rigid,1-1/2-IMC-Conduit,QMCC-A-12
1-1/2 in PVC Conduit,Conduit,PVC,1/1/2002,Conduit Rigid,1-1/2-PVC-Conduit,242-02731
1-1/2 in RMC Conduit,Conduit,RMC,1/1/2002,Conduit Rigid,1-1/2-RMC-Conduit,QM-BUG-01-M1
1-1/4 in EMT Conduit,Conduit,EMT,1/1/2004,Conduit Rigid,1-1/4-EMT-Conduit,
1-1/4 in IMC Conduit,Conduit,IMC,1/1/2004,Conduit Rigid,1-1/4-IMC-Conduit,
1-1/4 in PVC Conduit,Conduit,PVC,1/1/2004,Conduit Rigid,1-1/4-PVC-Conduit,
1-1/4 in RMC Conduit,Conduit,RMC,1/1/2004,Conduit Rigid,1-1/4-RMC-Conduit,
1 in EMT Conduit,Conduit,EMT,1,Conduit Rigid,1-EMT-Conduit,
1 in IMC Conduit,Conduit,IMC,1,Conduit Rigid,1-IMC-Conduit,
1 in PVC Conduit,Conduit,PVC,1,Conduit Rigid,1-PVC-Conduit,
1 in RMC Conduit,Conduit,RMC,1,Conduit Rigid,1-RMC-Conduit,
2-1/2 in EMT Conduit,Conduit,EMT,2/1/2002,Conduit Rigid,2-1/2-EMT-Conduit,
2-1/2 in IMC Conduit,Conduit,IMC,2/1/2002,Conduit Rigid,2-1/2-IMC-Conduit,
2-1/2 in PVC Conduit,Conduit,PVC,2/1/2002,Conduit Rigid,2-1/2-PVC-Conduit,
2-1/2 in RMC Conduit,Conduit,RMC,2/1/2002,Conduit Rigid,2-1/2-RMC-Conduit,
2 in EMT Conduit,Conduit,EMT,2,Conduit Rigid,2-EMT-Conduit,
2 in IMC Conduit,Conduit,IMC,2,Conduit Rigid,2-IMC-Conduit,
2 in PVC Conduit,Conduit,PVC,2,Conduit Rigid,2-PVC-Conduit,
2 in RMC Conduit,Conduit,RMC,2,Conduit Rigid,2-RMC-Conduit,
3/4 in EMT Conduit,Conduit,EMT,4-Mar,Conduit Rigid,3/4-EMT-Conduit,
3/4 in IMC Conduit,Conduit,IMC,4-Mar,Conduit Rigid,3/4-IMC-Conduit,
3/4 in PVC Conduit,Conduit,PVC,4-Mar,Conduit Rigid,3/4-PVC-Conduit,
3/4 in RMC Conduit,Conduit,RMC,4-Mar,Conduit Rigid,3/4-RMC-Conduit,
3 in EMT Conduit,Conduit,EMT,3,Conduit Rigid,3-EMT-Conduit,
3 in IMC Conduit,Conduit,IMC,3,Conduit Rigid,3-IMC-Conduit,
3 in PVC Conduit,Conduit,PVC,3,Conduit Rigid,3-PVC-Conduit,
3 in RMC Conduit,Conduit,RMC,3,Conduit Rigid,3-RMC-Conduit,
1/2 in Metallic Strut Clamp,Strut Clamp,Metallic,2-Jan,Conduit Support,1/2-Metallic-Strut-Clamp,
1/2 in Steel 1-Hole Conduit Strap,1-Hole Conduit Strap,Steel,2-Jan,Conduit Support,1/2-Steel-1-Hole-Conduit-Strap,
1/2 in Steel 2-Hole Conduit Strap,2-Hole Conduit Strap,Steel,2-Jan,Conduit Support,1/2-Steel-2-Hole-Conduit-Strap,
1/2 in Steel Conduit Hanger,Conduit Hanger,Steel,2-Jan,Conduit Support,1/2-Steel-Conduit-Hanger,
1/2 in Steel Conduit Mount,Conduit Mount,Steel,2-Jan,Conduit Support,1/2-Steel-Conduit-Mount,
1/2 in Steel Strut Clamp,Strut Clamp,Steel,2-Jan,Conduit Support,1/2-Steel-Strut-Clamp,
1-1/2 in Metallic Strut Clamp,Strut Clamp,Metallic,1/1/2002,Conduit Support,1-1/2-Metallic-Strut-Clamp,
1-1/2 in Steel 1-Hole Conduit Strap,1-Hole Conduit Strap,Steel,1/1/2002,Conduit Support,1-1/2-Steel-1-Hole-Conduit-Strap,
1-1/2 in Steel 2-Hole Conduit Strap,2-Hole Conduit Strap,Steel,1/1/2002,Conduit Support,1-1/2-Steel-2-Hole-Conduit-Strap,
1-1/2 in Steel Conduit Hanger,Conduit Hanger,Steel,1/1/2002,Conduit Support,1-1/2-Steel-Conduit-Hanger,
1-1/2 in Steel Conduit Mount,Conduit Mount,Steel,1/1/2002,Conduit Support,1-1/2-Steel-Conduit-Mount,
1-1/2 in Steel Mast Guying Kit,Mast Guying Kit,Steel,1/1/2002,Conduit Support,1-1/2-Steel-Mast-Guying-Kit,
1-1/2 in Steel Strut Clamp,Strut Clamp,Steel,1/1/2002,Conduit Support,1-1/2-Steel-Strut-Clamp,
1-1/4 in Metallic Strut Clamp,Strut Clamp,Metallic,1/1/2004,Conduit Support,1-1/4-Metallic-Strut-Clamp,
1-1/4 in Steel 1-Hole Conduit Strap,1-Hole Conduit Strap,Steel,1/1/2004,Conduit Support,1-1/4-Steel-1-Hole-Conduit-Strap,
1-1/4 in Steel 2-Hole Conduit Strap,2-Hole Conduit Strap,Steel,1/1/2004,Conduit Support,1-1/4-Steel-2-Hole-Conduit-Strap,
1-1/4 in Steel Conduit Hanger,Conduit Hanger,Steel,1/1/2004,Conduit Support,1-1/4-Steel-Conduit-Hanger,
1-1/4 in Steel Conduit Mount,Conduit Mount,Steel,1/1/2004,Conduit Support,1-1/4-Steel-Conduit-Mount,
1-1/4 in Steel Mast Guying Kit,Mast Guying Kit,Steel,1/1/2004,Conduit Support,1-1/4-Steel-Mast-Guying-Kit,
1-1/4 in Steel Strut Clamp,Strut Clamp,Steel,1/1/2004,Conduit Support,1-1/4-Steel-Strut-Clamp,
13/16 in Cast Iron Strut Block,Strut Block,Cast Iron,13/16,Conduit Support,13/16-Cast-Iron-Strut-Block,
13/16 in Metallic Channel Strut,Channel Strut,Metallic,13/16,Conduit Support,13/16-Metallic-Channel-Strut,
13/16 in Plastic Strut Block,Strut Block,Plastic,13/16,Conduit Support,13/16-Plastic-Strut-Block,
13/16 in Rubber Strut Block,Strut Block,Rubber,13/16,Conduit Support,13/16-Rubber-Strut-Block,
1-5/8 in Cast Iron Strut Block,Strut Block,Cast Iron,1/5/2008,Conduit Support,1-5/8-Cast-Iron-Strut-Block,
1-5/8 in Metallic Channel Strut,Channel Strut,Metallic,1/5/2008,Conduit Support,1-5/8-Metallic-Channel-Strut,
1-5/8 in Plastic Strut Block,Strut Block,Plastic,1/5/2008,Conduit Support,1-5/8-Plastic-Strut-Block,
1-5/8 in Rubber Strut Block,Strut Block,Rubber,1/5/2008,Conduit Support,1-5/8-Rubber-Strut-Block,
1 in Metallic Strut Clamp,Strut Clamp,Metallic,1,Conduit Support,1-Metallic-Strut-Clamp,
1 in Steel 1-Hole Conduit Strap,1-Hole Conduit Strap,Steel,1,Conduit Support,1-Steel-1-Hole-Conduit-Strap,
1 in Steel 2-Hole Conduit Strap,2-Hole Conduit Strap,Steel,1,Conduit Support,1-Steel-2-Hole-Conduit-Strap,
1 in Steel Conduit Hanger,Conduit Hanger,Steel,1,Conduit Support,1-Steel-Conduit-Hanger,
1 in Steel Conduit Mount,Conduit Mount,Steel,1,Conduit Support,1-Steel-Conduit-Mount,
1 in Steel Mast Guying Kit,Mast Guying Kit,Steel,1,Conduit Support,1-Steel-Mast-Guying-Kit,
1 in Steel Strut Clamp,Strut Clamp,Steel,1,Conduit Support,1-Steel-Strut-Clamp,
2-1/2 in Metallic Strut Clamp,Strut Clamp,Metallic,2/1/2002,Conduit Support,2-1/2-Metallic-Strut-Clamp,
2-1/2 in Steel 1-Hole Conduit Strap,1-Hole Conduit Strap,Steel,2/1/2002,Conduit Support,2-1/2-Steel-1-Hole-Conduit-Strap,
2-1/2 in Steel 2-Hole Conduit Strap,2-Hole Conduit Strap,Steel,2/1/2002,Conduit Support,2-1/2-Steel-2-Hole-Conduit-Strap,
2-1/2 in Steel Conduit Hanger,Conduit Hanger,Steel,2/1/2002,Conduit Support,2-1/2-Steel-Conduit-Hanger,
2-1/2 in Steel Conduit Mount,Conduit Mount,Steel,2/1/2002,Conduit Support,2-1/2-Steel-Conduit-Mount,
2-1/2 in Steel Mast Guying Kit,Mast Guying Kit,Steel,2/1/2002,Conduit Support,2-1/2-Steel-Mast-Guying-Kit,
2-1/2 in Steel Strut Clamp,Strut Clamp,Steel,2/1/2002,Conduit Support,2-1/2-Steel-Strut-Clamp,
2 in Metallic Strut Clamp,Strut Clamp,Metallic,2,Conduit Support,2-Metallic-Strut-Clamp,
2 in Steel 1-Hole Conduit Strap,1-Hole Conduit Strap,Steel,2,Conduit Support,2-Steel-1-Hole-Conduit-Strap,
2 in Steel 2-Hole Conduit Strap,2-Hole Conduit Strap,Steel,2,Conduit Support,2-Steel-2-Hole-Conduit-Strap,
2 in Steel Conduit Hanger,Conduit Hanger,Steel,2,Conduit Support,2-Steel-Conduit-Hanger,
2 in Steel Conduit Mount,Conduit Mount,Steel,2,Conduit Support,2-Steel-Conduit-Mount,
2 in Steel Mast Guying Kit,Mast Guying Kit,Steel,2,Conduit Support,2-Steel-Mast-Guying-Kit,
2 in Steel Strut Clamp,Strut Clamp,Steel,2,Conduit Support,2-Steel-Strut-Clamp,
3/4 in Metallic Strut Clamp,Strut Clamp,Metallic,4-Mar,Conduit Support,3/4-Metallic-Strut-Clamp,
3/4 in Steel 1-Hole Conduit Strap,1-Hole Conduit Strap,Steel,4-Mar,Conduit Support,3/4-Steel-1-Hole-Conduit-Strap,
3/4 in Steel 2-Hole Conduit Strap,2-Hole Conduit Strap,Steel,4-Mar,Conduit Support,3/4-Steel-2-Hole-Conduit-Strap,
3/4 in Steel Conduit Hanger,Conduit Hanger,Steel,4-Mar,Conduit Support,3/4-Steel-Conduit-Hanger,
3/4 in Steel Conduit Mount,Conduit Mount,Steel,4-Mar,Conduit Support,3/4-Steel-Conduit-Mount,
3/4 in Steel Strut Clamp,Strut Clamp,Steel,4-Mar,Conduit Support,3/4-Steel-Strut-Clamp,
3 in Metallic Strut Clamp,Strut Clamp,Metallic,3,Conduit Support,3-Metallic-Strut-Clamp,
3 in Steel 1-Hole Conduit Strap,1-Hole Conduit Strap,Steel,3,Conduit Support,3-Steel-1-Hole-Conduit-Strap,
3 in Steel 2-Hole Conduit Strap,2-Hole Conduit Strap,Steel,3,Conduit Support,3-Steel-2-Hole-Conduit-Strap,
3 in Steel Conduit Hanger,Conduit Hanger,Steel,3,Conduit Support,3-Steel-Conduit-Hanger,
3 in Steel Conduit Mount,Conduit Mount,Steel,3,Conduit Support,3-Steel-Conduit-Mount,
3 in Steel Mast Guying Kit,Mast Guying Kit,Steel,3,Conduit Support,3-Steel-Mast-Guying-Kit,
3 in Steel Strut Clamp,Strut Clamp,Steel,3,Conduit Support,3-Steel-Strut-Clamp,
