Part Number,Parts Category,BRSID
CABLE TIE,Hardware,HARDWARE-Unbranded-Cable-Tie-CABLE-TIE
ANCHOR KIT,Hardware,HARDWARE-Unbranded-Anchor-Kit-ANCHOR-KIT
STAPLE,Hardware,HARDWARE-Unbranded-Staple-STAPLE
PLASTIC STAPLE,Hardware,HARDWARE-Unbranded-Plastic-Staple-PLASTIC-STAPLE
NAIL PLATE,Hardware,HARDWARE-Unbranded-Nail-Plate-NAIL-PLATE
PITCH PAN,Hardware,HARDWARE-Unbranded-Pitch-Pan-PITCH-PAN
LAG BOLT,Hardware,HARDWARE-Unbranded-Lag-Bolt-LAG-BOLT
SELF-DRILLING SCREW,Hardware,HARDWARE-Unbranded-Self-Drilling-Screw-SELF-DRILLING-SCREW
STRUCTURAL SCREW,Hardware,HARDWARE-Unbranded-Structural-Screw-STRUCTURAL-SCREW
MACHINE SCREW,Hardware,HARDWARE-Unbranded-Machine-Screw-MACHINE-SCREW
WINGED ANCHOR,Hardware,HARDWARE-Unbranded-Winged-Anchor-WINGED-ANCHOR
CONICAL ANCHOR,Hardware,HARDWARE-Unbranded-Conical-Anchor-CONICAL-ANCHOR
CONCRETE SCREW,Hardware,HARDWARE-Unbranded-Concrete-Screw-CONCRETE-SCREW
SHEET METAL SCREW,Hardware,HARDWARE-Unbranded-Sheet-Metal-Screw-SHEET-METAL-SCREW
DECK SCREW,Hardware,HARDWARE-Unbranded-Deck-Screw-DECK-SCREW
WASHER SET,Hardware,HARDWARE-Unbranded-Washer-Set-WASHER-SET
HEX NUT,Hardware,HARDWARE-Unbranded-Hex-Nut-HEX-NUT
FLAT WASHER,Hardware,HARDWARE-Unbranded-Flat-Washer-FLAT-WASHER
FLANGE NUT,Hardware,HARDWARE-Unbranded-Flange-Nut-FLANGE-NUT
SPLIT LOCK WASHER,Hardware,HARDWARE-Unbranded-Split-Lock-Washer-SPLIT-LOCK-WASHER
FENDER WASHER,Hardware,HARDWARE-Unbranded-Fender-Washer-FENDER-WASHER
HEX BOLT,Hardware,HARDWARE-Unbranded-Hex-Bolt-HEX-BOLT
TOGGLE BOLT ANCHOR,Hardware,HARDWARE-Unbranded-Toggle-Bolt-Anchor-TOGGLE-BOLT-ANCHOR
NAIL DRIVE ANCHOR,Hardware,HARDWARE-Unbranded-Nail-Drive-Anchor-NAIL-DRIVE-ANCHOR
ANCHOR SCREW,Hardware,HARDWARE-Unbranded-Anchor-Screw-ANCHOR-SCREW
DRYWALL ANCHOR,Hardware,HARDWARE-Unbranded-Drywall-Anchor-DRYWALL-ANCHOR
WEDGE ANCHOR,Hardware,HARDWARE-Unbranded-Wedge-Anchor-WEDGE-ANCHOR
EYE BOLT,Hardware,HARDWARE-Unbranded-Eye-Bolt-EYE-BOLT
SELF DRILLING SCREW,Hardware,HARDWARE-Unbranded-Self-Drilling-Screw-SELF-DRILLING-SCREW
DRYWALL SCREW,Hardware,HARDWARE-Unbranded-Drywall-Screw-DRYWALL-SCREW
TOGGLE BOLT,Hardware,HARDWARE-Unbranded-Toggle-Bolt-TOGGLE-BOLT
SQUARE WASHER,Hardware,HARDWARE-Unbranded-Square-Washer-SQUARE-WASHER
SPRING NUT,Hardware,HARDWARE-Unbranded-Spring-Nut-SPRING-NUT
TWIRL NUT,Hardware,HARDWARE-Unbranded-Twirl-Nut-TWIRL-NUT
CONTINUOUS HINGE,Hardware,HARDWARE-Unbranded-Continuous-Hinge-CONTINUOUS-HINGE
HEX SOCKET HEAD SCREW,Hardware,HARDWARE-Unbranded-Hex-Socket-Head-Screw-HEX-SOCKET-HEAD-SCREW
BONDED SEALING WASHER,Hardware,HARDWARE-Unbranded-Bonded-Sealing-Washer-BONDED-SEALING-WASHER
ROOFING SCREW,Hardware,HARDWARE-Unbranded-Roofing-Screw-ROOFING-SCREW
PIPE PLUG,Hardware,HARDWARE-Unbranded-Pipe-Plug-PIPE-PLUG
WASHER,Hardware,HARDWARE-Unbranded-Washer-WASHER
CABLE TIE MOUNT,Hardware,HARDWARE-Unbranded-Cable-Tie-Mount-CABLE-TIE-MOUNT
ANCHOR,Hardware,HARDWARE-Unbranded-Anchor-ANCHOR
WEB STRAPS,Hardware,HARDWARE-Unbranded-Web-Straps-WEB-STRAPS
STEEL TIE WIRE,Hardware,HARDWARE-Unbranded-Steel-Tie-Wire-STEEL-TIE-WIRE
RACKING SCREW,Hardware,HARDWARE-Unbranded-Racking-Screw-RACKING-SCREW
U-BOLT,Hardware,HARDWARE-Unbranded-U-Bolt-U-BOLT
FRAMING ANGLE,Hardware,HARDWARE-Unbranded-Framing-Angle-FRAMING-ANGLE
ROOF INSULATION SCREW,Hardware,HARDWARE-Unbranded-Roof-Insulation-Screw-ROOF-INSULATION-SCREW
CHANNEL NUT,Hardware,HARDWARE-Unbranded-Channel-Nut-CHANNEL-NUT
012E,Conduit,CONDUIT-Conduit-1/2-EMT
1/2-EMT,Conduit,CONDUIT-Conduit-1/2-EMT
EMT-1/2,Conduit,CONDUIT-Conduit-1/2-EMT
012 GFS 50C,Conduit,CONDUIT-Conduit-1/2-FMC
1/2FMC,Conduit,CONDUIT-Conduit-1/2-FMC
1/2-FMC,Conduit,CONDUIT-Conduit-1/2-FMC
1/2-IMC,Conduit,CONDUIT-Conduit-1/2-IMC
012P80,Conduit,CONDUIT-Conduit-1/2-PVC
1/2 INCH PVC CONDUIT,Conduit,CONDUIT-Conduit-1/2-PVC
1/2PVC,Conduit,CONDUIT-Conduit-1/2-PVC
1/2-PVC,Conduit,CONDUIT-Conduit-1/2-PVC
1/2-PVC-SCHED-40-10FT,Conduit,CONDUIT-Conduit-1/2-PVC
CONDS40-1/2,Conduit,CONDUIT-Conduit-1/2-PVC
CONDS80-1/2,Conduit,CONDUIT-Conduit-1/2-PVC
CONDUIT 1/2-IN PVC SCHEDULE-80,Conduit,CONDUIT-Conduit-1/2-PVC
PVCSCH80-1/2,Conduit,CONDUIT-Conduit-1/2-PVC
S80-1/2,Conduit,CONDUIT-Conduit-1/2-PVC
12C,Conduit,CONDUIT-Conduit-1/2-PVC-Coupling
EL222-1/2,Conduit,CONDUIT-Conduit-1/2-PVC-Elbow-22-1/2
1/2-PVC-TERM-ADPT,Conduit,CONDUIT-Conduit-1/2-PVC-TERM-ADPT
1/2TERMINALADAPTER,Conduit,CONDUIT-Conduit-1/2-PVC-TERM-ADPT
MA1/2,Conduit,CONDUIT-Conduit-1/2-PVC-TERM-ADPT
TA-1/2,Conduit,CONDUIT-Conduit-1/2-PVC-TERM-ADPT
TA12,Conduit,CONDUIT-Conduit-1/2-PVC-TERM-ADPT
012G,Conduit,CONDUIT-Conduit-1/2-RMC
012I,Conduit,CONDUIT-Conduit-1/2-RMC
1/2RMC,Conduit,CONDUIT-Conduit-1/2-RMC
012GC,Conduit,CONDUIT-Conduit-1/2-GALV-CPLG
1/2-GALV-CPLG,Conduit,CONDUIT-Conduit-1/2-GALV-CPLG
GRC050,Conduit,CONDUIT-Conduit-1/2-GALV-CPLG
1-1/2-EMT,Conduit,CONDUIT-Conduit-1-1/2-EMT
112E,Conduit,CONDUIT-Conduit-1-1/2-EMT
EMT1-1/2,Conduit,CONDUIT-Conduit-1-1/2-EMT
EMT1-12,Conduit,CONDUIT-Conduit-1-1/2-EMT
1-1/2-45DEG-EMT,Conduit,CONDUIT-Conduit-1-1/2-EMT-ELBOW-45
1-1/2-EMT-ELBOW-45,Conduit,CONDUIT-Conduit-1-1/2-EMT-ELBOW-45
1-1/2-90DEG-EMT,Conduit,CONDUIT-Conduit-1-1/2-90DEG-EMT
1-1/2-EMT-ELBOW-90,Conduit,CONDUIT-Conduit-1-1/2-90DEG-EMT
ELEMT1-1/2,Conduit,CONDUIT-Conduit-1-1/2-90DEG-EMT
1-1/2-FMC,Conduit,CONDUIT-Conduit-1-1/2-FMC
CONDUIT 1-1/2-IN ALUMINUM FLEX (CUTTING COIL),Conduit,CONDUIT-Conduit-1-1/2-FMC
LT112,Conduit,CONDUIT-Conduit-1-1/2-FMC
112P CA,Conduit,CONDUIT-Conduit-112P-CA
PVC-80-1-1/2,Conduit,CONDUIT-Conduit-PVC80112
PVC80112,Conduit,CONDUIT-Conduit-PVC80112
CONDS801-1/2,Conduit,CONDUIT-Conduit-PVC80112
CONDUIT 1-1/2-IN PVC SCHEDULE-80,Conduit,CONDUIT-Conduit-PVC80112
1-1/2-PVC-SCHED-80-10FT,Conduit,CONDUIT-Conduit-PVC80112
1-1/2PVC,Conduit,CONDUIT-Conduit-1-1/2PVC
1-1/2-PVC-SCHED-40-10FT,Conduit,CONDUIT-Conduit-1-1/2PVC
COND1-1/2,Conduit,CONDUIT-Conduit-1-1/2PVC
PVC112,Conduit,CONDUIT-Conduit-1-1/2PVC
1-1/2PVCCOUPLING,Conduit,CONDUIT-Conduit-1-1/2PVCCOUPLING
CPL1-1/2,Conduit,CONDUIT-Conduit-1-1/2PVCCOUPLING
PVC ELBOW 22-1/2,Conduit,CONDUIT-Conduit-1-1/2PVCELBOW45
1-1/2PVCELBOW45,Conduit,CONDUIT-Conduit-1-1/2PVCELBOW45
1-1/2-90D-SCH-40-COND-ELL,Conduit,CONDUIT-Conduit-1-1/2-90D-SCH-40-COND-ELL
1-1/2-90D-SCH-80-COND-ELL,Conduit,CONDUIT-Conduit-1-1/2-90D-SCH-80-COND-ELL
1-1/2PVCELBOW90,Conduit,CONDUIT-Conduit-1-1/2-90D-SCH-40-COND-ELL
EL1-1/2,Conduit,CONDUIT-Conduit-1-1/2-90D-SCH-40-COND-ELL
5144007 ,Conduit,CONDUIT-Conduit-1-1/2-PVC-END-BELL
1-1/2-PVC-EXPAN-CPLG-6-IN-MAX,Conduit,CONDUIT-Conduit-1-1/2PVCEXPANSION
1-1/2PVCEXPANSION,Conduit,CONDUIT-Conduit-1-1/2PVCEXPANSION
1-1/2PVCEXPANSIONCOUP,Conduit,CONDUIT-Conduit-1-1/2PVCEXPANSION
EXCPL1-1/2,Conduit,CONDUIT-Conduit-1-1/2PVCEXPANSION
1-1/2PVCFEMALEADAPTER,Conduit,CONDUIT-Conduit-1-1/2PVCFEMALEADAPTER
FA1-1/2,Conduit,CONDUIT-Conduit-1-1/2PVCFEMALEADAPTER
1-1/2-PVC-TERM-ADPT,Conduit,CONDUIT-Conduit-1-1/2-PVC-TERM-ADPT
1-1/2PVCTERMINAL,Conduit,CONDUIT-Conduit-1-1/2-PVC-TERM-ADPT
1-1/2TERMINALADAPTER,Conduit,CONDUIT-Conduit-1-1/2-PVC-TERM-ADPT
TA1-1/2,Conduit,CONDUIT-Conduit-1-1/2-PVC-TERM-ADPT
1-1/2RMCCOMPRESSIONCONN,Conduit,CONDUIT-Conduit-1-1/2RMCCOMPRESSIONCONN
1-1/2-GALV-STEEL,Conduit,CONDUIT-Conduit-1-1/2-GALV-STEEL
GALV1-1/2,Conduit,CONDUIT-Conduit-1-1/2-GALV-STEEL
1-1/2RMCELBOW90,Conduit,CONDUIT-Conduit-1-1/2RMCELBOW90
37257,Conduit,CONDUIT-Conduit-1-1/2-RMC-THREAD-COUP
1-1/4EMTCOMPCONN,Conduit,CONDUIT-Conduit-1-1/4EMTCOMPCONN
1-1/4EMTCOMPCOUP,Conduit,CONDUIT-Conduit-1-1/4EMTCOMPCOUP
1-1/4EMT,Conduit,CONDUIT-Conduit-1-1/4EMT
EMT1-1/4,Conduit,CONDUIT-Conduit-1-1/4EMT
EMT200,Conduit,CONDUIT-Conduit-1-1/4EMT
ELE-12545,Conduit,CONDUIT-Conduit-ELE-12545
1-1/4-90DEG-EMT,Conduit,CONDUIT-Conduit-1-1/4-90DEG-EMT
1-1/4EMTELBOW90,Conduit,CONDUIT-Conduit-1-1/4-90DEG-EMT
EEL114,Conduit,CONDUIT-Conduit-1-1/4-90DEG-EMT
1-1/4-FLEX-ALU-RW-50CL,Conduit,CONDUIT-Conduit-1-1/4-FMC
1-1/4-FMC,Conduit,CONDUIT-Conduit-1-1/4-FMC
114GFS-MR,Conduit,CONDUIT-Conduit-1-1/4-FMC
CONDUIT 1-1/4 ALUMINUM FLEX (50FT COILS),Conduit,CONDUIT-Conduit-1-1/4-FMC
CONDUIT 1-1/4-IN STEEL FLEX (CUTTING COIL),Conduit,CONDUIT-Conduit-1-1/4-FMC
EF-14,Conduit,CONDUIT-Conduit-1-1/4-FMC
FMC1-1/4,Conduit,CONDUIT-Conduit-1-1/4-FMC
LT1NM,Conduit,CONDUIT-Conduit-1-1/4-FMC
1-1/4IMC,Conduit,CONDUIT-Conduit-1-1/4IMC
IMC1-1/4,Conduit,CONDUIT-Conduit-1-1/4IMC
1-1/4PVC,Conduit,CONDUIT-Conduit-1-1/4-PVC
1-1/4-PVC,Conduit,CONDUIT-Conduit-1-1/4-PVC
1-1/4-PVC-SCHED-40-10FT,Conduit,CONDUIT-Conduit-1-1/4-PVC
114P,Conduit,CONDUIT-Conduit-1-1/4-PVC
COND1.25,Conduit,CONDUIT-Conduit-1-1/4-PVC
COND1-1/4,Conduit,CONDUIT-Conduit-1-1/4-PVC
CONDS401-1/4,Conduit,CONDUIT-Conduit-1-1/4-PVC
PVC-40-1-1/4,Conduit,CONDUIT-Conduit-1-1/4-PVC
1-1/4-PVC-SCHED-80-10FT,Conduit,CONDUIT-Conduit-CONDUIT-1-1/4-IN-PVC-SCHEDULE-80
114P80,Conduit,CONDUIT-Conduit-CONDUIT-1-1/4-IN-PVC-SCHEDULE-80
CONDS801-1/4,Conduit,CONDUIT-Conduit-CONDUIT-1-1/4-IN-PVC-SCHEDULE-80
CONDUIT 1-1/4-IN PVC SCHEDULE-80,Conduit,CONDUIT-Conduit-CONDUIT-1-1/4-IN-PVC-SCHEDULE-80
1-1/4-PVC-COND-CPLG,Conduit,CONDUIT-Conduit-CPL1-1/4
1-1/4PVCCOUP,Conduit,CONDUIT-Conduit-CPL1-1/4
1-1/4PVCCOUPLING,Conduit,CONDUIT-Conduit-CPL1-1/4
114P CP,Conduit,CONDUIT-Conduit-CPL1-1/4
CPL1-1/4,Conduit,CONDUIT-Conduit-CPL1-1/4
CPL114,Conduit,CONDUIT-Conduit-CPL1-1/4
1-1/4PVCELBOW45,Conduit,CONDUIT-Conduit-1-1/4PVCELBOW45
114P40 45D SCH40 ELB,Conduit,CONDUIT-Conduit-1-1/4PVCELBOW45
PVC-EL45,Conduit,CONDUIT-Conduit-1-1/4PVCELBOW45
1-1/4PVCELBOW90,Conduit,CONDUIT-Conduit-1-1/4PVCELBOW90
114P40 90D SCH40 ELB,Conduit,CONDUIT-Conduit-1-1/4PVCELBOW90
EL1-1/4,Conduit,CONDUIT-Conduit-1-1/4PVCELBOW90
ELS801-1/4,Conduit,CONDUIT-Conduit-1-1/4PVCELBOW90
PVC ELBOW 90,Conduit,CONDUIT-Conduit-1-1/4PVCELBOW90
1-1/4PVCEXPANSION,Conduit,CONDUIT-Conduit-1-1/4PVCEXPANSION
114P EC,Conduit,CONDUIT-Conduit-1-1/4PVCEXPANSION
EXCPL1-1/4,Conduit,CONDUIT-Conduit-1-1/4PVCEXPANSION
1-1/4-PVC-FEMALE-ADPT,Conduit,CONDUIT-Conduit-1-1/4-PVC-FEMALE-ADPT
FA1-1/4,Conduit,CONDUIT-Conduit-1-1/4-PVC-FEMALE-ADPT
1-1/4-PVC-TERM-ADPT,Conduit,CONDUIT-Conduit-1-1/4-PVC-TERM-ADPT
1-1/4PVCTERMINALADAPTER,Conduit,CONDUIT-Conduit-1-1/4-PVC-TERM-ADPT
114P MA,Conduit,CONDUIT-Conduit-1-1/4-PVC-TERM-ADPT
TA1.25,Conduit,CONDUIT-Conduit-1-1/4-PVC-TERM-ADPT
TA1-1/4,Conduit,CONDUIT-Conduit-1-1/4-PVC-TERM-ADPT
TA125,Conduit,CONDUIT-Conduit-1-1/4-PVC-TERM-ADPT
1-1/4RMCCOMPCOUP,Conduit,CONDUIT-Conduit-1-1/4RMCCOMPCOUP
1-1/4-GALV-STEEL,Conduit,CONDUIT-Conduit-1-1/4RMC
1-1/4RMC,Conduit,CONDUIT-Conduit-1-1/4RMC
114G,Conduit,CONDUIT-Conduit-1-1/4RMC
GALV1-1/4,Conduit,CONDUIT-Conduit-1-1/4RMC
GALV-1-1/4,Conduit,CONDUIT-Conduit-1-1/4RMC
GRC1-1/4,Conduit,CONDUIT-Conduit-1-1/4RMC
GRC114,Conduit,CONDUIT-Conduit-1-1/4RMC
1-1/4-45DEG-GALV-ELBOW,Conduit,CONDUIT-Conduit-1-1/4-45DEG-GALV-ELBOW
1-1/4-90DEG-GALV-ELBOW,Conduit,CONDUIT-Conduit-1-1/4-90DEG-GALV-ELBOW
ELGAL1-1/4,Conduit,CONDUIT-Conduit-1-1/4-90DEG-GALV-ELBOW
1-1/4-GALV-CPLG,Conduit,CONDUIT-Conduit-1-1/4-GALV-CPLG
1-1/4RMCTHREADEDCOUPLING,Conduit,CONDUIT-Conduit-1-1/4-GALV-CPLG
CPLGAL1-1/4,Conduit,CONDUIT-Conduit-1-1/4-GALV-CPLG
1INCOMPCONN,Conduit,CONDUIT-Conduit-1INCOMPCONN
1-IN-EMT,Conduit,CONDUIT-Conduit-1-IN-EMT
EMT1,Conduit,CONDUIT-Conduit-1-IN-EMT
PY26-100E,Conduit,CONDUIT-Conduit-1-IN-EMT
1-IN-90DEG-EMT,Conduit,CONDUIT-Conduit-1-IN-90DEG-EMT
100 GFS MR,Conduit,CONDUIT-Conduit-1-FMC
100GFS-UL,Conduit,CONDUIT-Conduit-1-FMC
1FMC,Conduit,CONDUIT-Conduit-1-FMC
1-FMC,Conduit,CONDUIT-Conduit-1-FMC
1-IN-STEEL-FLEX-REDUC-WALL,Conduit,CONDUIT-Conduit-1-FMC
A100-400,Conduit,CONDUIT-Conduit-1-FMC
AL1,Conduit,CONDUIT-Conduit-1-FMC
ALF1,Conduit,CONDUIT-Conduit-1-FMC
CONDUIT 1-IN ALUMINUM FLEX (CUTTING COIL),Conduit,CONDUIT-Conduit-1-FMC
FLA100,Conduit,CONDUIT-Conduit-1-FMC
1-IN-INTERMEDIATE-METAL,Conduit,CONDUIT-Conduit-IMC1
IMC1,Conduit,CONDUIT-Conduit-IMC1
1-IN-PVC-SCHED-80-10FT,Conduit,CONDUIT-Conduit-1IN-SCH-80
1IN S80 10FT,Conduit,CONDUIT-Conduit-1IN-SCH-80
1IN SCH 80,Conduit,CONDUIT-Conduit-1IN-SCH-80
COND801,Conduit,CONDUIT-Conduit-1IN-SCH-80
COND9801,Conduit,CONDUIT-Conduit-1IN-SCH-80
I IN SCH 80 PVC,Conduit,CONDUIT-Conduit-1IN-SCH-80
PVC801,Conduit,CONDUIT-Conduit-1IN-SCH-80
1-IN-PVC-SCHED-40-10FT,Conduit,CONDUIT-Conduit-1-PVC
1PVC,Conduit,CONDUIT-Conduit-1-PVC
1-PVC,Conduit,CONDUIT-Conduit-1-PVC
CONDS401,Conduit,CONDUIT-Conduit-1-PVC
PVC1,Conduit,CONDUIT-Conduit-1-PVC
PVC CONDUIT,Conduit,CONDUIT-Conduit-1-PVC
S801,Conduit,CONDUIT-Conduit-1IN-SCH-80
SCH 80 PVC COND,Conduit,CONDUIT-Conduit-1IN-SCH-80
1IN CPLNG,Conduit,CONDUIT-Conduit-1-IN-PVC-COUPLING
1-IN-PVC-COND-CPLG,Conduit,CONDUIT-Conduit-1-IN-PVC-COUPLING
1 IN PVC COUPLING,Conduit,CONDUIT-Conduit-1-IN-PVC-COUPLING
1-PVC-COUPLING,Conduit,CONDUIT-Conduit-1-IN-PVC-COUPLING
CPL1,Conduit,CONDUIT-Conduit-1-IN-PVC-COUPLING
PVCELBOW22-1/2,Conduit,CONDUIT-Conduit-PVCELBOW22-1/2
1-IN-30D-SCH-40-COND-ELL,Conduit,CONDUIT-Conduit-1-IN-30D-SCH-40-COND-ELL
1PVCELBOW45,Conduit,CONDUIT-Conduit-1PVCELBOW45
EL145,Conduit,CONDUIT-Conduit-1PVCELBOW45
ELEXP145,Conduit,CONDUIT-Conduit-1PVCELBOW45
PVCELBOW45,Conduit,CONDUIT-Conduit-1PVCELBOW45
1IN PVC SCH80 ELBOW 90,Conduit,CONDUIT-Conduit-1IN-PVC-SCH80-ELBOW-90
1IN S80,Conduit,CONDUIT-Conduit-1IN-PVC-SCH80-ELBOW-90
1 IN S80 ELBOW,Conduit,CONDUIT-Conduit-1IN-PVC-SCH80-ELBOW-90
1INSCH80ELB,Conduit,CONDUIT-Conduit-1IN-PVC-SCH80-ELBOW-90
ELS801,Conduit,CONDUIT-Conduit-1IN-PVC-SCH80-ELBOW-90
100P40 90D SCH40 ELB,Conduit,CONDUIT-Conduit-100P40-90D-SCH40-ELB
1-IN 36RAD,Conduit,CONDUIT-Conduit-100P40-90D-SCH40-ELB
1-IN-90D-SCH-40-BELL-END-ELL,Conduit,CONDUIT-Conduit-100P40-90D-SCH40-ELB
1-IN PVC 90D ELL,Conduit,CONDUIT-Conduit-100P40-90D-SCH40-ELB
1-PVC-90-ELBOW,Conduit,CONDUIT-Conduit-100P40-90D-SCH40-ELB
1PVCELBOW90,Conduit,CONDUIT-Conduit-100P40-90D-SCH40-ELB
1-PVC-ELBOW-90,Conduit,CONDUIT-Conduit-100P40-90D-SCH40-ELB
1X90,Conduit,CONDUIT-Conduit-100P40-90D-SCH40-ELB
B40STD1090,Conduit,CONDUIT-Conduit-100P40-90D-SCH40-ELB
PVCELBOW90,Conduit,CONDUIT-Conduit-100P40-90D-SCH40-ELB
100P EC,Conduit,CONDUIT-Conduit-1-IN-EXP-CPLNG
1EXCLP,Conduit,CONDUIT-Conduit-1-IN-EXP-CPLNG
1 IN EXP CPLNG,Conduit,CONDUIT-Conduit-1-IN-EXP-CPLNG
1PVCEXPANSION,Conduit,CONDUIT-Conduit-1-IN-EXP-CPLNG
1PVCEXPANSIONCOUP,Conduit,CONDUIT-Conduit-1-IN-EXP-CPLNG
1-PVC-EXPANSION-COUPLING,Conduit,CONDUIT-Conduit-1-IN-EXP-CPLNG
EXCPL1,Conduit,CONDUIT-Conduit-1-IN-EXP-CPLNG
EXP CPLG1,Conduit,CONDUIT-Conduit-1-IN-EXP-CPLNG
I IN EXPANSION FITTING,Conduit,CONDUIT-Conduit-1-IN-EXP-CPLNG
PVC EXPANSION FITTING,Conduit,CONDUIT-Conduit-1-IN-EXP-CPLNG
1-IN-PVC-FEMALE-ADPT,Conduit,CONDUIT-Conduit-1-IN-PVC-FEMALE-ADPT
FA1,Conduit,CONDUIT-Conduit-1-IN-PVC-FEMALE-ADPT
100P MA,Conduit,CONDUIT-Conduit-1-IN-PVC-TERM-ADPT
1-IN-PVC-TERM-ADPT,Conduit,CONDUIT-Conduit-1-IN-PVC-TERM-ADPT
1-PVC-TERMINAL-ADAPTER,Conduit,CONDUIT-Conduit-1-IN-PVC-TERM-ADPT
1TERMINALADAPTER,Conduit,CONDUIT-Conduit-1-IN-PVC-TERM-ADPT
100G,Conduit,CONDUIT-Conduit-1-IN-GALV-STEEL
1-IN-GALV-STEEL,Conduit,CONDUIT-Conduit-1-IN-GALV-STEEL
1RMC,Conduit,CONDUIT-Conduit-1-IN-GALV-STEEL
1-RMC,Conduit,CONDUIT-Conduit-1-IN-GALV-STEEL
GALV1,Conduit,CONDUIT-Conduit-1-IN-GALV-STEEL
GALVCOND1,Conduit,CONDUIT-Conduit-1-IN-GALV-STEEL
GAVL1,Conduit,CONDUIT-Conduit-1-IN-GALV-STEEL
1-IN-45DEG-GALV-ELBOW,Conduit,CONDUIT-Conduit-1-IN-45DEG-GALV-ELBOW
ELGAL145,Conduit,CONDUIT-Conduit-1-IN-45DEG-GALV-ELBOW
100G90,Conduit,CONDUIT-Conduit-1-IN-90DEG-GALV-ELBOW
1-IN-90DEG-GALV-ELBOW,Conduit,CONDUIT-Conduit-1-IN-90DEG-GALV-ELBOW
90ELLGALV1,Conduit,CONDUIT-Conduit-1-IN-90DEG-GALV-ELBOW
ELGAL1,Conduit,CONDUIT-Conduit-1-IN-90DEG-GALV-ELBOW
ELLGALV190D,Conduit,CONDUIT-Conduit-1-IN-90DEG-GALV-ELBOW
1IN EXP CPLNG,Conduit,CONDUIT-Conduit-1IN-EXP-CPLNG
1-IN-GALV-CPLG,Conduit,CONDUIT-Conduit-1-IN-GALV-CPLG
COUP1,Conduit,CONDUIT-Conduit-1-IN-GALV-CPLG
CPL100,Conduit,CONDUIT-Conduit-1-IN-GALV-CPLG
CPLGAL1,Conduit,CONDUIT-Conduit-1-IN-GALV-CPLG
CPLGALV1,Conduit,CONDUIT-Conduit-1-IN-GALV-CPLG
GAL1C,Conduit,CONDUIT-Conduit-1-IN-GALV-CPLG
"2.5"" RAINTIGHT CONNE",Conduit,"CONDUIT-Conduit-2.5""-RAINTIGHT-CONNE"
2-1/2-EMT,Conduit,CONDUIT-Conduit-2-1/2-EMT
212E,Conduit,CONDUIT-Conduit-2-1/2-EMT
EMT2-1/2,Conduit,CONDUIT-Conduit-2-1/2-EMT
2-1/2  INCH PVC CONDUIT,Conduit,CONDUIT-Conduit-2-1/2-PVC-SCHED-40-10FT
2-1/2PVC,Conduit,CONDUIT-Conduit-2-1/2-PVC-SCHED-40-10FT
2-1/2-PVC-SCHED-40-10FT,Conduit,CONDUIT-Conduit-2-1/2-PVC-SCHED-40-10FT
2-1/2-PVC-SCHED-80-10FT,Conduit,CONDUIT-Conduit-2-1/2-PVC-SCHED-80-10FT
CONDS802-1/2,Conduit,CONDUIT-Conduit-2-1/2-PVC-SCHED-80-10FT
PVC80212,Conduit,CONDUIT-Conduit-2-1/2-PVC-SCHED-80-10FT
2-1/2-PVC-COND-CPLG,Conduit,CONDUIT-Conduit-2-1/2-PVC-COND-CPLG
2-1/2-90D-SCH-40-BELL-END-ELL,Conduit,CONDUIT-Conduit-EL2-1/2
EL2-1/2,Conduit,CONDUIT-Conduit-EL2-1/2
ELS802-1/2,Conduit,CONDUIT-Conduit-ELS802-1/2
2-1/2-PVC-EXPAN-CPLG-6-IN-MAX,Conduit,CONDUIT-Conduit-2-1/2-PVC-EXPAN-CPLG-6-IN-MAX
EXCPL2-1/2,Conduit,CONDUIT-Conduit-2-1/2-PVC-EXPAN-CPLG-6-IN-MAX
2-1/2-PVC-FEMALE-ADAPTER,Conduit,CONDUIT-Conduit-2-1/2-PVC-FEMALE-ADAPTER
FA212,Conduit,CONDUIT-Conduit-2-1/2-PVC-FEMALE-ADAPTER
2-1/2-PVC-TERM-ADPT,Conduit,CONDUIT-Conduit-2-1/2-PVC-TERM-ADPT
2-1/2PVCTERMINALADAPTER,Conduit,CONDUIT-Conduit-2-1/2-PVC-TERM-ADPT
TA2-1/2,Conduit,CONDUIT-Conduit-2-1/2-PVC-TERM-ADPT
TA212,Conduit,CONDUIT-Conduit-2-1/2-PVC-TERM-ADPT
2-1/2-RMC,Conduit,CONDUIT-Conduit-2-1/2-RMC
212G,Conduit,CONDUIT-Conduit-2-1/2-RMC
2EMT,Conduit,CONDUIT-Conduit-2-IN-EMT
2-IN-EMT,Conduit,CONDUIT-Conduit-2-IN-EMT
EMT2,Conduit,CONDUIT-Conduit-2-IN-EMT
2-IN-45DEG-EMT,Conduit,CONDUIT-Conduit-2-IN-45DEG-EMT
ELEMT245,Conduit,CONDUIT-Conduit-2-IN-45DEG-EMT
2EMTELBOW90,Conduit,CONDUIT-Conduit-2-IN-90DEG-EMT
2-IN-90DEG-EMT,Conduit,CONDUIT-Conduit-2-IN-90DEG-EMT
ELEMT,Conduit,CONDUIT-Conduit-2-IN-90DEG-EMT
ELEMT2,Conduit,CONDUIT-Conduit-2-IN-90DEG-EMT
EMT2EL,Conduit,CONDUIT-Conduit-2-IN-90DEG-EMT
LT2-NM,Conduit,CONDUIT-Conduit-LT2-NM
IMC2,Conduit,CONDUIT-Conduit-IMC2
200P CA,Conduit,CONDUIT-Conduit-200P-CA
"2"" SCHEDULE 80 PVC",Conduit,"CONDUIT-Conduit-2""-SCHEDULE-80-PVC"
200P,Conduit,CONDUIT-Conduit-200P
200P80,Conduit,"CONDUIT-Conduit-2""-SCHEDULE-80-PVC"
2 INCH PVC CONDUIT,Conduit,CONDUIT-Conduit-2-INCH-PVC-CONDUIT
2-IN-PVC-SCHED-40-10FT,Conduit,CONDUIT-Conduit-2-IN-PVC-SCHED-40-10FT
2-IN-PVC-SCHED-80-10FT,Conduit,"CONDUIT-Conduit-2""-SCHEDULE-80-PVC"
2PVC,Conduit,CONDUIT-Conduit-2PVC
2-PVC,Conduit,CONDUIT-Conduit-2-PVC
2-PVC-80-20FT COND,Conduit,"CONDUIT-Conduit-2""-SCHEDULE-80-PVC"
2-PVC-S40,Conduit,CONDUIT-Conduit-2-PVC-S40
COND2,Conduit,CONDUIT-Conduit-COND2
CONDS8002,Conduit,"CONDUIT-Conduit-2""-SCHEDULE-80-PVC"
CONDS802,Conduit,"CONDUIT-Conduit-2""-SCHEDULE-80-PVC"
CONDUIT 2-IN ABS S40 CC PIPE 10-FT LENGTHS,Conduit,CONDUIT-Conduit-CONDUIT-2-IN-ABS-S40-CC-PIPE-10-FT-LENGTHS
CONDUIT 2-IN PVC SCHEDULE-80,Conduit,"CONDUIT-Conduit-2""-SCHEDULE-80-PVC"
PVC2,Conduit,CONDUIT-Conduit-PVC2
PVC2SCH80,Conduit,"CONDUIT-Conduit-2""-SCHEDULE-80-PVC"
PVC802,Conduit,"CONDUIT-Conduit-2""-SCHEDULE-80-PVC"
S802,Conduit,"CONDUIT-Conduit-2""-SCHEDULE-80-PVC"
2008,Conduit,CONDUIT-Conduit-2-IN-PVC-COND-CPLG
200P CP,Conduit,CONDUIT-Conduit-2-IN-PVC-COND-CPLG
2C,Conduit,CONDUIT-Conduit-2-IN-PVC-COND-CPLG
2-IN-PVC-COND-CPLG,Conduit,CONDUIT-Conduit-2-IN-PVC-COND-CPLG
COUP2,Conduit,CONDUIT-Conduit-2-IN-PVC-COND-CPLG
CP20,Conduit,CONDUIT-Conduit-2-IN-PVC-COND-CPLG
CPL2,Conduit,CONDUIT-Conduit-2-IN-PVC-COND-CPLG
CPL2-2PC,Conduit,CONDUIT-Conduit-2-IN-PVC-COND-CPLG
EL2X22-1/2,Conduit,CONDUIT-Conduit-EL2X22-1/2
2 INCH PVC ELBOW,Conduit,CONDUIT-Conduit-EL230
EL230,Conduit,CONDUIT-Conduit-EL230
2-IN-45D-P,Conduit,CONDUIT-Conduit-2-IN-45D-SCH-40-COND-ELL
2-IN-45D-SCH-40-COND-ELL,Conduit,CONDUIT-Conduit-2-IN-45D-SCH-40-COND-ELL
2PVCELBOW45,Conduit,CONDUIT-Conduit-2-IN-45D-SCH-40-COND-ELL
2X45,Conduit,CONDUIT-Conduit-2-IN-45D-SCH-40-COND-ELL
200P80 90D SCH80 ELB,Conduit,CONDUIT-Conduit-200P80-90D-SCH80-ELB
200PVC90RAD36,Conduit,CONDUIT-Conduit-2-IN-90D-SCH-40-COND-ELL
2EL,Conduit,CONDUIT-Conduit-2-IN-45D-SCH-40-COND-ELL
2-IN-90D-SCH-40-BELL-END-ELL,Conduit,CONDUIT-Conduit-2-IN-45D-SCH-40-COND-ELL
2-IN-90D-SCH-40-COND-ELL,Conduit,CONDUIT-Conduit-2-IN-90D-SCH-40-COND-ELL
40STD2090,Conduit,CONDUIT-Conduit-2-IN-90D-SCH-40-COND-ELL
EL2,Conduit,CONDUIT-Conduit-2-IN-90D-SCH-40-COND-ELL
EL290S80,Conduit,CONDUIT-Conduit-200P80-90D-SCH80-ELB
ELS802,Conduit,CONDUIT-Conduit-200P80-90D-SCH80-ELB
2BELLEND,Conduit,CONDUIT-Conduit-2BELLEND
2 IN EXPANSION COUP,Conduit,CONDUIT-Conduit-2-IN-EXPANSION-COUP
2-IN-PVC-EXPAN-CPLG-6-IN-MAX,Conduit,CONDUIT-Conduit-2-IN-EXPANSION-COUP
EXCPL2,Conduit,CONDUIT-Conduit-2-IN-EXPANSION-COUP
EXP2,Conduit,CONDUIT-Conduit-2-IN-EXPANSION-COUP
2-IN-PVC-FEMALE-ADPT,Conduit,CONDUIT-Conduit-2-IN-PVC-FEMALE-ADPT
FA2,Conduit,CONDUIT-Conduit-2-IN-PVC-FEMALE-ADPT
200P MA,Conduit,CONDUIT-Conduit-2-IN-PVC-TERM-ADPT
2-IN-PVC-TERM-ADPT,Conduit,CONDUIT-Conduit-2-IN-PVC-TERM-ADPT
2TA,Conduit,CONDUIT-Conduit-2-IN-PVC-TERM-ADPT
2TERMINALADAPTER,Conduit,CONDUIT-Conduit-2-IN-PVC-TERM-ADPT
TA2,Conduit,CONDUIT-Conduit-2-IN-PVC-TERM-ADPT
TA200,Conduit,CONDUIT-Conduit-2-IN-PVC-TERM-ADPT
200G,Conduit,CONDUIT-Conduit-2-RMC
2-IN-GALV-STEEL,Conduit,CONDUIT-Conduit-2-RMC
2-IN-INTERMEDIATE-METAL,Conduit,CONDUIT-Conduit-2-RMC
2RMC,Conduit,CONDUIT-Conduit-2-RMC
2-RMC,Conduit,CONDUIT-Conduit-2-RMC
RMC2,Conduit,CONDUIT-Conduit-2-RMC
2-IN-45DEG-GALV-ELBOW,Conduit,CONDUIT-Conduit-2-IN-45DEG-GALV-ELBOW
2-IN-90DEG-GALV-ELBOW,Conduit,CONDUIT-Conduit-2-IN-90DEG-GALV-ELBOW
ELGAL2,Conduit,CONDUIT-Conduit-2-IN-90DEG-GALV-ELBOW
200GC,Conduit,CONDUIT-Conduit-2-IN-GALV-CPLG
2-IN,Conduit,CONDUIT-Conduit-2-IN-GALV-CPLG
2-IN-GALV-CPLG,Conduit,CONDUIT-Conduit-2-IN-GALV-CPLG
CPLGAL2,Conduit,CONDUIT-Conduit-2-IN-GALV-CPLG
GRC200,Conduit,CONDUIT-Conduit-2-IN-GALV-CPLG
034E-RED,Conduit,CONDUIT-Conduit-EMT-3/4
EMT-3/4,Conduit,CONDUIT-Conduit-EMT-3/4
EMTEX-3/4,Conduit,CONDUIT-Conduit-EMT-3/4
34000000000000000895867650950471349374015048004926397334570385509225151440961237732439359488,Conduit,CONDUIT-Conduit-3/4-90DEG-EMT
3/4-90DEG-EMT,Conduit,CONDUIT-Conduit-3/4-90DEG-EMT
3/4 90DEGREE ELBOW,Conduit,CONDUIT-Conduit-3/4-90DEG-EMT
034GFA-100CL,Conduit,CONDUIT-Conduit-3/4-FMC
034 GFS 100C,Conduit,CONDUIT-Conduit-3/4-FMC
034GFS-100CL,Conduit,CONDUIT-Conduit-3/4-FMC
034 GFS 25C,Conduit,CONDUIT-Conduit-3/4-FMC
034GFS-25CL,Conduit,CONDUIT-Conduit-3/4-FMC
034 GFS 50C,Conduit,CONDUIT-Conduit-3/4-FMC
034GFS-MR,Conduit,CONDUIT-Conduit-3/4-FMC
034GFS-UL-COIL,Conduit,CONDUIT-Conduit-3/4-FMC
034NM-MR,Conduit,CONDUIT-Conduit-3/4-FMC
034UA-MR,Conduit,CONDUIT-Conduit-3/4-FMC
3/4-FLEX-ALUM-REDUC-WALL,Conduit,CONDUIT-Conduit-3/4-FMC
3/4FMC,Conduit,CONDUIT-Conduit-3/4-FMC
3/4-FMC,Conduit,CONDUIT-Conduit-3/4-FMC
3/4-STEEL-FLEX-REDUCED-WALL,Conduit,CONDUIT-Conduit-3/4-FMC
5503-45-00,Conduit,CONDUIT-Conduit-3/4-FMC
AL.75,Conduit,CONDUIT-Conduit-3/4-FMC
ALO34,Conduit,CONDUIT-Conduit-3/4-FMC
IMC034,Conduit,CONDUIT-Conduit-3/4-FMC
LT-3/4NM,Conduit,CONDUIT-Conduit-3/4-FMC
S034500,Conduit,CONDUIT-Conduit-3/4-FMC
3/4 IN IMC,Conduit,CONDUIT-Conduit-3/4-IN-IMC
3/4-INTERMEDIATE-METAL,Conduit,CONDUIT-Conduit-3/4-IN-IMC
3/4 IN SCH 80 PVC,Conduit,CONDUIT-Conduit-3/4-IN-SCH-80-PVC
3/4 -PVC,Conduit,CONDUIT-Conduit-3/4-PVC-SCHED-40-10FT
3/4-PVC-SCHED-40-10FT,Conduit,CONDUIT-Conduit-3/4-PVC-SCHED-40-10FT
3/4-PVC-SCHED-80-10FT,Conduit,CONDUIT-Conduit-3/4-IN-SCH-80-PVC
CONDS80-3/4,Conduit,CONDUIT-Conduit-3/4-IN-SCH-80-PVC
PVC34SCH80,Conduit,CONDUIT-Conduit-3/4-IN-SCH-80-PVC
3/4-PVC-COND-CPLG,Conduit,CONDUIT-Conduit-3/4-PVC-COND-CPLG
CP07,Conduit,CONDUIT-Conduit-3/4-PVC-COND-CPLG
CPL-3/4,Conduit,CONDUIT-Conduit-3/4-PVC-COND-CPLG
CPL34,Conduit,CONDUIT-Conduit-3/4-PVC-COND-CPLG
3/4-45D-SCH-40-COND-ELL,Conduit,CONDUIT-Conduit-3/4PVCELBOW45
3/4PVCELBOW45,Conduit,CONDUIT-Conduit-3/4PVCELBOW45
EL-3/445,Conduit,CONDUIT-Conduit-3/4PVCELBOW45
034G90,Conduit,CONDUIT-Conduit-3/4-90D-SCH-40-COND-ELL
3/4-90D-SCH-40-COND-ELL,Conduit,CONDUIT-Conduit-3/4-90D-SCH-40-COND-ELL
3/4-90D-SCH-80-COND-ELL,Conduit,CONDUIT-Conduit-3/4-90D-SCH-80-COND-ELL
3/4 IN SCH80 PVC ELBOW 90,Conduit,CONDUIT-Conduit-3/4-90D-SCH-80-COND-ELL
40STD0790,Conduit,CONDUIT-Conduit-3/4-90D-SCH-40-COND-ELL
EL-3/4,Conduit,CONDUIT-Conduit-3/4-90D-SCH-40-COND-ELL
ELS80-3/4,Conduit,CONDUIT-Conduit-3/4-90D-SCH-80-COND-ELL
3/4 IN PVC EXPANSION FITTING,Conduit,CONDUIT-Conduit-3/4-PVC-EXPANSION-COUPLING
3/4PVCEXPANSION,Conduit,CONDUIT-Conduit-3/4-PVC-EXPANSION-COUPLING
3/4-PVC-EXPANSION-COUPLING,Conduit,CONDUIT-Conduit-3/4-PVC-EXPANSION-COUPLING
EXCPL-3/4,Conduit,CONDUIT-Conduit-3/4-PVC-EXPANSION-COUPLING
034P FA,Conduit,CONDUIT-Conduit-3/4PVCFEMALEADAPTER
3/4PVCFEMALEADAPTER,Conduit,CONDUIT-Conduit-3/4PVCFEMALEADAPTER
FA07,Conduit,CONDUIT-Conduit-3/4PVCFEMALEADAPTER
FA-3/4,Conduit,CONDUIT-Conduit-3/4PVCFEMALEADAPTER
3/4-PVC-TERM-ADPT,Conduit,CONDUIT-Conduit-3/4-PVC-TERM-ADPT
TA.75,Conduit,CONDUIT-Conduit-3/4-PVC-TERM-ADPT
TA-3/4,Conduit,CONDUIT-Conduit-3/4-PVC-TERM-ADPT
TA34,Conduit,CONDUIT-Conduit-3/4-PVC-TERM-ADPT
3/4RMCCOMPCONN,Conduit,CONDUIT-Conduit-3/4RMCCOMPCONN
COUP3/4,Conduit,CONDUIT-Conduit-COUP3/4
034G,Conduit,CONDUIT-Conduit-3/4RMC
3/4-GALV-STEEL,Conduit,CONDUIT-Conduit-3/4RMC
3/4-IN,Conduit,CONDUIT-Conduit-3/4RMC
3/4RIG/GRC,Conduit,CONDUIT-Conduit-3/4RMC
3/4RMC,Conduit,CONDUIT-Conduit-3/4RMC
3/4-X-3FT-GALV-RUN-THRD,Conduit,CONDUIT-Conduit-3/4RMC
GALV 3/4,Conduit,CONDUIT-Conduit-3/4RMC
GALV-3/4,Conduit,CONDUIT-Conduit-3/4RMC
GRC034,Conduit,CONDUIT-Conduit-3/4RMC
RTH-3/4,Conduit,CONDUIT-Conduit-3/4RMC
3/4-45DEG-GALV-ELBOW,Conduit,CONDUIT-Conduit-3/4-45DEG-GALV-ELBOW
3/4-90DEG-GALV-ELBOW,Conduit,CONDUIT-Conduit-3/4-90DEG-GALV-ELBOW
3/4RMCELBOW90,Conduit,CONDUIT-Conduit-3/4-90DEG-GALV-ELBOW
45355,Conduit,CONDUIT-Conduit-3/4-90DEG-GALV-ELBOW
ELB075GRC90,Conduit,CONDUIT-Conduit-3/4-90DEG-GALV-ELBOW
ELGAL-3/4,Conduit,CONDUIT-Conduit-3/4-90DEG-GALV-ELBOW
3/4-GALV-CPLG,Conduit,CONDUIT-Conduit-3/4RMCTHREADEDCOUPLING
3/4RMCTHREADEDCOUPLING,Conduit,CONDUIT-Conduit-3/4RMCTHREADEDCOUPLING
CPLGAL-3/4,Conduit,CONDUIT-Conduit-3/4RMCTHREADEDCOUPLING
CPLGALV-3/4,Conduit,CONDUIT-Conduit-3/4RMCTHREADEDCOUPLING
GAL34C,Conduit,CONDUIT-Conduit-3/4RMCTHREADEDCOUPLING
RC075,Conduit,CONDUIT-Conduit-3/4RMCTHREADEDCOUPLING
3 INCH PVC CONDUIT,Conduit,CONDUIT-Conduit-3-PVC-40
3-IN-PVC-SCHED-80-10FT,Conduit,CONDUIT-Conduit-3-PVC-SCHED-80
3PVC,Conduit,CONDUIT-Conduit-3-PVC-40
3-PVC-40,Conduit,CONDUIT-Conduit-3-PVC-40
3-PVC-SCHED-80,Conduit,CONDUIT-Conduit-3-PVC-SCHED-80
CONDS403,Conduit,CONDUIT-Conduit-3-PVC-40
CONDS803,Conduit,CONDUIT-Conduit-3-PVC-SCHED-80
CONDUIT 3-IN PVC SCHEDULE-80,Conduit,CONDUIT-Conduit-3-PVC-SCHED-80
CONDS804,Conduit,CONDUIT-Conduit-3-PVC-SCHED-80
3008,Conduit,CONDUIT-Conduit-3PVCCOUPLING
3PVCCOUPLING,Conduit,CONDUIT-Conduit-3PVCCOUPLING
CPL3,Conduit,CONDUIT-Conduit-3PVCCOUPLING
EL322-1/2,Conduit,CONDUIT-Conduit-EL3X22-1/2
EL3X22-1/2,Conduit,CONDUIT-Conduit-EL3X22-1/2
3-IN-90D-ELL-PVC-CT,Conduit,CONDUIT-Conduit-3-IN-90D-ELL-PVC-CT
3-PVC-ELBOW-90-SCHED-80,Conduit,CONDUIT-Conduit-3-PVC-ELBOW-90-SCHED-80
EL3,Conduit,CONDUIT-Conduit-3-IN-90D-ELL-PVC-CT
EL390FB,Conduit,CONDUIT-Conduit-3-IN-90D-ELL-PVC-CT
EL3X36,Conduit,CONDUIT-Conduit-3-IN-90D-ELL-PVC-CT
ELS803,Conduit,CONDUIT-Conduit-3-PVC-ELBOW-90-SCHED-80
ELS80336,Conduit,CONDUIT-Conduit-3-PVC-ELBOW-90-SCHED-80
BE3,Conduit,CONDUIT-Conduit-BE3
"3"" EXP COUPL",Conduit,CONDUIT-Conduit-3-EXPANSION-COUPLING
3-EXPANSION-COUPLING,Conduit,CONDUIT-Conduit-3-EXPANSION-COUPLING
EXCPL3,Conduit,CONDUIT-Conduit-3-EXPANSION-COUPLING
3PVCTERMINALADAPTER,Conduit,CONDUIT-Conduit-3PVCTERMINALADAPTER
TA3,Conduit,CONDUIT-Conduit-3PVCTERMINALADAPTER
3-IN,Conduit,CONDUIT-Conduit-3-IN-GALV-STEEL
3-IN-GALV-STEEL,Conduit,CONDUIT-Conduit-3-IN-GALV-STEEL
3-IN-45DEG-GALV-ELBOW,Conduit,CONDUIT-Conduit-3-IN-45DEG-GALV-ELBOW
3-IN-90DEG-GALV-ELBOW,Conduit,CONDUIT-Conduit-3-IN-90DEG-GALV-ELBOW
Corrosion Protection Tape,Consumables,CONSUMABLES-Unbranded-Corrosion-Protection-Tape-CORROSION-PROTECTION-TAPE
Duct Seal,Consumables,CONSUMABLES-Unbranded-Duct-Seal-DUCT-SEAL
Expanding Foam,Consumables,CONSUMABLES-Unbranded-Expanding-Foam-EXPANDING-FOAM
Fire Barrier Putty,Consumables,CONSUMABLES-Unbranded-Fire-Barrier-Putty-FIRE-BARRIER-PUTTY
Fire Barrier Sealant,Consumables,CONSUMABLES-Unbranded-Fire-Barrier-Sealant-FIRE-BARRIER-SEALANT
Foil Tape,Consumables,CONSUMABLES-Unbranded-Foil-Tape-FOIL-TAPE
Duct Tape,Consumables,CONSUMABLES-Unbranded-Duct-Tape-DUCT-TAPE
Wipes,Consumables,CONSUMABLES-Unbranded-Wipes-WIPES
Wire Lubricant,Consumables,CONSUMABLES-Unbranded-Wire-Lubricant-WIRE-LUBRICANT
Label Printer Tape,Consumables,CONSUMABLES-Unbranded-Label-Printer-Tape-LABEL-PRINTER-TAPE
Anti-Oxidant Compound,Consumables,CONSUMABLES-Unbranded-Anti-Oxidant-Compound-ANTI-OXIDANT-COMPOUND
PVC Cement,Consumables,CONSUMABLES-Unbranded-PVC-Cement-PVC-CEMENT
PVC Primer,Consumables,CONSUMABLES-Unbranded-PVC-Primer-PVC-PRIMER
Roof Sealant,Consumables,CONSUMABLES-Unbranded-Roof-Sealant-ROOF-SEALANT
Dielectric Grease,Consumables,CONSUMABLES-Unbranded-Dielectric-Grease-DIELECTRIC-GREASE
Galvanizing Compound,Consumables,CONSUMABLES-Unbranded-Galvanizing-Compound-GALVANIZING-COMPOUND
Multi-Purpose Lubricant,Consumables,CONSUMABLES-Unbranded-Multi-Purpose-Lubricant-MULTI-PURPOSE-LUBRICANT
Sealant,Consumables,CONSUMABLES-Unbranded-Sealant-SEALANT
Spray Paint,Consumables,CONSUMABLES-Unbranded-Spray-Paint-SPRAY-PAINT
Cutting Oil,Consumables,CONSUMABLES-Unbranded-Cutting-Oil-CUTTING-OIL
Aerosol Duster,Consumables,CONSUMABLES-Unbranded-Aerosol-Duster-AEROSOL-DUSTER
Water,Consumables,CONSUMABLES-Unbranded-Water-WATER
Rags,Consumables,CONSUMABLES-Unbranded-Rags-RAGS
Roof Cement,Consumables,CONSUMABLES-Unbranded-Roof-Cement-ROOF-CEMENT
Lumber Crayon,Consumables,CONSUMABLES-Unbranded-Lumber-Crayon-LUMBER-CRAYON
Marking Chalk,Consumables,CONSUMABLES-Unbranded-Marking-Chalk-MARKING-CHALK
Disposable Batteries,Consumables,CONSUMABLES-Unbranded-Disposable-Batteries-DISPOSABLE-BATTERIES
Marker,Consumables,CONSUMABLES-Unbranded-Marker-MARKER
Chalk,Consumables,CONSUMABLES-Unbranded-Chalk-CHALK
Garbage Bags,Consumables,CONSUMABLES-Unbranded-Garbage-Bags-GARBAGE-BAGS
Hand Cleaner,Consumables,CONSUMABLES-Unbranded-Hand-Cleaner-HAND-CLEANER
Adhesive,Consumables,CONSUMABLES-Unbranded-Adhesive-ADHESIVE
Pencil,Consumables,CONSUMABLES-Unbranded-Pencil-PENCIL
Shoe Cover,Consumables,CONSUMABLES-Unbranded-Shoe-Cover-SHOE-COVER
Marking Paint,Consumables,CONSUMABLES-Unbranded-Marking-Paint-MARKING-PAINT
Paint Marker,Consumables,CONSUMABLES-Unbranded-Paint-Marker-PAINT-MARKER
Shop Towels,Consumables,CONSUMABLES-Unbranded-Shop-Towels-SHOP-TOWELS
Chalk Reel,Consumables,CONSUMABLES-Unbranded-Chalk-Reel-CHALK-REEL
Garbage Can,Consumables,CONSUMABLES-Unbranded-Garbage-Can-GARBAGE-CAN
Acrylic Sheet,Consumables,CONSUMABLES-Unbranded-Acrylic-Sheet-ACRYLIC-SHEET
PVC Paint,Consumables,CONSUMABLES-Unbranded-PVC-Paint-PVC-PAINT
Multi-Purpose Cleaner,Consumables,CONSUMABLES-Unbranded-Multi-Purpose-Cleaner-MULTI-PURPOSE-CLEANER
PVC Cleaner,Consumables,CONSUMABLES-Unbranded-PVC-Cleaner-PVC-CLEANER
Cardboard Box,Consumables,CONSUMABLES-Unbranded-Cardboard-Box-CARDBOARD-BOX
Marker/Pencil,Consumables,CONSUMABLES-Unbranded-Marker/Pencil-MARKER/PENCIL
ABS Cement,Consumables,CONSUMABLES-Unbranded-ABS-Cement-ABS-CEMENT
4X4X4-PVC-JCT-BOX-W/CVR,Junction Boxes,JUNCTION-BOX-Generic-4X4X4-PVC-JCT-BOX-W/CVR
6X6X4-PVC-JCT-BOX-W/CVR,Junction Boxes,JUNCTION-BOX-Generic-6X6X4-PVC-JCT-BOX-W/CVR
6X6X6-PVC-JCT-BOX-W/CVR,Junction Boxes,JUNCTION-BOX-Generic-6X6X6-PVC-JCT-BOX-W/CVR
12X12X4-PVC-JCT-BOX-W/CVR,Junction Boxes,JUNCTION-BOX-Generic-12X12X4-PVC-JCT-BOX-W/CVR
12X12X6-PVC-JCT-BOX-W/CVR,Junction Boxes,JUNCTION-BOX-Generic-12X12X6-PVC-JCT-BOX-W/CVR
4X4X2-PVC-JCT-BOX-W/CVR,Junction Boxes,JUNCTION-BOX-Generic-4X4X2-PVC-JCT-BOX-W/CVR
4X4X6-PVC-JCT-BOX-W/CVR,Junction Boxes,JUNCTION-BOX-Generic-4X4X6-PVC-JCT-BOX-W/CVR
1/4-4-ROOF-BOOT-FLASHING,Roof Accessories,ROOF-ACCESSORIES-Unbranded-1/4-in-x-4-in-1/4-4-ROOF-BOOT-FLASHING
10X50ROLLFLASHING,Roof Accessories,ROOF-ACCESSORIES-Unbranded-10-in-x-50-ft-10X50ROLLFLASHING
1-1/4-ROOF-FLASH,Roof Accessories,ROOF-ACCESSORIES-Unbranded-1-1/4-in-1-1/4-ROOF-FLASH
CAUTION TAPE,Safety,SAFETY-Unbranded-Caution-Tape-CAUTION-TAPE
558-703,Safety,SAFETY-Unbranded-Dust-Mask-558-703
RS-E60-26,Safety,SAFETY-Unbranded-EPDM-Sheet-RS-E60-26
EPDM SHEET,Safety,SAFETY-Unbranded-EPDM-Sheet-EPDM-SHEET
EPDM SHEETG,Safety,SAFETY-Unbranded-EPDM-Sheet-EPDM-SHEETG
"EPDM SHEET, STD, 12IN X 12IN, 0.25IN",Safety,SAFETY-Unbranded-EPDM-Sheet-EPDM-SHEETG
"EPDM SHEET STD 12X12, 0.5IN THICK",Safety,SAFETY-Unbranded-EPDM-Sheet-EPDM-SHEETG
MGLOVES,Safety,SAFETY-Unbranded-Gloves-MGLOVES
XLGLOVE,Safety,SAFETY-Unbranded-Gloves-XLGLOVE
WASP & HORNET SPRAY,Safety,SAFETY-Unbranded-Wasp-&-Hornet-Spray-WASP-&-HORNET-SPRAY
WASPKILLER,Safety,SAFETY-Unbranded-Wasp-&-Hornet-Spray-WASP-&-HORNET-SPRAY
LED KNIT HAT,Safety,SAFETY-Unbranded-Hat-LED-KNIT-HAT
ICE MELT,Safety,SAFETY-Unbranded-Ice-Melt-ICE-MELT
399-HEATPACK,Safety,SAFETY-Unbranded-Hand/Feet-Warmers-HAND-WARMERS
HOT HANDS VALUE PACK,Safety,SAFETY-Unbranded-Hand/Feet-Warmers-HAND-WARMERS
HAND WARMERS,Safety,SAFETY-Unbranded-Hand/Feet-Warmers-HAND-WARMERS
TOE WARMERS,Safety,SAFETY-Unbranded-Hand/Feet-Warmers-HAND-WARMERS
HAND WARMER,Safety,SAFETY-Unbranded-Hand/Feet-Warmers-HAND-WARMERS
3984,Tools,TOOLS-Unbranded-Caulk-Gun-CAULKGUN
CAULKGUN,Tools,TOOLS-Unbranded-Caulk-Gun-CAULKGUN
CG1,Tools,TOOLS-Unbranded-Caulk-Gun-CAULKGUN
MC4 CRIMPING TOOL,Tools,TOOLS-Unbranded-Crimp-Tool-MC4-CRIMPING-TOOL
RENTAL PAT644LI,Tools,TOOLS-Unbranded-Crimp-Tool-MC4-CRIMPING-TOOL
TG100S,Tools,TOOLS-Unbranded-Crimp-Tool-MC4-CRIMPING-TOOL
10-32 DRILL TAP BIT,Tools,TOOLS-Unbranded-Drill-Tap-Bit-10-32-DRILL-TAP-BIT
8-32 DRILL TAP BIT,Tools,TOOLS-Unbranded-Drill-Tap-Bit-8-32-DRILL-TAP-BIT
03328.63.04,Tools,TOOLS-Unbranded-Extension-Cord-03328.63.04
B606,Tools,TOOLS-Unbranded-Flashlight-B606
24L,Tools,TOOLS-Unbranded-Hole-Saw-24L
1-3/4HSW/A,Tools,TOOLS-Unbranded-Hole-Saw-24L
1-3/4HSW/OA,Tools,TOOLS-Unbranded-Hole-Saw-24L
LADDER LIFT,Tools,TOOLS-Unbranded-Ladder-Hoist-LADDER-LIFT
27505,Tools,TOOLS-Unbranded-Solar-Panel-Caddy-27505
30888VB11,Tools,TOOLS-Unbranded-Step-Drill-Bit-30888VB11
1UTILITYJUG,Tools,TOOLS-Unbranded-Utility-Jug-1UTILITYJUG
RAZER BLADE PACK,Tools,TOOLS-Unbranded-Utility-Knife-Blade-RAZER-BLADE-PACK
WIRE SPOOL,Tools,TOOLS-Unbranded-Wire-Spool-WIRE-SPOOL
WIRESPOOL,Tools,TOOLS-Unbranded-Wire-Spool-WIRE-SPOOL
