Description,Manufacturer,Part Number,Grounding Type,BRSID
"Ammo Electric Ground Rod, 5/8 in x 8 ft, Copper Clad Steel",Ammo Electric,58-8CCSGR,Ground Rod,GROUNDING-Ammo-Electric-58-8CCSGR
"Appleton Ground Clamp, 1/2 to 1 in Pipe or Rod",Appleton,GC1Z,Ground Clamp,GROUNDING-Appleton-GC1Z
"Appleton Ground Clamp, 5/8 in, Direct Burial",Appleton,RC625,Ground Clamp,GROUNDING-Appleton-RC625
"Arlington Ground Rod Clamp, 5/8 in",Arlington,781,Ground Rod Clamp,GROUNDING-Arlington-781
"Arlington Grounding Bridge, 4-Terminal",Arlington,GB5,Grounding Bridge,GROUNDING-Arlington-GB5
"Arlington Grounding Bridge, 4-Terminal, PVC Adaptor",Arlington,GB5P,Grounding Bridge,GROUNDING-Arlington-GB5P
"Blackburn Ground Rod, 5/8 in x 8 ft, Copper-Bonded Steel",Blackburn,6258,Ground Rod,GROUNDING-Blackburn-6258
"Blackburn Ground Rod, 5/8 in x 8 ft, Galvanized",Blackburn,GR6258,Ground Rod,GROUNDING-Blackburn-GR6258
"Blackburn Ground Rod Clamp, 5/8 in",Blackburn,G5,Ground Rod Clamp,GROUNDING-Blackburn-G5
"Bridgeport Ground Clamp, 1/2 to 1 in Pipe or Rod",Bridgeport,1307-B,Ground Clamp,GROUNDING-Bridgeport-1307-B
"Bridgeport Ground Clamp, 1/2 to 1 in Pipe or Rod",Bridgeport,1308-B,Ground Clamp,GROUNDING-Bridgeport-1308-B
"Bridgeport Ground Clamp, 1/2 to 1 in Pipe or Rod",Bridgeport,1308-DC,Ground Clamp,GROUNDING-Bridgeport-1308-DC
"Bridgeport Ground Clamp, 1/2 to 1 in Pipe or Rod",Bridgeport,1309-B,Ground Clamp,GROUNDING-Bridgeport-1309-B
"Bridgeport Ground Clamp, 1/2 to 1 in Pipe or Rod",Bridgeport,1309-DC,Ground Clamp,GROUNDING-Bridgeport-1309-DC
"Bridgeport Ground Clamp, 1/2 to 1 in Pipe or Rod",Bridgeport,1330-B,Ground Clamp,GROUNDING-Bridgeport-1330-B
"Bridgeport Ground Clamp, 1/2 to 1 in Pipe or Rod",Bridgeport,DB-1308,Ground Clamp,GROUNDING-Bridgeport-DB-1308
"Bridgeport Ground Clamp, 1/2 to 1 in Pipe or Rod",Bridgeport,DB-1309,Ground Clamp,GROUNDING-Bridgeport-DB-1309
"Bridgeport Ground Clamp, 1/2 to 1 in Pipe or Rod",Bridgeport,RB16,Ground Clamp,GROUNDING-Bridgeport-RB16
"Bridgeport Ground Clamp, 1/2 to 1 in Pipe or Rod",Bridgeport,1330-BH,Ground Clamp,GROUNDING-Bridgeport-1330-BH
"Bridgeport Ground Rod Clamp, 1/2 in, Direct Burial",Bridgeport,GRC-63,Ground Rod Clamp,GROUNDING-Bridgeport-GRC-63
"Bridgeport Ground Rod Clamp, 5/8 in, Direct Burial",Bridgeport,GRC-63,Ground Rod Clamp,GROUNDING-Bridgeport-GRC-63
"Bridgeport Ground Rod Clamp, 3/4 in, Direct Burial",Bridgeport,GRC-75,Ground Rod Clamp,GROUNDING-Bridgeport-GRC-75
"Bridgeport Grounding Bridge, 4-Terminal",Bridgeport,IGB-WM,Grounding Bridge,GROUNDING-Bridgeport-IGB-WM
"Bridgeport Grounding Locknut, 3/4 in",Bridgeport,162-G,Grounding Locknut,GROUNDING-Bridgeport-162-G
"Bridgeport Grounding Locknut, 3/4 in, Insulated",Bridgeport,162-GI,Grounding Locknut,GROUNDING-Bridgeport-162-GI
"Bridgeport Grounding Locknut, 1 in",Bridgeport,163-G,Grounding Locknut,GROUNDING-Bridgeport-163-G
"Bridgeport Ground Lug, 4-14 AWG",Bridgeport,ALI-SER,Ground Lug,GROUNDING-Bridgeport-ALI-SER
"Burndy Ground Tray Clamp, 4-14 AWG",Burndy,BTCGC4SS,Ground Tray Clamp,GROUNDING-Burndy-BTCGC4SS
"Burndy Ground Clamp, 1/2 to 1 in Pipe or Rod",Burndy,C11D,Ground Clamp,GROUNDING-Burndy-C11D
"Burndy Ground Clamp, 1/2 to 1 in Pipe or Rod",Burndy,C11K16D,Ground Clamp,GROUNDING-Burndy-C11K16D
"Burndy Ground Clamp, 1-1/4 to 2 in Pipe or Rod",Burndy,C22D,Ground Clamp,GROUNDING-Burndy-C22D
"Burndy Ground Clamp, 1/2 to 1 in Pipe or Rod",Burndy,GC15A,Ground Clamp,GROUNDING-Burndy-GC15A
"Burndy Ground Rod Clamp, 3/8 in Rod Size, 10-4 AWG Conductor",Burndy,GRL3,Ground Rod Clamp,GROUNDING-Burndy-GRL3
"Burndy Ground Rod Clamp, 1/2 in Rod Size, 10-2 AWG Conductor",Burndy,GRL4,Ground Rod Clamp,GROUNDING-Burndy-GRL4
"Burndy Ground Rod Clamp, 5/8 in Rod Size, 10-2 AWG Conductor",Burndy,GRL5,Ground Rod Clamp,GROUNDING-Burndy-GRL5
"Burndy Ground Rod Clamp, 3/4 in Rod Size, 10-2 AWG Conductor",Burndy,GRL6,Ground Rod Clamp,GROUNDING-Burndy-GRL6
"Burndy Ground Rod Clamp, 1/2 to 3/4 in",Burndy,GCRT1/0,Ground Rod Clamp,GROUNDING-Burndy-GCRT1/0
"Burndy Ground Rod Clamp, 1/2 in",Burndy,GRC12,Ground Rod Clamp,GROUNDING-Burndy-GRC12
"Burndy Ground Rod Clamp, 5/8 in",Burndy,GRC58,Ground Rod Clamp,GROUNDING-Burndy-GRC58
"Burndy Ground Lug, 6-14 AWG",Burndy,WEEB-LUG-10.3,Ground Lug,GROUNDING-Burndy-WEEB-LUG-10.3
"Burndy Ground Lug Parts, WEEB Lug 10.3, Lug",Burndy,4000624,Ground Lug Parts,GROUNDING-Burndy-4000624
"Burndy Ground Lug Parts, WEEB Lug 10.3, Hardware",Burndy,4000622,Ground Lug Parts,GROUNDING-Burndy-4000622
"Burndy Ground Lug, 4-14 AWG",Burndy,BGBL4,Ground Lug,GROUNDING-Burndy-BGBL4
"Burndy Ground Lug, 4-14 AWG, Lay-in",Burndy,CL501TN,Ground Lug,GROUNDING-Burndy-CL501TN
"Burndy Ground Lug, 4-14 AWG, Stainless Steel",Burndy,CL501TNMHWSST,Ground Lug,GROUNDING-Burndy-CL501TNMHWSST
"Burndy Ground Lug, 6-14 AWG, Assembled",Burndy,WEEB-LUG-6.7AS,Ground Lug,GROUNDING-Burndy-WEEB-LUG-6.7AS
"Burndy Ground Lug, 6-14 AWG, Not Assembled",Burndy,WEEB-LUG-6.7,Ground Lug,GROUNDING-Burndy-WEEB-LUG-6.7
"Burndy Ground Lug, 6-14 AWG, M8, Not Assembled",Burndy,WEEB-LUG-8.0,Ground Lug,GROUNDING-Burndy-WEEB-LUG-8.0
"Caddy Ground Rod Clamp, 1/2 - 5/8 in",Caddy,CP58,Ground Rod Clamp,GROUNDING-Caddy-CP58
"Cully Grounding Screw, #10-32 x 3/8 in",Cully,80006J,Grounding Screw,GROUNDING-Cully-80006J
"Eaton Ground Bar Kit, 10-Terminal",Eaton,GBK10,Ground Bar Kit,GROUNDING-Eaton-GBK10
"Eaton Ground Bar Kit, 10-Terminal",Eaton,GBK1020,Ground Bar Kit,GROUNDING-Eaton-GBK1020
"Eaton Ground Bar Kit, 10-Terminal",Eaton,GBK1020CS,Ground Bar Kit,GROUNDING-Eaton-GBK1020CS
"Eaton Ground Bar Kit, 14 Terminal",Eaton,GBK14,Ground Bar Kit,GROUNDING-Eaton-GBK14
"Eaton Ground Bar Kit, 21-Terminal",Eaton,GBK21,Ground Bar Kit,GROUNDING-Eaton-GBK21
"Eaton Ground Bar Kit, 5-Terminal",Eaton,GBK5,Ground Bar Kit,GROUNDING-Eaton-GBK5
"Eaton Ground Bar Kit, 20-Terminal",Eaton,GBK520,Ground Bar Kit,GROUNDING-Eaton-GBK520
"Eaton Ground Bar Kit, 10-Terminal",Eaton,GBKP10,Ground Bar Kit,GROUNDING-Eaton-GBKP10
"Eaton Ground Bar Kit, 14-Terminal",Eaton,GBKP14,Ground Bar Kit,GROUNDING-Eaton-GBKP14
"Eaton Ground Bar Kit, 21-Terminal",Eaton,GBKP21,Ground Bar Kit,GROUNDING-Eaton-GBKP21
"Eaton Ground Bar Kit, 21-Terminal",Eaton,GBKP2120,Ground Bar Kit,GROUNDING-Eaton-GBKP2120
Eaton 14-Terminal Ground Bar Kit,Eaton,GBK1420,Ground Bar Kit,GROUNDING-Eaton-GBK1420
Eaton 21-Terminal Ground Bar Kit,Eaton,GBK2120,Ground Bar Kit,GROUNDING-Eaton-GBK2120
Eaton 5 Terminals Ground Bar Kit,Eaton,GBKP5,Ground Bar Kit,GROUNDING-Eaton-GBKP5
Eaton 13-Terminal Ground Bar Kit,Eaton,GBK13,Ground Bar Kit,GROUNDING-Eaton-GBK13
"Eaton Grounding Bridge, 4-Terminal",Eaton,BB414C,Grounding Bridge,GROUNDING-Eaton-BB414C
"Erico Ground Rod, 5/8 in x 8 ft, Steel, 8 mil Copper Finish",Erico,615883,Ground Rod,GROUNDING-Erico-615883
"Erico Ground Rod, 5/8 in x 8 ft, Steel, 10 mil Copper Finish",Erico,615880,Ground Rod,GROUNDING-Erico-615880
"Erico Ground Rod, 5/8 in x 10 ft, Steel, 10 mil Copper Finish",Erico,615800,Ground Rod,GROUNDING-Erico-615800
"Erico Ground Rod, 5/8 in x 10 ft, Galvanized",Erico,815880,Ground Rod,GROUNDING-Erico-815880
"Erico Grounding Bridge, 6-Terminal",Erico,IBTB,Grounding Bridge,GROUNDING-Erico-IBTB
"Erico Grounding Busbar, 12 in",Erico,TGBA12L06PT,Grounding Busbar,GROUNDING-Erico-TGBA12L06PT
"Galvan Ground Rod Clamp, 10-1/0 AWG",Galvan,SRC,Ground Rod Clamp,GROUNDING-Galvan-SRC
"Galvan Ground Rod, 5/8 in x 10 ft",Galvan,6260,Ground Rod,GROUNDING-Galvan-6260
"Galvan Ground Rod, 5/8 in x 8 ft, Copper",Galvan,C6258,Ground Rod,GROUNDING-Galvan-C6258
"Galvan Ground Rod, 5/8 in x 8 ft, Copper Coated, Sectional",Galvan,6258S,Ground Rod,GROUNDING-Galvan-6258S
"Galvan Ground Rod, 5/8 in x 10 ft, Hot-Dipped, Galvanized",Galvan,GR6250,Ground Rod,GROUNDING-Galvan-GR6250
"Galvan Ground Rod, 5/8 in x 8 ft, Hot-Dipped, Galvanized",Galvan,GR6258,Ground Rod,GROUNDING-Galvan-GR6258
"Galvan Ground Rod Clamp, Na",Galvan,G5,Ground Rod Clamp,GROUNDING-Galvan-G5
"Garvin Ground Clamp, 1/2 to 1 in Pipe or Rod",Garvin,GCB50100,Ground Clamp,GROUNDING-Garvin-GCB50100
"GE Ground Bar Kit, 7-Terminal",GE,TGL1,Ground Bar Kit,GROUNDING-GE-TGL1
"GE Ground Bar Kit, 8-Terminal",GE,TNG3,Ground Bar Kit,GROUNDING-GE-TNG3
GE 12-Terminal Ground Bar Kit,GE,TGK12,Ground Bar Kit,GROUNDING-GE-TGK12
"Greaves Ground Bar Kit, 7-Terminal",Greaves,ANB473,Ground Bar Kit,GROUNDING-Greaves-ANB473
"Greaves Ground Clamp, 1/2 to 1 in Pipe or Rod",Greaves,G1,Ground Clamp,GROUNDING-Greaves-G1
"Ilsco Ground Clamp, 1-1/4-2 Awg",Ilsco,AGC-2,Ground Clamp,GROUNDING-Ilsco-AGC-2
"Ilsco Ground Clamp, 1/2 to 1 in Pipe or Rod",Ilsco,BGC-1DB,Ground Clamp,GROUNDING-Ilsco-BGC-1DB
"Ilsco Ground Clamp, 1-1/4 to 2 in Pipe or Rod",Ilsco,BGC-2DB,Ground Clamp,GROUNDING-Ilsco-BGC-2DB
"Ilsco Ground Rod Clamp, 5/8 in",Ilsco,CGRC-58,Ground Rod Clamp,GROUNDING-Ilsco-CGRC-58
"Ilsco Ground Lug, 4-14 AWG, Tin Platted",Ilsco,GBL-4,Ground Lug,GROUNDING-Ilsco-GBL-4
"Ilsco Ground Lug, 4-14 AWG, Stainless Steel",Ilsco,GBL-4DB,Ground Lug,GROUNDING-Ilsco-GBL-4DB
"Ilsco Ground Lug, 4-14 AWG, Stainless Steel, Tin Platted",Ilsco,GBL-4DBT,Ground Lug,GROUNDING-Ilsco-GBL-4DBT
"Ilsco Ground Lug, 4-14 AWG",Ilsco,SGB-4,Ground Lug,GROUNDING-Ilsco-SGB-4
"LH Dottie Ground Clamp, 1/2 to 1 in",LH Dottie,25,Ground Clamp,GROUNDING-LH-Dottie-25
"LH Dottie Ground Rod, 5/8 in x 8 ft, Copper Bonded",LH Dottie,GR5808,Ground Rod,GROUNDING-LH-Dottie-GR5808
"LH Dottie Ground Rod Clamp, 5/8 in",LH Dottie,GR58,Ground Rod Clamp,GROUNDING-LH-Dottie-GR58
"LH Dottie Grounding Screw, #10-32 x 3/8 in",LH Dottie,1032G,Grounding Screw,GROUNDING-LH-Dottie-1032G
"LH Dottie Grounding Screw, #10-32 x 3/8 in",LH Dottie,1032TC,Grounding Screw,GROUNDING-LH-Dottie-1032TC
"Madison Ground Clamp, 1/2 to 1 in",Madison,L-160-B,Ground Clamp,GROUNDING-Madison-L-160-B
"Madison Ground Clamp, 1/2 to 1 in, Armored",Madison,L-163,Ground Clamp,GROUNDING-Madison-L-163
"Madison Ground Rod Clamp, 5/8 in",Madison,GRC-2,Ground Rod Clamp,GROUNDING-Madison-GRC-2
"Madison Grounding Bridge, 1/2 in Diameter, 6-Terminal",Madison,MEIBB,Grounding Bridge,GROUNDING-Madison-MEIBB
"Morris Ground Bar Kit, 7-Terminal",Morris,91138,Ground Bar Kit,GROUNDING-Morris-91138
Morris 6-Terminal Ground Bar Kit,Morris,91133,Ground Bar Kit,GROUNDING-Morris-91133
"Morris Ground Rod Clamp, 5/8 in",Morris,90636,Ground Rod Clamp,GROUNDING-Morris-90636
"Morris Grounding Bridge, 4-Terminal",Morris,90588,Grounding Bridge,GROUNDING-Morris-90588
"NSI Ground Bar Kit, 7-Terminal",NSI,GBA27,Ground Bar Kit,GROUNDING-NSI-GBA27
"NSI Ground Clamp, 1/2 to 1 in",NSI,G-1,Ground Clamp,GROUNDING-NSI-G-1
"NSI Ground Clamp, 1/2 to 1 in, Direct Burial",NSI,G-1-SDB,Ground Clamp,GROUNDING-NSI-G-1-SDB
"NSI Ground Clamp, 1/2 to 1 in, Direct Burial, Rebar",NSI,G-1-SDBR,Ground Clamp,GROUNDING-NSI-G-1-SDBR
"NSI Ground Clamp, 1-1/4 to 2 in",NSI,G-2-S,Ground Clamp,GROUNDING-NSI-G-2-S
"NSI Ground Clamp, 1-1/4 to 2 in, Direct Burial",NSI,G-2-SDB,Ground Clamp,GROUNDING-NSI-G-2-SDB
"NSI Ground Clamp, 1-1/4 to 2 in, Aluminum",NSI,GCA-2,Ground Clamp,GROUNDING-NSI-GCA-2
"NSI Ground Clamp, 1/2 to 1 in, Zinc",NSI,GZ1,Ground Clamp,GROUNDING-NSI-GZ1
"NSI Ground Rod Clamp, 3/4 in",NSI,GRC-34,Ground Rod Clamp,GROUNDING-NSI-GRC-34
"NSI Ground Rod Clamp, 3/8 to 3/4 in",NSI,GRC-3834,Ground Rod Clamp,GROUNDING-NSI-GRC-3834
"NSI Ground Rod Clamp, 5/8 in",NSI,GRC-58,Ground Rod Clamp,GROUNDING-NSI-GRC-58
"NSI Ground Rod Clamp, 5/8 in",NSI,GRC-58H,Ground Rod Clamp,GROUNDING-NSI-GRC-58H
"NSI Grounding Bridge, 4-Terminal, No Cover",NSI,GBIBZ 126-4414,Grounding Bridge,GROUNDING-NSI-GBIBZ-126-4414
"NSI Grounding Bridge, 4-Terminal",NSI,GBIBZ 126-4414-WC,Grounding Bridge,GROUNDING-NSI-GBIBZ-126-4414-WC
"NSI Grounding Clamp, 1/2 to 1 in",NSI,G-1,Grounding Clamp,GROUNDING-NSI-G-1
"NSI Grounding Clamp, 1/2 to 1 in",NSI,GLC-12DB,Grounding Clamp,GROUNDING-NSI-GLC-12DB
"NSI Ground Lug, 4-14 AWG",NSI,GLA-4,Ground Lug,GROUNDING-NSI-GLA-4
"NSI Grounding Screw, #10-32 x 3/8 in, Combo Slotted Hex Head",NSI,GSC,Grounding Screw,GROUNDING-NSI-GSC
"NSI Grounding Screw, #10-32 x 3/8 in, Hex Head",NSI,GSH,Grounding Screw,GROUNDING-NSI-GSH
"Peco Grounding Screw, #10-32 x 3/8 in",Peco,1032X38GGSJ,Grounding Screw,GROUNDING-Peco-1032X38GGSJ
"Penn Union Ground Rod Clamp, 5/8 in",Penn Union,CEB2,Ground Rod Clamp,GROUNDING-Penn-Union-CEB2
"Penn Union Ground Lug, 4-14 AWG",Penn Union,LI-50S,Ground Lug,GROUNDING-Penn-Union-LI-50S
"Powerline Hardware Ground Rod, 5/8 in x 6 ft, Copper",Powerline Hardware,PLH-586C,Ground Rod,GROUNDING-Powerline-Hardware-PLH-586C
"Powerline Hardware Ground Rod, 5/8 in x 6 ft, Galvanized",Powerline Hardware,PLH-586G,Ground Rod,GROUNDING-Powerline-Hardware-PLH-586G
"Priority Wire & Cable Ground Rod Clamp, 5/8 in, Direct Burial",Priority Wire & Cable,P5,Ground Rod Clamp,GROUNDING-Priority-Wire-&-Cable-P5
"Raco Grounding Bridge, 4-Terminal",Raco,RACIBB,Grounding Bridge,GROUNDING-Raco-RACIBB
"Raco Grounding Screw, #10-32 x 3/8 in",Raco,973,Grounding Screw,GROUNDING-Raco-973
"SGP Ground Rod, 5/8 in x 8 ft, Copper",SGP,C588,Ground Rod,GROUNDING-SGP-C588
"SGP Ground Rod, 5/8 in x 8 ft, Galvanized",SGP,ZZ588,Ground Rod,GROUNDING-SGP-ZZ588
"SGP Ground Rod Clamp, 5/8 in",SGP,G5,Ground Rod Clamp,GROUNDING-SGP-G5
"SGP Ground Rod Clamp, 1/2 to  3/4 in",SGP,UGC,Ground Rod Clamp,GROUNDING-SGP-UGC
"Siemens Ground Bar Kit, 8-Terminal",Siemens,EC1GB8,Ground Bar Kit,GROUNDING-Siemens-EC1GB8
"Siemens Ground Bar Kit, 12-Terminal",Siemens,EC1GB82,Ground Bar Kit,GROUNDING-Siemens-EC1GB82
"Siemens Ground Bar Kit, 12 Positions",Siemens,EC2GB12,Ground Bar Kit,GROUNDING-Siemens-EC2GB12
"Siemens Ground Bar Kit, 21 Terminals",Siemens,EC3GB212,Ground Bar Kit,GROUNDING-Siemens-EC3GB212
"Siemens Ground Bar Kit, 10-Terminal",Siemens,ECGB10,Ground Bar Kit,GROUNDING-Siemens-ECGB10
"Siemens Ground Bar Kit, 14-Terminal",Siemens,ECGB14,Ground Bar Kit,GROUNDING-Siemens-ECGB14
"Siemens Ground Bar Kit, 14-Terminal",Siemens,ECGB142,Ground Bar Kit,GROUNDING-Siemens-ECGB142
"Siemens Ground Bar Kit, 20-Terminal",Siemens,ECGB20,Ground Bar Kit,GROUNDING-Siemens-ECGB20
"Siemens Ground Bar Kit, 5-Terminal",Siemens,ECGB5,Ground Bar Kit,GROUNDING-Siemens-ECGB5
Siemens 15-Terminal Ground Bar Kit,Siemens,EC2GB15,Ground Bar Kit,GROUNDING-Siemens-EC2GB15
Siemens 21-Terminal Ground Bar Kit,Siemens,EC3GB21,Ground Bar Kit,GROUNDING-Siemens-EC3GB21
Siemens 15-Terminal Ground Bar Kit,Siemens,EC2GB152,Ground Bar Kit,GROUNDING-Siemens-EC2GB152
Siemens 14-Terminal Ground Bar Kit,Siemens,ECGB141,Ground Bar Kit,GROUNDING-Siemens-ECGB141
Siemens 20-Terminal Ground Bar Kit,Siemens,ECGB202,Ground Bar Kit,GROUNDING-Siemens-ECGB202
Siemens 42-Terminal Ground Bar Kit,Siemens,IGK,Ground Bar Kit,GROUNDING-Siemens-IGK
Siemens 23-Terminal Ground Bar Kit,Siemens,ECLX210M,Ground Bar Kit,GROUNDING-Siemens-ECLX210M
Siemens 14-Terminal Ground Bar Kit,Siemens,ECLNB14,Ground Bar Kit,GROUNDING-Siemens-ECLNB14
Siemens 35-Terminal Ground Bar Kit,Siemens,EC3GB352,Ground Bar Kit,GROUNDING-Siemens-EC3GB352
Siemens 12-Terminal Ground Bar Kit,Siemens,EC2GB122,Ground Bar Kit,GROUNDING-Siemens-EC2GB122
Siemens 21-Terminal Ground Bar Kit,Siemens,EGK,Ground Bar Kit,GROUNDING-Siemens-EGK
Siemens 15-Terminal Ground Bar Kit,Siemens,ECNBX15,Ground Bar Kit,GROUNDING-Siemens-ECNBX15
Siemens 1-Terminal Ground Bar Kit,Siemens,HG61234,Ground Bar Kit,GROUNDING-Siemens-HG61234
Siemens 30-Terminals Ground Bar Kit,Siemens,EC3GB302,Ground Bar Kit,GROUNDING-Siemens-EC3GB302
Siemens 30-Terminal Ground Bar Kit,Siemens,EC3GB30,Ground Bar Kit,GROUNDING-Siemens-EC3GB30
"Southwire Ground Rod Clamp, 5/8 in",Southwire,412,Ground Rod Clamp,GROUNDING-Southwire-412
Square D Ground Bar Insulating Kit,Square D,PKGTAB,Ground Bar Insulating Kit,GROUNDING-Square-D-PKGTAB
"Square D Ground Bar Kit, 12-Terminal",Square D,PK12GTA,Ground Bar Kit,GROUNDING-Square-D-PK12GTA
"Square D Ground Bar Kit, 15-Terminal",Square D,PK15GTA,Ground Bar Kit,GROUNDING-Square-D-PK15GTA
"Square D Ground Bar Kit, 18 Terminal",Square D,PK18GTA,Ground Bar Kit,GROUNDING-Square-D-PK18GTA
"Square D Ground Bar Kit, 23-Terminal",Square D,PK23GTA,Ground Bar Kit,GROUNDING-Square-D-PK23GTA
"Square D Ground Bar Kit, 23-Terminal",Square D,PK23GTAL,Ground Bar Kit,GROUNDING-Square-D-PK23GTAL
"Square D Ground Bar Kit, 3-Terminal",Square D,PK3GTA1,Ground Bar Kit,GROUNDING-Square-D-PK3GTA1
"Square D Ground Bar Kit, 4-Terminal",Square D,PK4GTA,Ground Bar Kit,GROUNDING-Square-D-PK4GTA
"Square D Ground Bar Kit, 15-Terminal",Square D,PK5GTA,Ground Bar Kit,GROUNDING-Square-D-PK5GTA
"Square D Ground Bar Kit, 7-Terminal",Square D,PK7GTA,Ground Bar Kit,GROUNDING-Square-D-PK7GTA
"Square D Ground Bar Kit, 9-Terminal",Square D,PK9GTA,Ground Bar Kit,GROUNDING-Square-D-PK9GTA
Square D 15-Terminal Ground Bar Kit,Square D,PK15GTAL,Ground Bar Kit,GROUNDING-Square-D-PK15GTAL
Square D 3-Terminal Ground Bar Kit,Square D,GTK03,Ground Bar Kit,GROUNDING-Square-D-GTK03
Square D 27-Terminal Ground Bar Kit,Square D,PK27GTA,Ground Bar Kit,GROUNDING-Square-D-PK27GTA
"Thomas & Betts Ground Clamp, 1-1/2 to 2 in Pipe or Rod",Thomas & Betts,AJ-2,Ground Clamp,GROUNDING-Thomas-&-Betts-AJ-2
"Thomas & Betts Ground Clamp, 1/2 to 1 in Pipe or Rod",Thomas & Betts,JJR,Ground Clamp,GROUNDING-Thomas-&-Betts-JJR
"Topaz Ground Clamp, 1/2 to 1 in, Brass",Topaz,626A,Ground Clamp,GROUNDING-Topaz-626A
"Topaz Ground Lug, 4-14 AWG",Topaz,810,Ground Lug,GROUNDING-Topaz-810
