Description,Manufacturer,Part Number,Hardware Type,Hardware Size,BRSID
"3M Cable Tie, 50 lb",3M,CT11BK50-C,Cable Tie,50 lb,HARDWARE-3M-CT11BK50-C
"3M Cable Tie, 11 in",3M,CT11NT50-C,Cable Tie,11 in,HARDWARE-3M-CT11NT50-C
"3M Cable Tie, 120 lb",3M,CT15BK120-C,Cable Tie,120 lb,HARDWARE-3M-CT15BK120-C
"3M Cable Tie, 120 lb",3M,CT15BK120-D,Cable Tie,120 lb,HARDWARE-3M-CT15BK120-D
"3M Cable Tie, 50 lb",3M,CT15BK50-C,Cable Tie,50 lb,HARDWARE-3M-CT15BK50-C
"3M Cable Tie, 120 lb",3M,CT15NT120-C,Cable Tie,120 lb,HARDWARE-3M-CT15NT120-C
"3M Cable Tie, 4 in",3M,CT4NT18-C,Cable Tie,4 in,HARDWARE-3M-CT4NT18-C
"3M Cable Tie, 40 lb",3M,CT6BK40-C,Cable Tie,40 lb,HARDWARE-3M-CT6BK40-C
"3M Cable Tie, 40 lb",3M,CT6NT40-C,Cable Tie,40 lb,HARDWARE-3M-CT6NT40-C
"3M Cable Tie, 7-15/16 in",3M,CT8BK50C,Cable Tie,7-15/16 in,HARDWARE-3M-CT8BK50C
"3M Cable Tie, 50 lb",3M,CT8BK50-C,Cable Tie,50 lb,HARDWARE-3M-CT8BK50-C
"3M Cable Tie, 50 lb",3M,CT8NT50-C,Cable Tie,50 lb,HARDWARE-3M-CT8NT50-C
"Acorn Fasteners Anchor Kit, #10 x 1-1/4 in",Acorn Fasteners,PAK14L,Anchor Kit,#10 x 1-1/4 in,HARDWARE-Acorn-Fasteners-PAK14L
"Advanced Cable Ties Cable Tie, 11 in x 8-1/2 in",Advanced Cable Ties,AL-11-40-0-C,Cable Tie,11 in x 8-1/2 in,HARDWARE-Advanced-Cable-Ties-AL-11-40-0-C
"Advanced Cable Ties Cable Tie, 11 in",Advanced Cable Ties,AL-11-50-0-C,Cable Tie,11 in,HARDWARE-Advanced-Cable-Ties-AL-11-50-0-C
"Advanced Cable Ties Cable Tie, 14 in",Advanced Cable Ties,AL-14-40-0-C,Cable Tie,14 in,HARDWARE-Advanced-Cable-Ties-AL-14-40-0-C
"Advanced Cable Ties Cable Tie, 14 in",Advanced Cable Ties,ALB-14-50-SP-0-C,Cable Tie,14 in,HARDWARE-Advanced-Cable-Ties-ALB-14-50-SP-0-C
"Arrow Staple, 3/4 x 7/8 in",Arrow,721189,Staple,3/4 x 7/8 in,HARDWARE-Arrow-721189
"Arrow Staple, 1/2 in",Arrow,516-704,Staple,1/2 in,HARDWARE-Arrow-516-704
"Briscon Staple, 9/16 x 1-1/4 in, Box of 100",Briscon,SN-100-B-100,Staple,"9/16 x 1-1/4 in, Box of 100",HARDWARE-Briscon-SN-100-B-100
"Briscon Staple, 1-3/8 x 13/16 in, Box of 100",Briscon,SN-300-B-100,Staple,"1-3/8 x 13/16 in, Box of 100",HARDWARE-Briscon-SN-300-B-100
"Briscon Staple, 1-1/16 x 1-7/16 in, Box of 100",Briscon,SN-350-B-100,Staple,"1-1/16 x 1-7/16 in, Box of 100",HARDWARE-Briscon-SN-350-B-100
"Briscon Staple, 1/2 x 1 in, Box of 500",Briscon,SN-40-500,Staple,"1/2 x 1 in, Box of 500",HARDWARE-Briscon-SN-40-500
"Briscon Staple, 1/2 x 1 in, Bucket of 5000",Briscon,SN-40-5M,Staple,"1/2 x 1 in, Bucket of 5000",HARDWARE-Briscon-SN-40-5M
"Briscon Staple, 1/2 x 1 in, Box of 100",Briscon,SN-40-B-100,Staple,"1/2 x 1 in, Box of 100",HARDWARE-Briscon-SN-40-B-100
"Briscon Staple, 1-5/8 x 2-1/8 in, Box of 100",Briscon,SN-500-B-100,Staple,"1-5/8 x 2-1/8 in, Box of 100",HARDWARE-Briscon-SN-500-B-100
"Buchanan Staple, 1 x 1/2 in",Buchanan,BCS1-JR,Staple,1 x 1/2 in,HARDWARE-Buchanan-BCS1-JR
"Buchanan Staple, 9/16 x 1-1/4 in, Box of 100",Buchanan,BCS21,Staple,"9/16 x 1-1/4 in, Box of 100",HARDWARE-Buchanan-BCS21
"Buchanan Staple, 9/16 x 1-1/4 in, Box of 500",Buchanan,BCS2-5,Staple,"9/16 x 1-1/4 in, Box of 500",HARDWARE-Buchanan-BCS2-5
"Buchanan Staple, 9/16 x 1-1/4 in, Jar of 400",Buchanan,BCS2JR,Staple,"9/16 x 1-1/4 in, Jar of 400",HARDWARE-Buchanan-BCS2JR
"Buchanan Staple, 1-5/16 in",Buchanan,BMSE150-1,Staple,1-5/16 in,HARDWARE-Buchanan-BMSE150-1
"Buchanan Plastic Staple, 1/2 in",Buchanan,BPS2-1,Plastic Staple,1/2 in,HARDWARE-Buchanan-BPS2-1
"Buchanan Staple, 1/2 in",Buchanan,BPS2JRL,Staple,1/2 in,HARDWARE-Buchanan-BPS2JRL
"Buchanan Staple, 3/4 in",Buchanan,BPS3-1,Staple,3/4 in,HARDWARE-Buchanan-BPS3-1
"Burndy Cable Tie, 4 in, 18 lb",Burndy,CT18075C0,Cable Tie,"4 in, 18 lb",HARDWARE-Burndy-CT18075C0
"Burndy Cable Tie, 4 in",Burndy,CT50175C0,Cable Tie,4 in,HARDWARE-Burndy-CT50175C0
"Burndy Cable Tie, 11 in",Burndy,CT50300C,Cable Tie,11 in,HARDWARE-Burndy-CT50300C
"Burndy Cable Tie, 12 in",Burndy,CT50300C0,Cable Tie,12 in,HARDWARE-Burndy-CT50300C0
"Cable Tie Express Cable Tie, 11 in",Cable Tie Express,11-50-UV-100,Cable Tie,11 in,HARDWARE-Cable-Tie-Express-11-50-UV-100
"Caddy Nail Plate, 1-1/2 x 3-1/8 in",Caddy,304B2,Nail Plate,1-1/2 x 3-1/8 in,HARDWARE-Caddy-304B2
"Catamount Cable Tie, 7 in",Catamount,L-7-50-0-C,Cable Tie,7 in,HARDWARE-Catamount-L-7-50-0-C
"Chem Link Pitch Pan, 5 in",Chem Link,F1366,Pitch Pan,5 in,HARDWARE-Chem-Link-F1366
"Copper State Lag Bolt, 5/16 x 6 in",Copper State,06LSZ-0310600,Lag Bolt,5/16 x 6 in,HARDWARE-Copper-State-06LSZ-0310600
"Copper State Self-Drilling Screw, #12 x 2-1/2",Copper State,13SDHTZ-0220250,Self-Drilling Screw,#12 x 2-1/2,HARDWARE-Copper-State-13SDHTZ-0220250
"Copper State Structural Screw, 5/16 x 3-1/8 in",Copper State,37GK-10231,Structural Screw,5/16 x 3-1/8 in,HARDWARE-Copper-State-37GK-10231
"Cully Machine Screw, 8-32, 310 Piece Kit",Cully,39526,Machine Screw,"8-32, 310 Piece Kit",HARDWARE-Cully-39526
"Cully Winged Anchor, #8 to #12, 201 Pieces",Cully,39751,Winged Anchor,"#8 to #12, 201 Pieces",HARDWARE-Cully-39751
"Cully Conical Anchor, #10 x 1 in, Slot Head, Jar",Cully,39821,Conical Anchor,"#10 x 1 in, Slot Head, Jar",HARDWARE-Cully-39821
"Cully Winged Anchor, #8 Kit",Cully,39921,Winged Anchor,#8 Kit,HARDWARE-Cully-39921
"Cully Concrete Screw, 1/4 x 2-3/4 in",Cully,60344,Concrete Screw,1/4 x 2-3/4 in,HARDWARE-Cully-60344
"Cully Sheet Metal Screw, #10-16 x 3 in",Cully,79048,Sheet Metal Screw,#10-16 x 3 in,HARDWARE-Cully-79048
"Cully Nail Plate, 1-1/2 x 3 in",Cully,90100,Nail Plate,1-1/2 x 3 in,HARDWARE-Cully-90100
"Cully Self-Drilling Screw, #7 x 7/16 in",Cully,10708J,Self-Drilling Screw,#7 x 7/16 in,HARDWARE-Cully-10708J
"Cully Sheet Metal Screw, #10 x 1 in",Cully,11016J,Sheet Metal Screw,#10 x 1 in,HARDWARE-Cully-11016J
"Cully Sheet Metal Screw, #10 x 1-1/4 in",Cully,11020J,Sheet Metal Screw,#10 x 1-1/4 in,HARDWARE-Cully-11020J
"Cully Sheet Metal Screw, #10 x 1-1/2 in",Cully,11024J,Sheet Metal Screw,#10 x 1-1/2 in,HARDWARE-Cully-11024J
"Cully Sheet Metal Screw, #10 x 2 in",Cully,11032J,Sheet Metal Screw,#10 x 2 in,HARDWARE-Cully-11032J
"Cully Sheet Metal Screw, #10 x 3 in",Cully,11048J,Sheet Metal Screw,#10 x 3 in,HARDWARE-Cully-11048J
"Cully Sheet Metal Screw, #8 x 1/2 in",Cully,14809J,Sheet Metal Screw,#8 x 1/2 in,HARDWARE-Cully-14809J
"Cully Sheet Metal Screw, #8 x 9/16 in",Cully,14811J500,Sheet Metal Screw,#8 x 9/16 in,HARDWARE-Cully-14811J500
"Cully Sheet Metal Screw, #8 x 3/4 in",Cully,14813J,Sheet Metal Screw,#8 x 3/4 in,HARDWARE-Cully-14813J
"Cully Sheet Metal Screw, #8 x 1 in",Cully,14817J,Sheet Metal Screw,#8 x 1 in,HARDWARE-Cully-14817J
"Cully Sheet Metal Screw, 8 x 1-1/4",Cully,14820J,Sheet Metal Screw,8 x 1-1/4,HARDWARE-Cully-14820J
"Cully Sheet Metal Screw, #8 x 1-1/4 in",Cully,14821J,Sheet Metal Screw,#8 x 1-1/4 in,HARDWARE-Cully-14821J
"Cully Sheet Metal Screw, #10 x 1/2 in",Cully,15008J,Sheet Metal Screw,#10 x 1/2 in,HARDWARE-Cully-15008J
"Cully Sheet Metal Screw, #10 x 3/4 in",Cully,15012J,Sheet Metal Screw,#10 x 3/4 in,HARDWARE-Cully-15012J
"Cully Sheet Metal Screw, #10 x 1 in",Cully,15016J,Sheet Metal Screw,#10 x 1 in,HARDWARE-Cully-15016J
"Cully Sheet Metal Screw, #10 x 1-1/4 in",Cully,15020J,Sheet Metal Screw,#10 x 1-1/4 in,HARDWARE-Cully-15020J
"Cully Sheet Metal Screw, #10 x 1-1/2 in",Cully,15024J,Sheet Metal Screw,#10 x 1-1/2 in,HARDWARE-Cully-15024J
"Cully Sheet Metal Screw, #10 x 2 in",Cully,15032J,Sheet Metal Screw,#10 x 2 in,HARDWARE-Cully-15032J
"Cully Deck Screw, #9 x 2-1/2 in",Cully,181401LB,Deck Screw,#9 x 2-1/2 in,HARDWARE-Cully-181401LB
"Cully Sheet Metal Screw, #8 x 1 in",Cully,18817J,Sheet Metal Screw,#8 x 1 in,HARDWARE-Cully-18817J
"Cully Sheet Metal Screw, #10 x 3/4 in",Cully,19013J,Sheet Metal Screw,#10 x 3/4 in,HARDWARE-Cully-19013J
"Cully Sheet Metal Screw, #10 x 1 in",Cully,19017J,Sheet Metal Screw,#10 x 1 in,HARDWARE-Cully-19017J
"Cully Sheet Metal Screw, #10 x 1-1/4 in",Cully,19021J,Sheet Metal Screw,#10 x 1-1/4 in,HARDWARE-Cully-19021J
"Cully Sheet Metal Screw, #10 x 1-1/2 in",Cully,19025J,Sheet Metal Screw,#10 x 1-1/2 in,HARDWARE-Cully-19025J
"Cully Sheet Metal Screw, #10 x 2 in",Cully,19033J,Sheet Metal Screw,#10 x 2 in,HARDWARE-Cully-19033J
"Cully Sheet Metal Screw, #10 x 2-1/2 in",Cully,19041J,Sheet Metal Screw,#10 x 2-1/2 in,HARDWARE-Cully-19041J
"Cully Sheet Metal Screw, 12x1 in",Cully,19217J,Sheet Metal Screw,12x1 in,HARDWARE-Cully-19217J
"Cully Sheet Metal Screw, #12 x 1-1/4 in",Cully,19221J,Sheet Metal Screw,#12 x 1-1/4 in,HARDWARE-Cully-19221J
"Cully Sheet Metal Screw, 12 x 1-1/2 in",Cully,19225J,Sheet Metal Screw,12 x 1-1/2 in,HARDWARE-Cully-19225J
"Cully Self-Drilling Screw, 8 x 1/2 in",Cully,268096,Self-Drilling Screw,8 x 1/2 in,HARDWARE-Cully-268096
"Cully Self-Drilling Screw, #8-18 x 1/2 in",Cully,26809J,Self-Drilling Screw,#8-18 x 1/2 in,HARDWARE-Cully-26809J
"Cully Self-Drilling Screw, #8 x 9/16 in",Cully,26811J,Self-Drilling Screw,#8 x 9/16 in,HARDWARE-Cully-26811J
"Cully Self-Drilling Screw, #8 x 3/4 in",Cully,26813-1000,Self-Drilling Screw,#8 x 3/4 in,HARDWARE-Cully-26813-1000
"Cully Self-Drilling Screw, 8-18 x 3/4 in",Cully,26813J,Self-Drilling Screw,8-18 x 3/4 in,HARDWARE-Cully-26813J
"Cully Self-Drilling Screw, 8 x 1 in",Cully,26817J,Self-Drilling Screw,8 x 1 in,HARDWARE-Cully-26817J
"Cully Self-Drilling Screw, #8 x 1-1/4 in, Jar of 500",Cully,26821-6,Self-Drilling Screw,"#8 x 1-1/4 in, Jar of 500",HARDWARE-Cully-26821-6
"Cully Self-Drilling Screw, #8 x 1-1/4 in",Cully,26821J,Self-Drilling Screw,#8 x 1-1/4 in,HARDWARE-Cully-26821J
"Cully Self-Drilling Screw, #10 x 1 in",Cully,27016J,Self-Drilling Screw,#10 x 1 in,HARDWARE-Cully-27016J
"Cully Self-Drilling Screw, 1-1/4 in",Cully,27020J,Self-Drilling Screw,1-1/4 in,HARDWARE-Cully-27020J
"Cully Self-Drilling Screw, #10 x 1-1/2 in",Cully,27024J,Self-Drilling Screw,#10 x 1-1/2 in,HARDWARE-Cully-27024J
"Cully Self-Drilling Screw, 10 x 2 in",Cully,27032J,Self-Drilling Screw,10 x 2 in,HARDWARE-Cully-27032J
"Cully Sheet Metal Screw, 1-1/4 in",Cully,31860,Sheet Metal Screw,1-1/4 in,HARDWARE-Cully-31860
"Cully Washer Set, #8 to 3/8 in",Cully,39518,Washer Set,#8 to 3/8 in,HARDWARE-Cully-39518
"Cully Machine Screw, #6-32, 370 Pieces",Cully,39525,Machine Screw,"#6-32, 370 Pieces",HARDWARE-Cully-39525
"Cully Machine Screw, #10-32, 245 Pieces",Cully,39532,Machine Screw,"#10-32, 245 Pieces",HARDWARE-Cully-39532
"Cully Conical Anchor, #10 Square Drive Pan Head Red Conical",Cully,39710,Conical Anchor,#10 Square Drive Pan Head Red Conical,HARDWARE-Cully-39710
"Cully Conical Anchor, #10 x 1 in, Hex Head, Jar of 400",Cully,39710-6,Conical Anchor,"#10 x 1 in, Hex Head, Jar of 400",HARDWARE-Cully-39710-6
"Cully Conical Anchor, #10 x 1 in, Square Head, Box",Cully,39711,Conical Anchor,"#10 x 1 in, Square Head, Box",HARDWARE-Cully-39711
"Cully Winged Anchor, #10 Slot/Phil Pan Head Yellow",Cully,39761,Winged Anchor,#10 Slot/Phil Pan Head Yellow,HARDWARE-Cully-39761
"Cully Winged Anchor, #12 x 1 in, Slot Head, Box",Cully,39762,Winged Anchor,"#12 x 1 in, Slot Head, Box",HARDWARE-Cully-39762
"Cully Winged Anchor, #10 x 1 in, Slot Head, Jar",Cully,39763,Winged Anchor,"#10 x 1 in, Slot Head, Jar",HARDWARE-Cully-39763
"Cully Conical Anchor, #6 x 1 in, Slot Head, Jar",Cully,39816,Conical Anchor,"#6 x 1 in, Slot Head, Jar",HARDWARE-Cully-39816
"Cully Conical Anchor, #8 Slot/Phil Pan Head Red Kit",Cully,39818,Conical Anchor,#8 Slot/Phil Pan Head Red Kit,HARDWARE-Cully-39818
"Cully Conical Anchor, #10 x 1 in, Slot Head, Box",Cully,39820,Conical Anchor,"#10 x 1 in, Slot Head, Box",HARDWARE-Cully-39820
"Cully Conical Anchor, #12",Cully,39822J,Conical Anchor,#12,HARDWARE-Cully-39822J
"Cully Conical Anchor, #10 x 1 in, Hex Head, Box",Cully,39910,Conical Anchor,"#10 x 1 in, Hex Head, Box",HARDWARE-Cully-39910
"Cully Conical Anchor, #10 x 1 in, Hex Head, Jar",Cully,39911,Conical Anchor,"#10 x 1 in, Hex Head, Jar",HARDWARE-Cully-39911
"Cully Conical Anchor, #12",Cully,39912,Conical Anchor,#12,HARDWARE-Cully-39912
"Cully Winged Anchor, #8 EZ Ancor Sq/Phil Kit",Cully,39915,Winged Anchor,#8 EZ Ancor Sq/Phil Kit,HARDWARE-Cully-39915
"Cully Winged Anchor, #8",Cully,39915J,Winged Anchor,#8,HARDWARE-Cully-39915J
"Cully Winged Anchor, #8 EZ Ancor Phil/Slot Kit",Cully,39916,Winged Anchor,#8 EZ Ancor Phil/Slot Kit,HARDWARE-Cully-39916
"Cully Winged Anchor, #8 EZ Ancor Phil/Slot Jar",Cully,39916J,Winged Anchor,#8 EZ Ancor Phil/Slot Jar,HARDWARE-Cully-39916J
"Cully Winged Anchor, #8",Cully,39921J,Winged Anchor,#8,HARDWARE-Cully-39921J
"Cully Hex Nut, #8-32",Cully,40110J,Hex Nut,#8-32,HARDWARE-Cully-40110J
"Cully Hex Nut, #8 ",Cully,40110J,Hex Nut,#8 ,HARDWARE-Cully-40110J
"Cully Hex Nut, #10-32, Jar of 100",Cully,40120J,Hex Nut,"#10-32, Jar of 100",HARDWARE-Cully-40120J
"Cully Hex Nut, 1/4-20",Cully,40125J,Hex Nut,1/4/2020,HARDWARE-Cully-40125J
"Cully Hex Nut, 3/8-16",Cully,40135J,Hex Nut,3/8/2016,HARDWARE-Cully-40135J
"Cully Hex Nut, 1/2 in-13, Jar of 100",Cully,40140J,Hex Nut,"1/2 in-13, Jar of 100",HARDWARE-Cully-40140J
"Cully Flat Washer, #10",Cully,40315J,Flat Washer,#10,HARDWARE-Cully-40315J
"Cully Flat Washer, 1/4 in",Cully,40325J,Flat Washer,1/4 in,HARDWARE-Cully-40325J
"Cully Flat Washer, 1/4 in",Cully,40326SAEJ,Flat Washer,1/4 in,HARDWARE-Cully-40326SAEJ
"Cully Flat Washer, 5/16 in",Cully,40330J,Flat Washer,5/16 in,HARDWARE-Cully-40330J
"Cully Flat Washer, 3/8 in",Cully,40335J,Flat Washer,3/8 in,HARDWARE-Cully-40335J
"Cully Flat Washer, 3/8 in",Cully,40336J,Flat Washer,3/8 in,HARDWARE-Cully-40336J
"Cully Flat Washer, 3/8 in",Cully,40336SAEJ,Flat Washer,3/8 in,HARDWARE-Cully-40336SAEJ
"Cully Flat Washer, 3/16 in",Cully,40339SAEJ,Flat Washer,3/16 in,HARDWARE-Cully-40339SAEJ
"Cully Hex Nut, #20 - 1/4 in, Nylock",Cully,40425J,Hex Nut,"#20 - 1/4 in, Nylock",HARDWARE-Cully-40425J
"Cully Flange Nut, 1/4 in-20",Cully,40480J,Flange Nut,1/4 in-20,HARDWARE-Cully-40480J
"Cully Split Lock Washer, #10",Cully,40515J,Split Lock Washer,#10,HARDWARE-Cully-40515J
"Cully Split Lock Washer, 1/4 in",Cully,40525J,Split Lock Washer,1/4 in,HARDWARE-Cully-40525J
"Cully Split Lock Washer, 3/8 in",Cully,40535J,Split Lock Washer,3/8 in,HARDWARE-Cully-40535J
"Cully Fender Washer, 1/8 x 1 in",Cully,40705J,Fender Washer,1/8 x 1 in,HARDWARE-Cully-40705J
"Cully Fender Washer, 3/16 x 1 in",Cully,40709J,Fender Washer,3/16 x 1 in,HARDWARE-Cully-40709J
"Cully Fender Washer, 3/16 x 1-1/4 in",Cully,40715J,Fender Washer,3/16 x 1-1/4 in,HARDWARE-Cully-40715J
"Cully Fender Washer, 1/4 x 1 in",Cully,40720J,Fender Washer,1/4 x 1 in,HARDWARE-Cully-40720J
"Cully Fender Washer, 1/4 x 1-1/4 in",Cully,40724J,Fender Washer,1/4 x 1-1/4 in,HARDWARE-Cully-40724J
"Cully Fender Washer, 1/4 x 1-1/4 in",Cully,40725J,Fender Washer,1/4 x 1-1/4 in,HARDWARE-Cully-40725J
"Cully Fender Washer, 1/4 x 1-1/2 in",Cully,40730J,Fender Washer,1/4 x 1-1/2 in,HARDWARE-Cully-40730J
"Cully Fender Washer, 3/8 x 1 in",Cully,40741J,Fender Washer,3/8 x 1 in,HARDWARE-Cully-40741J
"Cully Fender Washer, 3/8 x 1-1/4 in",Cully,40743J,Fender Washer,3/8 x 1-1/4 in,HARDWARE-Cully-40743J
"Cully Fender Washer, 3/8 x 1-1/2 in",Cully,40745J,Fender Washer,3/8 x 1-1/2 in,HARDWARE-Cully-40745J
"Cully Fender Washer, 1/4 x 1-1/2 in",Cully,40930J,Fender Washer,1/4 x 1-1/2 in,HARDWARE-Cully-40930J
"Cully Machine Screw, #6-32 x 1 in",Cully,52016J,Machine Screw,#6-32 x 1 in,HARDWARE-Cully-52016J
"Cully Machine Screw, #6-32 x 1 in",Cully,52216J,Machine Screw,#6-32 x 1 in,HARDWARE-Cully-52216J
"Cully Machine Screw, 6-32 x 2 in",Cully,52232J,Machine Screw,6-32 x 2 in,HARDWARE-Cully-52232J
"Cully Machine Screw, #8-32x1/2-2 in",Cully,52408J,Machine Screw,#8-32x1/2-2 in,HARDWARE-Cully-52408J
"Cully Machine Screw, 8-32 x 3/4 in",Cully,52412J,Machine Screw,8-32 x 3/4 in,HARDWARE-Cully-52412J
"Cully Machine Screw, #8-32x1 in",Cully,52416J,Machine Screw,#8-32x1 in,HARDWARE-Cully-52416J
"Cully Machine Screw, #8-32 x 1-1/4 in",Cully,52420J,Machine Screw,#8-32 x 1-1/4 in,HARDWARE-Cully-52420J
"Cully Machine Screw, 10-32 x 1/2 in",Cully,52809J,Machine Screw,10-32 x 1/2 in,HARDWARE-Cully-52809J
"Cully Machine Screw, 10-32 x 3/4 in",Cully,52813J,Machine Screw,10-32 x 3/4 in,HARDWARE-Cully-52813J
"Cully Machine Screw, #10-32 x 1 in",Cully,52817J,Machine Screw,#10-32 x 1 in,HARDWARE-Cully-52817J
"Cully Machine Screw, 1/4-20x3/8 in",Cully,53006J,Machine Screw,1/4-20x3/8 in,HARDWARE-Cully-53006J
"Cully Machine Screw, 1/4-20 x 1/2 in",Cully,53008J,Machine Screw,1/4-20 x 1/2 in,HARDWARE-Cully-53008J
"Cully Machine Screw, 3/4 in",Cully,53012J,Machine Screw,3/4 in,HARDWARE-Cully-53012J
"Cully Machine Screw, 1/4-20 x 1 in",Cully,53016J,Machine Screw,1/4-20 x 1 in,HARDWARE-Cully-53016J
"Cully Machine Screw, 1/4-20 in x 1-1/4 in",Cully,53020J,Machine Screw,1/4-20 in x 1-1/4 in,HARDWARE-Cully-53020J
"Cully Machine Screw, 1/4-20x2 in",Cully,53032J,Machine Screw,1/4-20x2 in,HARDWARE-Cully-53032J
"Cully Hex Bolt, 1/4-20 x 1/2 in",Cully,55008J,Hex Bolt,1/4-20 x 1/2 in,HARDWARE-Cully-55008J
"Cully Hex Bolt, 1/4-20 x 1/2 in",Cully,55009J,Hex Bolt,1/4-20 x 1/2 in,HARDWARE-Cully-55009J
"Cully Hex Bolt, 1/4-20 x 3/4",Cully,55012J,Hex Bolt,1/4-20 x 3/4,HARDWARE-Cully-55012J
"Cully Hex Bolt, 1/4-20 x 3/4 in",Cully,55013J,Hex Bolt,1/4-20 x 3/4 in,HARDWARE-Cully-55013J
"Cully Hex Bolt, 1/4-20 x 1 in",Cully,55016J,Hex Bolt,1/4-20 x 1 in,HARDWARE-Cully-55016J
"Cully Hex Bolt, 1/4-20 x 1 in",Cully,55016J,Hex Bolt,1/4-20 x 1 in,HARDWARE-Cully-55016J
"Cully Hex Bolt, 1/4-20 x 1 in",Cully,55017J,Hex Bolt,1/4-20 x 1 in,HARDWARE-Cully-55017J
"Cully Hex Bolt, 1/4-20 x 1-1/4 in",Cully,55020J,Hex Bolt,1/4-20 x 1-1/4 in,HARDWARE-Cully-55020J
"Cully Hex Bolt, 1/4-20 x 1-1/2 in",Cully,55024J,Hex Bolt,1/4-20 x 1-1/2 in,HARDWARE-Cully-55024J
"Cully Hex Bolt, 1/4-20 x 1-1/2 in",Cully,55026J,Hex Bolt,1/4-20 x 1-1/2 in,HARDWARE-Cully-55026J
"Cully Hex Bolt, 1/4-20 x 2 in",Cully,55032J,Hex Bolt,1/4-20 x 2 in,HARDWARE-Cully-55032J
"Cully Hex Bolt, 3/8-16 x 3/4 in",Cully,55412J,Hex Bolt,3/8-16 x 3/4 in,HARDWARE-Cully-55412J
"Cully Hex Bolt, 3/8-16 x 1 in",Cully,55416J,Hex Bolt,3/8-16 x 1 in,HARDWARE-Cully-55416J
"Cully Hex Bolt, 3/8-16 x 1 in",Cully,55417J,Hex Bolt,3/8-16 x 1 in,HARDWARE-Cully-55417J
"Cully Hex Bolt, 3/8-16 x 1-1/4 in",Cully,55420J,Hex Bolt,3/8-16 x 1-1/4 in,HARDWARE-Cully-55420J
"Cully Hex Bolt, 1/2-13 x 1 in",Cully,55816J,Hex Bolt,1/2-13 x 1 in,HARDWARE-Cully-55816J
"Cully Lag Bolt, 1/4 x 1-1/4 in",Cully,57020J,Lag Bolt,1/4 x 1-1/4 in,HARDWARE-Cully-57020J
"Cully Lag Bolt, 1/4 x 1-1/2 in",Cully,57024J,Lag Bolt,1/4 x 1-1/2 in,HARDWARE-Cully-57024J
"Cully Lag Bolt, 1/4 x 2 in",Cully,57032,Lag Bolt,1/4 x 2 in,HARDWARE-Cully-57032
"Cully Lag Bolt, 1/4 x 2 in",Cully,57032J,Lag Bolt,1/4 x 2 in,HARDWARE-Cully-57032J
"Cully Lag Bolt, 1/4 x 2-1/2 in",Cully,57040J,Lag Bolt,1/4 x 2-1/2 in,HARDWARE-Cully-57040J
"Cully Lag Bolt, 1/4 x 3 in",Cully,57048J,Lag Bolt,1/4 x 3 in,HARDWARE-Cully-57048J
"Cully Lag Bolt, 5/16 x 2-1/2 in",Cully,57240J,Lag Bolt,5/16 x 2-1/2 in,HARDWARE-Cully-57240J
"Cully Lag Bolt, 5/16 x 3 in",Cully,57248J,Lag Bolt,5/16 x 3 in,HARDWARE-Cully-57248J
"Cully Lag Bolt, 5/16 x 4 in",Cully,57264J,Lag Bolt,5/16 x 4 in,HARDWARE-Cully-57264J
"Cully Lag Bolt, 3/8 x 2-1/2 in",Cully,57440J,Lag Bolt,3/8 x 2-1/2 in,HARDWARE-Cully-57440J
"Cully Lag Bolt, 3/8 x 3 in",Cully,57448J,Lag Bolt,3/8 x 3 in,HARDWARE-Cully-57448J
"Cully Lag Bolt, 1/2 x 3 in",Cully,57848J,Lag Bolt,1/2 x 3 in,HARDWARE-Cully-57848J
"Cully Toggle Bolt Anchor, 1/8 x 3 in",Cully,58149J,Toggle Bolt Anchor,1/8 x 3 in,HARDWARE-Cully-58149J
"Cully Toggle Bolt Anchor, 3/16 x 3 in",Cully,58348J,Toggle Bolt Anchor,3/16 x 3 in,HARDWARE-Cully-58348J
"Cully Toggle Bolt Anchor, 3/16 x 3 in",Cully,58349J,Toggle Bolt Anchor,3/16 x 3 in,HARDWARE-Cully-58349J
"Cully Toggle Bolt Anchor, 3/16 x 4 in",Cully,58365J,Toggle Bolt Anchor,3/16 x 4 in,HARDWARE-Cully-58365J
"Cully Toggle Bolt Anchor, 1/4 x 3 in",Cully,58548J,Toggle Bolt Anchor,1/4 x 3 in,HARDWARE-Cully-58548J
"Cully Toggle Bolt Anchor, 1/4 x 3 in",Cully,58549J,Toggle Bolt Anchor,1/4 x 3 in,HARDWARE-Cully-58549J
"Cully Toggle Bolt Anchor, 1/4 x 4 in",Cully,58565J,Toggle Bolt Anchor,1/4 x 4 in,HARDWARE-Cully-58565J
"Cully Toggle Bolt Anchor, 1/4 in-20",Cully,58816,Toggle Bolt Anchor,1/4 in-20,HARDWARE-Cully-58816
"Cully Nail Drive Anchor, #1 x 1/4 in",Cully,59016HSJ,Nail Drive Anchor,#1 x 1/4 in,HARDWARE-Cully-59016HSJ
"Cully Nail Drive Anchor, 1/4 x 1 in",Cully,59016J,Nail Drive Anchor,1/4 x 1 in,HARDWARE-Cully-59016J
"Cully Nail Drive Anchor, 1/4 x 1-1/4 in",Cully,59020HSJ,Nail Drive Anchor,1/4 x 1-1/4 in,HARDWARE-Cully-59020HSJ
"Cully Nail Drive Anchor, 1/4 x 1-1/2 in",Cully,59024J,Nail Drive Anchor,1/4 x 1-1/2 in,HARDWARE-Cully-59024J
"Cully Conical Anchor, #10-12",Cully,59412J,Conical Anchor,#10-12,HARDWARE-Cully-59412J
"Cully Conical Anchor, #14-16",Cully,59414J,Conical Anchor,#14-16,HARDWARE-Cully-59414J
"Cully Anchor Screw, 1-1/4 in",Cully,59504J,Anchor Screw,1-1/4 in,HARDWARE-Cully-59504J
"Cully Anchor Screw, 1-1/4 in",Cully,59506J,Anchor Screw,1-1/4 in,HARDWARE-Cully-59506J
"Cully Drywall Anchor, #8",Cully,59510J,Drywall Anchor,#8,HARDWARE-Cully-59510J
"Cully Concrete Screw, 3/16 x 1-1/4 in",Cully,60120J,Concrete Screw,3/16 x 1-1/4 in,HARDWARE-Cully-60120J
"Cully Concrete Screw, 3/16 x 1-1/4 in, Jar of 100",Cully,60120NDJ,Concrete Screw,"3/16 x 1-1/4 in, Jar of 100",HARDWARE-Cully-60120NDJ
"Cully Concrete Screw, 3/16 x 1-3/4 in",Cully,60128J,Concrete Screw,3/16 x 1-3/4 in,HARDWARE-Cully-60128J
"Cully Concrete Screw, 3/16 x 1-3/4 in, Jar of 100",Cully,60128NDJ,Concrete Screw,"3/16 x 1-3/4 in, Jar of 100",HARDWARE-Cully-60128NDJ
"Cully Concrete Screw, 1/4 x 1-1/4 in",Cully,60320J,Concrete Screw,1/4 x 1-1/4 in,HARDWARE-Cully-60320J
"Cully Concrete Screw, 1/4 x 1-1/4 in",Cully,60320NDJ,Concrete Screw,1/4 x 1-1/4 in,HARDWARE-Cully-60320NDJ
"Cully Concrete Screw, 1/4 x 1-3/4 in",Cully,60328J,Concrete Screw,1/4 x 1-3/4 in,HARDWARE-Cully-60328J
"Cully Concrete Screw, 1/4 x 1-3/4 in",Cully,60328NDJ,Concrete Screw,1/4 x 1-3/4 in,HARDWARE-Cully-60328NDJ
"Cully Concrete Screw, 1/4 x 2-1/4 in",Cully,60336J,Concrete Screw,1/4 x 2-1/4 in,HARDWARE-Cully-60336J
"Cully Concrete Screw, 1/4 x 2-1/4 in",Cully,60336NDJ,Concrete Screw,1/4 x 2-1/4 in,HARDWARE-Cully-60336NDJ
"Cully Concrete Screw, 1/4 x 2-3/4 in",Cully,60344J,Concrete Screw,1/4 x 2-3/4 in,HARDWARE-Cully-60344J
"Cully Concrete Screw, 1/4 x 2-3/4 in",Cully,60344NDJ,Concrete Screw,1/4 x 2-3/4 in,HARDWARE-Cully-60344NDJ
"Cully Concrete Screw, #3/16 in",Cully,62003,Concrete Screw,#3/16 in,HARDWARE-Cully-62003
"Cully Concrete Screw, 1/4 in",Cully,62006,Concrete Screw,1/4 in,HARDWARE-Cully-62006
"Cully Wedge Anchor, 5/8 x 8-1/2 in",Cully,62700,Wedge Anchor,5/8 x 8-1/2 in,HARDWARE-Cully-62700
"Cully Eye Bolt, 1/4 x 3 in",Cully,64148J,Eye Bolt,1/4 x 3 in,HARDWARE-Cully-64148J
"Cully Eye Bolt, 3/8 x 4 in",Cully,64364J,Eye Bolt,3/8 x 4 in,HARDWARE-Cully-64364J
"Cully Flat Washer, 1/4 in",Cully,70325J,Flat Washer,1/4 in,HARDWARE-Cully-70325J
"Cully Flat Washer, 3/8 in",Cully,70335J,Flat Washer,3/8 in,HARDWARE-Cully-70335J
"Cully Flat Washer, 1/2 in",Cully,70340J,Flat Washer,1/2 in,HARDWARE-Cully-70340J
"Cully Sheet Metal Screw, #8 x 1-1/2 in",Cully,76824J,Sheet Metal Screw,#8 x 1-1/2 in,HARDWARE-Cully-76824J
"Cully Sheet Metal Screw, #10 x 3/4 in",Cully,77012J,Sheet Metal Screw,#10 x 3/4 in,HARDWARE-Cully-77012J
"Cully Sheet Metal Screw, #10 x 1 in",Cully,77016J,Sheet Metal Screw,#10 x 1 in,HARDWARE-Cully-77016J
"Cully Sheet Metal Screw, #10 x 1-1/4 in",Cully,77020J,Sheet Metal Screw,#10 x 1-1/4 in,HARDWARE-Cully-77020J
"Cully Sheet Metal Screw, #10 x 1-1/2 in",Cully,77024J,Sheet Metal Screw,#10 x 1-1/2 in,HARDWARE-Cully-77024J
"Cully Sheet Metal Screw, #10 x 2 in",Cully,77032J,Sheet Metal Screw,#10 x 2 in,HARDWARE-Cully-77032J
"Cully Sheet Metal Screw, #10 x 2-1/2 in",Cully,77040J,Sheet Metal Screw,#10 x 2-1/2 in,HARDWARE-Cully-77040J
"Cully Sheet Metal Screw, #10 x 3 in",Cully,77048J,Sheet Metal Screw,#10 x 3 in,HARDWARE-Cully-77048J
"Cully Sheet Metal Screw, #12 x 3/4 in",Cully,77212J,Sheet Metal Screw,#12 x 3/4 in,HARDWARE-Cully-77212J
"Cully Sheet Metal Screw, 12 x 1 in",Cully,77216J,Sheet Metal Screw,12 x 1 in,HARDWARE-Cully-77216J
"Cully Sheet Metal Screw, #12 x 1-1/4 in",Cully,77220J,Sheet Metal Screw,#12 x 1-1/4 in,HARDWARE-Cully-77220J
"Cully Sheet Metal Screw, 12 x 1-1/2 in",Cully,77224J,Sheet Metal Screw,12 x 1-1/2 in,HARDWARE-Cully-77224J
"Cully Sheet Metal Screw, #12 x 2 in",Cully,77232J,Sheet Metal Screw,#12 x 2 in,HARDWARE-Cully-77232J
"Cully Sheet Metal Screw, #12 x 3 in",Cully,77248J,Sheet Metal Screw,#12 x 3 in,HARDWARE-Cully-77248J
"Cully Sheet Metal Screw, #14 x 2 in",Cully,77432J,Sheet Metal Screw,#14 x 2 in,HARDWARE-Cully-77432J
"Cully Self-Drilling Screw, 8-18 x 1/2 in",Cully,78808J,Self-Drilling Screw,8-18 x 1/2 in,HARDWARE-Cully-78808J
"Cully Self-Drilling Screw, 8-18 x 3/4 in",Cully,78812J,Self-Drilling Screw,8-18 x 3/4 in,HARDWARE-Cully-78812J
"Cully Self-Drilling Screw, 8-18 x 1 in",Cully,78816J,Self-Drilling Screw,8-18 x 1 in,HARDWARE-Cully-78816J
"Cully Self-Drilling Screw, #10-16 x 1/2 in",Cully,79008J,Self-Drilling Screw,#10-16 x 1/2 in,HARDWARE-Cully-79008J
"Cully Self-Drilling Screw, #10-16 x 3/4 in",Cully,79012J,Self-Drilling Screw,#10-16 x 3/4 in,HARDWARE-Cully-79012J
"Cully Self-Drilling Screw, 10-16 x 1 in",Cully,79016J,Self-Drilling Screw,10-16 x 1 in,HARDWARE-Cully-79016J
"Cully Self-Drilling Screw, 10-16 x 1-1/4",Cully,79020J,Self-Drilling Screw,10-16 x 1-1/4,HARDWARE-Cully-79020J
"Cully Self-Drilling Screw, #10 x 1-1/2 in",Cully,79024J,Self-Drilling Screw,#10 x 1-1/2 in,HARDWARE-Cully-79024J
"Cully Self-Drilling Screw, #10-16 x 2 in",Cully,79032J,Self-Drilling Screw,#10-16 x 2 in,HARDWARE-Cully-79032J
"Cully Self-Drilling Screw, #10-16 x 2 in",Cully,79032J,Self-Drilling Screw,#10-16 x 2 in,HARDWARE-Cully-79032J
"Cully Self-Drilling Screw, #10-16 x 3 in",Cully,79048J,Self-Drilling Screw,#10-16 x 3 in,HARDWARE-Cully-79048J
"Cully Self-Drilling Screw, #12-14 x 3/4 in",Cully,79212J,Self-Drilling Screw,#12-14 x 3/4 in,HARDWARE-Cully-79212J
"Cully Self-Drilling Screw, #12-14 x 1 in",Cully,79216J,Self-Drilling Screw,#12-14 x 1 in,HARDWARE-Cully-79216J
"Cully Self-Drilling Screw, #12-14 x 1-1/4 in",Cully,79220J,Self-Drilling Screw,#12-14 x 1-1/4 in,HARDWARE-Cully-79220J
"Cully Self-Drilling Screw, #12-24 x 1-1/4 in",Cully,79221J,Self-Drilling Screw,#12-24 x 1-1/4 in,HARDWARE-Cully-79221J
"Cully Self-Drilling Screw, #12-14 x 1-1/2 in",Cully,79224J,Self-Drilling Screw,#12-14 x 1-1/2 in,HARDWARE-Cully-79224J
"Cully Self-Drilling Screw, #12-14 x 2 in",Cully,79232J,Self-Drilling Screw,#12-14 x 2 in,HARDWARE-Cully-79232J
"Cully Self-Drilling Screw, 12-14 x 2-1/2 in",Cully,79240J,Self-Drilling Screw,12-14 x 2-1/2 in,HARDWARE-Cully-79240J
"Cully Self-Drilling Screw, #12x3 in",Cully,79248J,Self-Drilling Screw,#12x3 in,HARDWARE-Cully-79248J
"Cully Self-Drilling Screw, 12-14 x 2 in",Cully,79262J,Self-Drilling Screw,12-14 x 2 in,HARDWARE-Cully-79262J
"Cully Self-Drilling Screw, 1/4-14 x 1 in",Cully,79416J,Self-Drilling Screw,1/4-14 x 1 in,HARDWARE-Cully-79416J
"Cully Self-Drilling Screw, 1/4-14 x 1-1/2 in",Cully,79424J,Self-Drilling Screw,1/4-14 x 1-1/2 in,HARDWARE-Cully-79424J
"Cully Self-Drilling Screw, 1/4-12 x 2 in",Cully,79432J,Self-Drilling Screw,1/4-12 x 2 in,HARDWARE-Cully-79432J
"Cully Self Drilling Screw, 1/4-14 x 2-1/2 in",Cully,79440,Self Drilling Screw,1/4-14 x 2-1/2 in,HARDWARE-Cully-79440
"Cully Self-Drilling Screw, #14x3 in",Cully,79448,Self-Drilling Screw,#14x3 in,HARDWARE-Cully-79448
"Cully Drywall Screw, #6 x 1 in",Cully,79616J,Drywall Screw,#6 x 1 in,HARDWARE-Cully-79616J
"Cully Drywall Screw, 6 x 1 in",Cully,79617J,Drywall Screw,6 x 1 in,HARDWARE-Cully-79617J
"Cully Drywall Screw, 6 x 1-1/4 in",Cully,79622J,Drywall Screw,6 x 1-1/4 in,HARDWARE-Cully-79622J
"Cully Drywall Screw, #6 x 1-1/4 in",Cully,79624J,Drywall Screw,#6 x 1-1/4 in,HARDWARE-Cully-79624J
"Cully Drywall Screw, #6 x 1-1/4 in",Cully,79625J,Drywall Screw,#6 x 1-1/4 in,HARDWARE-Cully-79625J
"Cully Drywall Screw, #6 x 1-5/8 in",Cully,79626J,Drywall Screw,#6 x 1-5/8 in,HARDWARE-Cully-79626J
"Cully Drywall Screw, 6 x 1-5/8 in",Cully,79628J,Drywall Screw,6 x 1-5/8 in,HARDWARE-Cully-79628J
"Cully Drywall Screw, #6 x 1-5/8 in",Cully,79629J,Drywall Screw,#6 x 1-5/8 in,HARDWARE-Cully-79629J
"Cully Drywall Screw, #6 x 2 in",Cully,79632J,Drywall Screw,#6 x 2 in,HARDWARE-Cully-79632J
"Cully Drywall Screw, #6 x 2 in",Cully,79634J,Drywall Screw,#6 x 2 in,HARDWARE-Cully-79634J
"Cully Drywall Screw, 6 in",Cully,796356,Drywall Screw,6 in,HARDWARE-Cully-796356
"Cully Drywall Screw, #8 x 3 in",Cully,79848J,Drywall Screw,#8 x 3 in,HARDWARE-Cully-79848J
"Cully Self-Drilling Screw, #8-18 x 1 in",Cully,82816J,Self-Drilling Screw,#8-18 x 1 in,HARDWARE-Cully-82816J
"Cully Self-Drilling Screw, #10-16 x 3/4 in",Cully,83012J,Self-Drilling Screw,#10-16 x 3/4 in,HARDWARE-Cully-83012J
"Cully Self-Drilling Screw, #10-16 x 1 in",Cully,83016J,Self-Drilling Screw,#10-16 x 1 in,HARDWARE-Cully-83016J
"Cully Self-Drilling Screw, #10-16 x 1 in",Cully,83016J,Self-Drilling Screw,#10-16 x 1 in,HARDWARE-Cully-83016J
"Cully Nail Plate, 1-1/2 x 3 in",Cully,90100,Nail Plate,1-1/2 x 3 in,HARDWARE-Cully-90100
"Dewalt Toggle Bolt, 1/4 x 4 in",Dewalt,04241-PWR,Toggle Bolt,1/4 x 4 in,HARDWARE-Dewalt-04241-PWR
"Dewalt Wedge Anchor, 1/4 x 2-1/4 in",Dewalt,05175S-PWR,Wedge Anchor,1/4 x 2-1/4 in,HARDWARE-Dewalt-05175S-PWR
"Dewalt Wedge Anchor, 1/2 x 4-1/2 in",Dewalt,7423SD1-PWR,Wedge Anchor,1/2 x 4-1/2 in,HARDWARE-Dewalt-7423SD1-PWR
"Dewalt Anchor Kit, #10 to #12 x #10 x 1",Dewalt,8936-PWR,Anchor Kit,#10 to #12 x #10 x 1,HARDWARE-Dewalt-8936-PWR
"Dewalt Concrete Screw, 3/16 x 3-1/4 in",Dewalt,DFM12708,Concrete Screw,3/16 x 3-1/4 in,HARDWARE-Dewalt-DFM12708
"Dewalt Anchor Screw, 1/4 x 1-1/4 in",Dewalt,DFM12720,Anchor Screw,1/4 x 1-1/4 in,HARDWARE-Dewalt-DFM12720
"Dewalt Sheet Metal Screw, 1/4 x 1-3/4 in",Dewalt,DFM12722,Sheet Metal Screw,1/4 x 1-3/4 in,HARDWARE-Dewalt-DFM12722
"Dewalt Anchor Kit, 1/4 x 2-1/4",Dewalt,DFM12724,Anchor Kit,1/4 x 2-1/4,HARDWARE-Dewalt-DFM12724
"Dewalt Concrete Screw, 1/4 x 2-3/4 in",Dewalt,DFM12726,Concrete Screw,1/4 x 2-3/4 in,HARDWARE-Dewalt-DFM12726
"Dewalt Concrete Screw, 1/4 x 3-1/4 in",Dewalt,DFM12728,Concrete Screw,1/4 x 3-1/4 in,HARDWARE-Dewalt-DFM12728
"Dewalt Concrete Screw, 3/16 x 2-1/4 in",Dewalt,DFM12744,Concrete Screw,3/16 x 2-1/4 in,HARDWARE-Dewalt-DFM12744
"Dewalt Staple, 1 in",Dewalt,DRS18100,Staple,1 in,HARDWARE-Dewalt-DRS18100
"Dorman Hex Nut, 1.25 x 13 mm",Dorman,799-025,Hex Nut,1.25 x 13 mm,HARDWARE-Dorman-799-025
"Duncan Lag Bolt, 5/16 x 3-1/2 in",Duncan,LAGSS516312,Lag Bolt,5/16 x 3-1/2 in,HARDWARE-Duncan-LAGSS516312
"Eaton Square Washer, 3/8 in",Eaton,B201DZN,Square Washer,3/8 in,HARDWARE-Eaton-B201DZN
"Eaton Square Washer, 3/8 in",Eaton,B201ZN,Square Washer,3/8 in,HARDWARE-Eaton-B201ZN
"Eaton Square Washer, 1/2 in",Eaton,B202ZN,Square Washer,1/2 in,HARDWARE-Eaton-B202ZN
"Eaton Spring Nut, 3/8 in",Eaton,N224ZN,Spring Nut,3/8 in,HARDWARE-Eaton-N224ZN
"Eaton Spring Nut, 1/2 in-13",Eaton,N225ZN,Spring Nut,1/2 in-13,HARDWARE-Eaton-N225ZN
"Eaton Spring Nut, 3/8 in",Eaton,N228WOZN,Spring Nut,3/8 in,HARDWARE-Eaton-N228WOZN
"Eaton Spring Nut, 3/8 in",Eaton,N228ZN,Spring Nut,3/8 in,HARDWARE-Eaton-N228ZN
"Eaton Twirl Nut, 1/4 in-20",Eaton,TN224ZN,Twirl Nut,1/4 in-20,HARDWARE-Eaton-TN224ZN
"Eaton Twirl Nut, 3/8 in-16",Eaton,TN228ZN,Twirl Nut,3/8 in-16,HARDWARE-Eaton-TN228ZN
"EcoFasten Deck Screw, #15 x 2 in",EcoFasten,3016010,Deck Screw,#15 x 2 in,HARDWARE-EcoFasten-3016010
"Edwards & West Fender Washer, 1/4 x 1-1/4 in",Edwards & West,25R125WFE2Z,Fender Washer,1/4 x 1-1/4 in,HARDWARE-Edwards-&-West-25R125WFE2Z
"Everbilt Continuous Hinge, 1-1/2 x 30 in",Everbilt,241415,Continuous Hinge,1-1/2 x 30 in,HARDWARE-Everbilt-241415
"Fastenal Hex Socket Head Screw, #14 x 1-1/2 in",Fastenal,1131987,Hex Socket Head Screw,#14 x 1-1/2 in,HARDWARE-Fastenal-1131987
"Fastenal Fender Washer, 3/8 in",Fastenal,1133008,Fender Washer,3/8 in,HARDWARE-Fastenal-1133008
"Fastenal Bonded Sealing Washer, #12",Fastenal,1133154,Bonded Sealing Washer,#12,HARDWARE-Fastenal-1133154
"Fastenal Bonded Sealing Washer, 3/8 in",Fastenal,1133157,Bonded Sealing Washer,3/8 in,HARDWARE-Fastenal-1133157
"Fastenal Self-Drilling Screw, #8-18 x 3/4 in",Fastenal,11123220,Self-Drilling Screw,#8-18 x 3/4 in,HARDWARE-Fastenal-11123220
"Fastenal Roofing Screw, #15 x 3 in",Fastenal,99299458,Roofing Screw,#15 x 3 in,HARDWARE-Fastenal-99299458
"Fastenal Self-Drilling Screw, 1/4-20 x 1-1/2 in",Fastenal,0120603,Self-Drilling Screw,1/4-20 x 1-1/2 in,HARDWARE-Fastenal-0120603
"Fastenal Self-Drilling Screw, #8-18 x 1/2 in",Fastenal,0142268,Self-Drilling Screw,#8-18 x 1/2 in,HARDWARE-Fastenal-0142268
"Fastenal Bonded Sealing Washer, 3/8 in",Fastenal,1133167,Bonded Sealing Washer,3/8 in,HARDWARE-Fastenal-1133167
"Fastenal Structural Screw, 1/4 x 3 in",Fastenal,11574217,Structural Screw,1/4 x 3 in,HARDWARE-Fastenal-11574217
"Fastenal Self Drilling Screw, #12-14 x 2-1/2",Fastenal,11629665,Self Drilling Screw,#12-14 x 2-1/2,HARDWARE-Fastenal-11629665
"Fastenal Lag Bolt, 5/16 in",Fastenal,74516,Lag Bolt,5/16 in,HARDWARE-Fastenal-74516
"Fastening Specialists Bonded Sealing Washer, #12 x 9/16 in",Fastening Specialists,00163,Bonded Sealing Washer,#12 x 9/16 in,HARDWARE-Fastening-Specialists-00163
"Fastening Specialists Anchor Kit, #8",Fastening Specialists,42903,Anchor Kit,#8,HARDWARE-Fastening-Specialists-42903
"Fastening Specialists Sheet Metal Screw, 1-1/2 in",Fastening Specialists,80745,Sheet Metal Screw,1-1/2 in,HARDWARE-Fastening-Specialists-80745
"Fastening Specialists Sheet Metal Screw, 12 x 2 in",Fastening Specialists,80758,Sheet Metal Screw,12 x 2 in,HARDWARE-Fastening-Specialists-80758
"Fastening Specialists Self-Drilling Screw, #8 x 3/4 in",Fastening Specialists,80862,Self-Drilling Screw,#8 x 3/4 in,HARDWARE-Fastening-Specialists-80862
"Fastening Specialists Self-Drilling Screw, #10 x 3/4 in",Fastening Specialists,80872,Self-Drilling Screw,#10 x 3/4 in,HARDWARE-Fastening-Specialists-80872
"Fastening Specialists Self-Drilling Screw, #10 x 1 in",Fastening Specialists,80873,Self-Drilling Screw,#10 x 1 in,HARDWARE-Fastening-Specialists-80873
"Fastening Specialists Self-Drilling Screw, #10 x 1-1/2 in",Fastening Specialists,80875,Self-Drilling Screw,#10 x 1-1/2 in,HARDWARE-Fastening-Specialists-80875
"Fastening Specialists Self-Drilling Screw, #12 x 3/4 in",Fastening Specialists,80880,Self-Drilling Screw,#12 x 3/4 in,HARDWARE-Fastening-Specialists-80880
"Fastening Specialists Self-Drilling Screw, #12 x 1 in",Fastening Specialists,80881,Self-Drilling Screw,#12 x 1 in,HARDWARE-Fastening-Specialists-80881
"Fastening Specialists Self-Drilling Screw, #12 x 1-1/2 in",Fastening Specialists,80883,Self-Drilling Screw,#12 x 1-1/2 in,HARDWARE-Fastening-Specialists-80883
"Fastening Specialists Self-Drilling Screw, #12 x 2 in",Fastening Specialists,80885,Self-Drilling Screw,#12 x 2 in,HARDWARE-Fastening-Specialists-80885
"Fastening Specialists Self-Drilling Screw, #8 x 1/2 in",Fastening Specialists,80910,Self-Drilling Screw,#8 x 1/2 in,HARDWARE-Fastening-Specialists-80910
"Fastening Specialists Self-Drilling Screw, #10 x 1 in",Fastening Specialists,80923,Self-Drilling Screw,#10 x 1 in,HARDWARE-Fastening-Specialists-80923
"Fastening Specialists Self-Drilling Screw, #8 x 1-1/4 in",Fastening Specialists,80944,Self-Drilling Screw,#8 x 1-1/4 in,HARDWARE-Fastening-Specialists-80944
"Fastening Specialists Pipe Plug, 1/4 x 1 in",Fastening Specialists,81131,Pipe Plug,1/4 x 1 in,HARDWARE-Fastening-Specialists-81131
"Fastening Specialists Pipe Plug, 1/4 x 1-1/4 in",Fastening Specialists,81132,Pipe Plug,1/4 x 1-1/4 in,HARDWARE-Fastening-Specialists-81132
"Fastening Specialists Concrete Screw, 1/4 x 1-1/4 in",Fastening Specialists,81268,Concrete Screw,1/4 x 1-1/4 in,HARDWARE-Fastening-Specialists-81268
"Fastening Specialists Concrete Screw, 1/4 x 2-1/4 in",Fastening Specialists,81270,Concrete Screw,1/4 x 2-1/4 in,HARDWARE-Fastening-Specialists-81270
"Fastening Specialists Concrete Screw, 1/4 x 2-3/4 in",Fastening Specialists,81271,Concrete Screw,1/4 x 2-3/4 in,HARDWARE-Fastening-Specialists-81271
"Gardner Bender Cable Tie, 11 in",Gardner Bender,46310UVBM,Cable Tie,11 in,HARDWARE-Gardner-Bender-46310UVBM
"Gardner Bender Staple, 13/16 in",Gardner Bender,GSE-310,Staple,13/16 in,HARDWARE-Gardner-Bender-GSE-310
"Gardner Bender Staple, 1-5/8 in",Gardner Bender,GSE-710,Staple,1-5/8 in,HARDWARE-Gardner-Bender-GSE-710
"Gardner Bender Staple, 3/8 in ",Gardner Bender,MPS-2100,Staple,3/8 in ,HARDWARE-Gardner-Bender-MPS-2100
"Gardner Bender Staple, 1/2 in, Box of 100",Gardner Bender,MS-150,Staple,"1/2 in, Box of 100",HARDWARE-Gardner-Bender-MS-150
"Gardner Bender Staple, 9/16 in",Gardner Bender,MS-450J,Staple,9/16 in,HARDWARE-Gardner-Bender-MS-450J
"Gardner Bender Staple, 1/2 in",Gardner Bender,MS-500BX,Staple,1/2 in,HARDWARE-Gardner-Bender-MS-500BX
"Gardner Bender Staple, 1/2 in",Gardner Bender,MS-500J,Staple,1/2 in,HARDWARE-Gardner-Bender-MS-500J
"Gardner Bender Staple, 1/2 in, Box of 500",Gardner Bender,MS-550,Staple,"1/2 in, Box of 500",HARDWARE-Gardner-Bender-MS-550
"Gardner Bender Staple, 1-1/4 x 9/16 in",Gardner Bender,MS-575,Staple,1-1/4 x 9/16 in,HARDWARE-Gardner-Bender-MS-575
"Gardner Bender Staple, 1-1/4 x 9/16 in",Gardner Bender,MS-975B,Staple,1-1/4 x 9/16 in,HARDWARE-Gardner-Bender-MS-975B
"Gardner Bender Staple, 1/2 in",Gardner Bender,MSI-150,Staple,1/2 in,HARDWARE-Gardner-Bender-MSI-150
"Gardner Bender Staple, 1/2 in",Gardner Bender,MSI-200JT,Staple,1/2 in,HARDWARE-Gardner-Bender-MSI-200JT
"Gardner Bender Staple, 13/16 in",Gardner Bender,MSI5310,Staple,13/16 in,HARDWARE-Gardner-Bender-MSI5310
"Gardner Bender Staple, 1/2 in",Gardner Bender,MSI-550,Staple,1/2 in,HARDWARE-Gardner-Bender-MSI-550
"Gardner Bender Staple, 3/4 in",Gardner Bender,PS-175J,Staple,3/4 in,HARDWARE-Gardner-Bender-PS-175J
"Gardner Bender Staple, 1/2 in",Gardner Bender,PS-250N,Staple,1/2 in,HARDWARE-Gardner-Bender-PS-250N
"Gardner Bender Staple, 1/2 in",Gardner Bender,PS-550,Staple,1/2 in,HARDWARE-Gardner-Bender-PS-550
"Gardner Bender Staple, 3/4 in",Gardner Bender,PS-575,Staple,3/4 in,HARDWARE-Gardner-Bender-PS-575
"Gardner Bender Staple, 1/4 in, Pack of 25",Gardner Bender,PSR-25,Staple,"1/4 in, Pack of 25",HARDWARE-Gardner-Bender-PSR-25
"Garvin Washer, 1-1/2 in",Garvin,12WFS,Washer,1-1/2 in,HARDWARE-Garvin-12WFS
"Garvin Nail Plate, 1-1/2 x 6 in",Garvin,SP-6,Nail Plate,1-1/2 x 6 in,HARDWARE-Garvin-SP-6
Generic Cable Tie,Generic,CABLE TIE,Cable Tie,,HARDWARE-Generic-CABLE-TIE
Generic Anchor Kit,Generic,ANCHOR KIT,Anchor Kit,,HARDWARE-Generic-ANCHOR-KIT
Generic Staple,Generic,STAPLE,Staple,,HARDWARE-Generic-STAPLE
Generic Plastic Staple,Generic,PLASTIC STAPLE,Plastic Staple,,HARDWARE-Generic-PLASTIC-STAPLE
Generic Nail Plate,Generic,NAIL PLATE,Nail Plate,,HARDWARE-Generic-NAIL-PLATE
Generic Pitch Pan,Generic,PITCH PAN,Pitch Pan,,HARDWARE-Generic-PITCH-PAN
Generic Lag Bolt,Generic,LAG BOLT,Lag Bolt,,HARDWARE-Generic-LAG-BOLT
Generic Self-Drilling Screw,Generic,SELF-DRILLING SCREW,Self-Drilling Screw,,HARDWARE-Generic-SELF-DRILLING-SCREW
Generic Structural Screw,Generic,STRUCTURAL SCREW,Structural Screw,,HARDWARE-Generic-STRUCTURAL-SCREW
Generic Machine Screw,Generic,MACHINE SCREW,Machine Screw,,HARDWARE-Generic-MACHINE-SCREW
Generic Winged Anchor,Generic,WINGED ANCHOR,Winged Anchor,,HARDWARE-Generic-WINGED-ANCHOR
Generic Conical Anchor,Generic,CONICAL ANCHOR,Conical Anchor,,HARDWARE-Generic-CONICAL-ANCHOR
Generic Concrete Screw,Generic,CONCRETE SCREW,Concrete Screw,,HARDWARE-Generic-CONCRETE-SCREW
Generic Sheet Metal Screw,Generic,SHEET METAL SCREW,Sheet Metal Screw,,HARDWARE-Generic-SHEET-METAL-SCREW
Generic Deck Screw,Generic,DECK SCREW,Deck Screw,,HARDWARE-Generic-DECK-SCREW
Generic Washer Set,Generic,WASHER SET,Washer Set,,HARDWARE-Generic-WASHER-SET
Generic Hex Nut,Generic,HEX NUT,Hex Nut,,HARDWARE-Generic-HEX-NUT
Generic Flat Washer,Generic,FLAT WASHER,Flat Washer,,HARDWARE-Generic-FLAT-WASHER
Generic Flange Nut,Generic,FLANGE NUT,Flange Nut,,HARDWARE-Generic-FLANGE-NUT
Generic Split Lock Washer,Generic,SPLIT LOCK WASHER,Split Lock Washer,,HARDWARE-Generic-SPLIT-LOCK-WASHER
Generic Fender Washer,Generic,FENDER WASHER,Fender Washer,,HARDWARE-Generic-FENDER-WASHER
Generic Hex Bolt,Generic,HEX BOLT,Hex Bolt,,HARDWARE-Generic-HEX-BOLT
Generic Toggle Bolt Anchor,Generic,TOGGLE BOLT ANCHOR,Toggle Bolt Anchor,,HARDWARE-Generic-TOGGLE-BOLT-ANCHOR
Generic Nail Drive Anchor,Generic,NAIL DRIVE ANCHOR,Nail Drive Anchor,,HARDWARE-Generic-NAIL-DRIVE-ANCHOR
Generic Anchor Screw,Generic,ANCHOR SCREW,Anchor Screw,,HARDWARE-Generic-ANCHOR-SCREW
Generic Drywall Anchor,Generic,DRYWALL ANCHOR,Drywall Anchor,,HARDWARE-Generic-DRYWALL-ANCHOR
Generic Wedge Anchor,Generic,WEDGE ANCHOR,Wedge Anchor,,HARDWARE-Generic-WEDGE-ANCHOR
Generic Eye Bolt,Generic,EYE BOLT,Eye Bolt,,HARDWARE-Generic-EYE-BOLT
Generic Self Drilling Screw,Generic,SELF DRILLING SCREW,Self Drilling Screw,,HARDWARE-Generic-SELF-DRILLING-SCREW
Generic Drywall Screw,Generic,DRYWALL SCREW,Drywall Screw,,HARDWARE-Generic-DRYWALL-SCREW
Generic Toggle Bolt,Generic,TOGGLE BOLT,Toggle Bolt,,HARDWARE-Generic-TOGGLE-BOLT
Generic Square Washer,Generic,SQUARE WASHER,Square Washer,,HARDWARE-Generic-SQUARE-WASHER
Generic Spring Nut,Generic,SPRING NUT,Spring Nut,,HARDWARE-Generic-SPRING-NUT
Generic Twirl Nut,Generic,TWIRL NUT,Twirl Nut,,HARDWARE-Generic-TWIRL-NUT
Generic Continuous Hinge,Generic,CONTINUOUS HINGE,Continuous Hinge,,HARDWARE-Generic-CONTINUOUS-HINGE
Generic Hex Socket Head Screw,Generic,HEX SOCKET HEAD SCREW,Hex Socket Head Screw,,HARDWARE-Generic-HEX-SOCKET-HEAD-SCREW
Generic Bonded Sealing Washer,Generic,BONDED SEALING WASHER,Bonded Sealing Washer,,HARDWARE-Generic-BONDED-SEALING-WASHER
Generic Roofing Screw,Generic,ROOFING SCREW,Roofing Screw,,HARDWARE-Generic-ROOFING-SCREW
Generic Pipe Plug,Generic,PIPE PLUG,Pipe Plug,,HARDWARE-Generic-PIPE-PLUG
Generic Washer,Generic,WASHER,Washer,,HARDWARE-Generic-WASHER
Generic Cable Tie Mount,Generic,CABLE TIE MOUNT,Cable Tie Mount,,HARDWARE-Generic-CABLE-TIE-MOUNT
Generic Anchor,Generic,ANCHOR,Anchor,,HARDWARE-Generic-ANCHOR
Generic Web Straps,Generic,WEB STRAPS,Web Straps,,HARDWARE-Generic-WEB-STRAPS
Generic Steel Tie Wire,Generic,STEEL TIE WIRE,Steel Tie Wire,,HARDWARE-Generic-STEEL-TIE-WIRE
Generic Racking Screw,Generic,RACKING SCREW,Racking Screw,,HARDWARE-Generic-RACKING-SCREW
Generic U-Bolt,Generic,U-BOLT,U-Bolt,,HARDWARE-Generic-U-BOLT
Generic Framing Angle,Generic,FRAMING ANGLE,Framing Angle,,HARDWARE-Generic-FRAMING-ANGLE
Generic Roof Insulation Screw,Generic,ROOF INSULATION SCREW,Roof Insulation Screw,,HARDWARE-Generic-ROOF-INSULATION-SCREW
Generic Channel Nut,Generic,CHANNEL NUT,Channel Nut,,HARDWARE-Generic-CHANNEL-NUT
"Grip-Rite Structural Screw, #9 x 2-1/2 in",Grip-Rite,212GCS1,Structural Screw,#9 x 2-1/2 in,HARDWARE-Grip-Rite-212GCS1
"GRK Fasteners Structural Screw, 5/16 x 5-1/8 in",GRK Fasteners,RSS516518HP,Structural Screw,5/16 x 5-1/8 in,HARDWARE-GRK-Fasteners-RSS516518HP
"Handy Straps Staple, 1/2 in",Handy Straps,RA-1588,Staple,1/2 in,HARDWARE-Handy-Straps-RA-1588
"Harger Flat Washer, 3/8 in",Harger,W6R-50,Flat Washer,3/8 in,HARDWARE-Harger-W6R-50
"Hellermann Cable Tie, 15 in",Hellermann,T50L0C2,Cable Tie,15 in,HARDWARE-Hellermann-T50L0C2
"Hellermann Tyton Cable Tie, 8 in",Hellermann Tyton,111-01742,Cable Tie,8 in,HARDWARE-Hellermann-Tyton-111-01742
"Hellermann Tyton Cable Tie, 15 in",Hellermann Tyton,111-02054,Cable Tie,15 in,HARDWARE-Hellermann-Tyton-111-02054
"Hellermann Tyton Cable Tie, 8 in",Hellermann Tyton,156-02231,Cable Tie,8 in,HARDWARE-Hellermann-Tyton-156-02231
"Hellermann Tyton Cable Tie, 50 lb",Hellermann Tyton,MB4A10C2,Cable Tie,50 lb,HARDWARE-Hellermann-Tyton-MB4A10C2
"Hellermann Tyton Cable Tie, 14.2 in",Hellermann Tyton,MBT14SS,Cable Tie,14.2 in,HARDWARE-Hellermann-Tyton-MBT14SS
"Hellermann Tyton Cable Tie, 21 in, 175 lb",Hellermann Tyton,T150M0UVX2,Cable Tie,"21 in, 175 lb",HARDWARE-Hellermann-Tyton-T150M0UVX2
"Hellermann Tyton Cable Tie, 50 lb",Hellermann Tyton,T18L9C2,Cable Tie,50 lb,HARDWARE-Hellermann-Tyton-T18L9C2
"Hellermann Tyton Cable Tie, 4 in, 18 lb",Hellermann Tyton,T18R9C2,Cable Tie,"4 in, 18 lb",HARDWARE-Hellermann-Tyton-T18R9C2
"Hellermann Tyton Cable Tie, 8.27 in",Hellermann Tyton,T40R0C2,Cable Tie,8.27 in,HARDWARE-Hellermann-Tyton-T40R0C2
"Hellermann Tyton Cable Tie, 12 in",Hellermann Tyton,T50I0C2,Cable Tie,12 in,HARDWARE-Hellermann-Tyton-T50I0C2
"Hellermann Tyton Cable Tie, 12 in",Hellermann Tyton,T50I0UVC2,Cable Tie,12 in,HARDWARE-Hellermann-Tyton-T50I0UVC2
"Hellermann Tyton Cable Tie, 12 in",Hellermann Tyton,T50I0UVM4,Cable Tie,12 in,HARDWARE-Hellermann-Tyton-T50I0UVM4
"Hellermann Tyton Cable Tie, 12 in",Hellermann Tyton,T50I9C2,Cable Tie,12 in,HARDWARE-Hellermann-Tyton-T50I9C2
"Hellermann Tyton Cable Tie, 15.4 in",Hellermann Tyton,T50L0UVC2,Cable Tie,15.4 in,HARDWARE-Hellermann-Tyton-T50L0UVC2
"Hellermann Tyton Cable Tie, 8.5 in",Hellermann Tyton,T50MR0C2,Cable Tie,8.5 in,HARDWARE-Hellermann-Tyton-T50MR0C2
"Hellermann Tyton Cable Tie, 8-1/2 in",Hellermann Tyton,T50MR9C2,Cable Tie,8-1/2 in,HARDWARE-Hellermann-Tyton-T50MR9C2
"Hellermann Tyton Cable Tie, 50 lb",Hellermann Tyton,T50R0C2,Cable Tie,50 lb,HARDWARE-Hellermann-Tyton-T50R0C2
"Hellermann Tyton Cable Tie, 8 in ",Hellermann Tyton,T50R0M4,Cable Tie,8 in ,HARDWARE-Hellermann-Tyton-T50R0M4
"Hellermann Tyton Cable Tie, 8 in, 50 lb",Hellermann Tyton,T50R0UVC2,Cable Tie,"8 in, 50 lb",HARDWARE-Hellermann-Tyton-T50R0UVC2
"Hellermann Tyton Cable Tie, 12 in",Hellermann Tyton,T50R0UVM4,Cable Tie,12 in,HARDWARE-Hellermann-Tyton-T50R0UVM4
"Hellermann Tyton Cable Tie, 8 in",Hellermann Tyton,T50R2C2,Cable Tie,8 in,HARDWARE-Hellermann-Tyton-T50R2C2
"Hellermann Tyton Cable Tie, 50 lb",Hellermann Tyton,T50R9C2,Cable Tie,50 lb,HARDWARE-Hellermann-Tyton-T50R9C2
"Heyco Cable Tie, 3.23 in, 50 lb",Heyco,13151B-P,Cable Tie,"3.23 in, 50 lb",HARDWARE-Heyco-13151B-P
"Heyco Cable Tie, 8 in",Heyco,15203,Cable Tie,8 in,HARDWARE-Heyco-15203
"Heyco Cable Tie, 16 in",Heyco,NTSS-0400-46A,Cable Tie,16 in,HARDWARE-Heyco-NTSS-0400-46A
"Hilti Wedge Anchor, 1/2 x 3-3/4 in",Hilti,2210254,Wedge Anchor,1/2 x 3-3/4 in,HARDWARE-Hilti-2210254
"Ideal Industries Cable Tie, 50 lb",Ideal Industries,B-11-50-0-C,Cable Tie,50 lb,HARDWARE-Ideal-Industries-B-11-50-0-C
"Ideal Industries Cable Tie, 8 in",Ideal Industries,B-8-50-0-C,Cable Tie,8 in,HARDWARE-Ideal-Industries-B-8-50-0-C
"Ideal Industries Plastic Staple, 2 SER",Ideal Industries,BSER2-25,Plastic Staple,2 SER,HARDWARE-Ideal-Industries-BSER2-25
"Ideal Industries Plastic Staple, 4/0 SER, Pack of 5",Ideal Industries,BSER4/0-5,Plastic Staple,"4/0 SER, Pack of 5",HARDWARE-Ideal-Industries-BSER4/0-5
"Ideal Industries Plastic Staple, 4/0 SER",Ideal Industries,BSER4-0-5,Plastic Staple,4/0 SER,HARDWARE-Ideal-Industries-BSER4-0-5
"Ideal Industries Cable Tie Mount, 1 in",Ideal Industries,IT1000MP-C,Cable Tie Mount,1 in,HARDWARE-Ideal-Industries-IT1000MP-C
"Ideal Industries Cable Tie, 18 lb",Ideal Industries,IT1M-C,Cable Tie,18 lb,HARDWARE-Ideal-Industries-IT1M-C
"Ideal Industries Cable Tie, 18 lb",Ideal Industries,IT1M-C0,Cable Tie,18 lb,HARDWARE-Ideal-Industries-IT1M-C0
"Ideal Industries Cable Tie, 50 lb",Ideal Industries,IT2S-C,Cable Tie,50 lb,HARDWARE-Ideal-Industries-IT2S-C
"Ideal Industries Cable Tie, 50 lb",Ideal Industries,IT2S-C0,Cable Tie,50 lb,HARDWARE-Ideal-Industries-IT2S-C0
"Ideal Industries Cable Tie, 50 lb",Ideal Industries,IT2S-C35,Cable Tie,50 lb,HARDWARE-Ideal-Industries-IT2S-C35
"Ideal Industries Cable Tie, 8 in",Ideal Industries,IT2SMH-C0,Cable Tie,8 in,HARDWARE-Ideal-Industries-IT2SMH-C0
"Ideal Industries Cable Tie, 50 lb",Ideal Industries,IT3S-C,Cable Tie,50 lb,HARDWARE-Ideal-Industries-IT3S-C
"Ideal Industries Cable Tie, 11 in",Ideal Industries,IT3S-C0,Cable Tie,11 in,HARDWARE-Ideal-Industries-IT3S-C0
"Ideal Industries Cable Tie, 50 lb",Ideal Industries,IT4S-C0,Cable Tie,50 lb,HARDWARE-Ideal-Industries-IT4S-C0
"Ideal Industries Cable Tie Mount, 3/4 in",Ideal Industries,IT750MP-C,Cable Tie Mount,3/4 in,HARDWARE-Ideal-Industries-IT750MP-C
"Impact Staples Staple, 9/16 in",Impact Staples,I12FB,Staple,9/16 in,HARDWARE-Impact-Staples-I12FB
"International Fasteners Drywall Screw, #8 x 3 in",International Fasteners,5DWC08300,Drywall Screw,#8 x 3 in,HARDWARE-International-Fasteners-5DWC08300
"King Electric Staple, 1/2 x 1 in",King Electric,03457,Staple,1/2 x 1 in,HARDWARE-King-Electric-03457
"King Electric Staple, 1/2 x 1 in",King Electric,03458,Staple,1/2 x 1 in,HARDWARE-King-Electric-03458
"King Electric Staple, 9/16 x 1 in",King Electric,06021,Staple,9/16 x 1 in,HARDWARE-King-Electric-06021
"King Electric Staple, 3/4 x 1-3/8 in",King Electric,07049,Staple,3/4 x 1-3/8 in,HARDWARE-King-Electric-07049
"King Electric Staple, 1-3/8 x 13/16 in",King Electric,09021,Staple,1-3/8 x 13/16 in,HARDWARE-King-Electric-09021
"King Electric Staple, 3/4 x 1-3/8 in",King Electric,7.83941E+11,Staple,3/4 x 1-3/8 in,HARDWARE-King-Electric-783941070492
"Klein Staple, 1/4 in",Klein,450-001,Staple,1/4 in,HARDWARE-Klein-450-001
"Klein Staple, 11/32 x 19/32 in",Klein,450-003,Staple,11/32 x 19/32 in,HARDWARE-Klein-450-003
"LH Dottie Machine Screw, #10-32, 1/2 to 2 in, Kit",LH Dottie,1032PS,Machine Screw,"#10-32, 1/2 to 2 in, Kit",HARDWARE-LH-Dottie-1032PS
"LH Dottie Anchor, #10",LH Dottie,122,Anchor,#10,HARDWARE-LH-Dottie-122
"LH Dottie Concrete Screw, 1/4 x 1-1/4 in",LH Dottie,14H114,Concrete Screw,1/4 x 1-1/4 in,HARDWARE-LH-Dottie-14H114
"LH Dottie Concrete Screw, 1/4 x 1-3/4 in",LH Dottie,14H134,Concrete Screw,1/4 x 1-3/4 in,HARDWARE-LH-Dottie-14H134
"LH Dottie Concrete Screw, 1/4 x 2-1/4 in",LH Dottie,14H214,Concrete Screw,1/4 x 2-1/4 in,HARDWARE-LH-Dottie-14H214
"LH Dottie Concrete Screw, 1/4 x 3-1/4 in",LH Dottie,14H314,Concrete Screw,1/4 x 3-1/4 in,HARDWARE-LH-Dottie-14H314
"LH Dottie Anchor, #8-#10-#12",LH Dottie,22,Anchor,#8-#10-#12,HARDWARE-LH-Dottie-22
"LH Dottie Anchor, #12-#14-#16",LH Dottie,23,Anchor,#12-#14-#16,HARDWARE-LH-Dottie-23
"LH Dottie Anchor Kit, #10",LH Dottie,2AK,Anchor Kit,#10,HARDWARE-LH-Dottie-2AK
"LH Dottie Anchor Kit, #10",LH Dottie,2AKTP,Anchor Kit,#10,HARDWARE-LH-Dottie-2AKTP
"LH Dottie Web Straps, 10 ft, Nylon, Blue",LH Dottie,2WS10,Web Straps,"10 ft, Nylon, Blue",HARDWARE-LH-Dottie-2WS10
"LH Dottie Sheet Metal Screw, #10 x 1 in",LH Dottie,2WS101,Sheet Metal Screw,#10 x 1 in,HARDWARE-LH-Dottie-2WS101
"LH Dottie Sheet Metal Screw, #10 x 1-1/2 in",LH Dottie,2WS10112,Sheet Metal Screw,#10 x 1-1/2 in,HARDWARE-LH-Dottie-2WS10112
"LH Dottie Sheet Metal Screw, #10 x 2 in",LH Dottie,2WS102,Sheet Metal Screw,#10 x 2 in,HARDWARE-LH-Dottie-2WS102
"LH Dottie Anchor Kit, #12",LH Dottie,3AK,Anchor Kit,#12,HARDWARE-LH-Dottie-3AK
"LH Dottie Nail Plate, 1-1/2 x 2-3/4 in",LH Dottie,411,Nail Plate,1-1/2 x 2-3/4 in,HARDWARE-LH-Dottie-411
"LH Dottie Nail Plate, 1-1/8 x 2-3/4 in",LH Dottie,411Z,Nail Plate,1-1/8 x 2-3/4 in,HARDWARE-LH-Dottie-411Z
"LH Dottie Machine Screw, #6-32 x 1/2-2 in",LH Dottie,632PS,Machine Screw,#6-32 x 1/2-2 in,HARDWARE-LH-Dottie-632PS
"LH Dottie Machine Screw, #8-32 x 1/2-2 in",LH Dottie,832PS,Machine Screw,#8-32 x 1/2-2 in,HARDWARE-LH-Dottie-832PS
"LH Dottie Staple, 9/16 in",LH Dottie,BX1001,Staple,9/16 in,HARDWARE-LH-Dottie-BX1001
"LH Dottie Anchor Kit, #2",LH Dottie,CK14,Anchor Kit,#2,HARDWARE-LH-Dottie-CK14
"LH Dottie Sheet Metal Screw, #10 x 1 in",LH Dottie,DDSMS101,Sheet Metal Screw,#10 x 1 in,HARDWARE-LH-Dottie-DDSMS101
"LH Dottie Sheet Metal Screw, #10 x 1-1/2 in",LH Dottie,DDSMS10112,Sheet Metal Screw,#10 x 1-1/2 in,HARDWARE-LH-Dottie-DDSMS10112
"LH Dottie Sheet Metal Screw, #10 x 2 in",LH Dottie,DDSMS102,Sheet Metal Screw,#10 x 2 in,HARDWARE-LH-Dottie-DDSMS102
"LH Dottie Sheet Metal Screw, #10 x 3/4 in",LH Dottie,DDSMS1034,Sheet Metal Screw,#10 x 3/4 in,HARDWARE-LH-Dottie-DDSMS1034
"LH Dottie Cable Tie, 50 lb",LH Dottie,DT6B,Cable Tie,50 lb,HARDWARE-LH-Dottie-DT6B
"LH Dottie Drywall Screw, #6 x 1-1/4 in",LH Dottie,DWSBX6114,Drywall Screw,#6 x 1-1/4 in,HARDWARE-LH-Dottie-DWSBX6114
"LH Dottie Drywall Screw, 2 in",LH Dottie,DWSBX62,Drywall Screw,2 in,HARDWARE-LH-Dottie-DWSBX62
"LH Dottie Sheet Metal Screw, #6 x 7/16 in",LH Dottie,F6716,Sheet Metal Screw,#6 x 7/16 in,HARDWARE-LH-Dottie-F6716
"LH Dottie Fender Washer, 1/4 x 1 in",LH Dottie,FENW141,Fender Washer,1/4 x 1 in,HARDWARE-LH-Dottie-FENW141
"LH Dottie Fender Washer, 1/4 x 1-1/2 in",LH Dottie,FENW14112,Fender Washer,1/4 x 1-1/2 in,HARDWARE-LH-Dottie-FENW14112
"LH Dottie Fender Washer, 1/4 x 1-1/4 in",LH Dottie,FENW14114,Fender Washer,1/4 x 1-1/4 in,HARDWARE-LH-Dottie-FENW14114
"LH Dottie Fender Washer, 3/16 x 1-1/4 in",LH Dottie,FENW316114,Fender Washer,3/16 x 1-1/4 in,HARDWARE-LH-Dottie-FENW316114
"LH Dottie Fender Washer, 3/8 x 1 in",LH Dottie,FENW381,Fender Washer,3/8 x 1 in,HARDWARE-LH-Dottie-FENW381
"LH Dottie Fender Washer, 3/8 x 1-1/2 in",LH Dottie,FENW38112,Fender Washer,3/8 x 1-1/2 in,HARDWARE-LH-Dottie-FENW38112
"LH Dottie Fender Washer, 3/4 x 1-1/4 in",LH Dottie,FENW38114,Fender Washer,3/4 x 1-1/4 in,HARDWARE-LH-Dottie-FENW38114
"LH Dottie Fender Washer, 120 Piece Kit",LH Dottie,FENWK,Fender Washer,120 Piece Kit,HARDWARE-LH-Dottie-FENWK
"LH Dottie Sheet Metal Screw, #6 x 7/16 in",LH Dottie,FT6716,Sheet Metal Screw,#6 x 7/16 in,HARDWARE-LH-Dottie-FT6716
"LH Dottie Flat Washer, #10 x 7/32 in",LH Dottie,FW10,Flat Washer,#10 x 7/32 in,HARDWARE-LH-Dottie-FW10
"LH Dottie Flat Washer, 1/4 in",LH Dottie,FW14,Flat Washer,1/4 in,HARDWARE-LH-Dottie-FW14
"LH Dottie Flat Washer, 3/8 in",LH Dottie,FW38,Flat Washer,3/8 in,HARDWARE-LH-Dottie-FW38
"LH Dottie Flat Washer, 3/8 in",LH Dottie,FWS38,Flat Washer,3/8 in,HARDWARE-LH-Dottie-FWS38
"LH Dottie Hex Nut, 10-24 in",LH Dottie,HN1024,Hex Nut,10-24 in,HARDWARE-LH-Dottie-HN1024
"LH Dottie Hex Nut, #10-32 ",LH Dottie,HN1032,Hex Nut,#10-32 ,HARDWARE-LH-Dottie-HN1032
"LH Dottie Hex Nut, 1/2-13 in",LH Dottie,HN12,Hex Nut,1/2-13 in,HARDWARE-LH-Dottie-HN12
"LH Dottie Hex Nut, 1/4 in-20",LH Dottie,HN14,Hex Nut,1/4 in-20,HARDWARE-LH-Dottie-HN14
"LH Dottie Hex Nut, 3/8 in-16",LH Dottie,HN38,Hex Nut,3/8 in-16,HARDWARE-LH-Dottie-HN38
"LH Dottie Hex Nut, #8-32",LH Dottie,HN832,Hex Nut,#8-32,HARDWARE-LH-Dottie-HN832
"LH Dottie Hex Nut, 3/8 in-16, Stainless Steel",LH Dottie,HNS38,Hex Nut,"3/8 in-16, Stainless Steel",HARDWARE-LH-Dottie-HNS38
"LH Dottie Sheet Metal Screw, #10 x 1 in",LH Dottie,HWSMS101,Sheet Metal Screw,#10 x 1 in,HARDWARE-LH-Dottie-HWSMS101
"LH Dottie Sheet Metal Screw, #10 x 1-1/2 in",LH Dottie,HWSMS10112,Sheet Metal Screw,#10 x 1-1/2 in,HARDWARE-LH-Dottie-HWSMS10112
"LH Dottie Sheet Metal Screw, #10 x 1-1/4 in",LH Dottie,HWSMS10114,Sheet Metal Screw,#10 x 1-1/4 in,HARDWARE-LH-Dottie-HWSMS10114
"LH Dottie Sheet Metal Screw, #10 x 2 in",LH Dottie,HWSMS102,Sheet Metal Screw,#10 x 2 in,HARDWARE-LH-Dottie-HWSMS102
"LH Dottie Sheet Metal Screw, #10 x 3/4 in",LH Dottie,HWSMS1034,Sheet Metal Screw,#10 x 3/4 in,HARDWARE-LH-Dottie-HWSMS1034
"LH Dottie Sheet Metal Screw, #12 x 2 in",LH Dottie,HWSMS122,Sheet Metal Screw,#12 x 2 in,HARDWARE-LH-Dottie-HWSMS122
"LH Dottie Anchor Kit, #12",LH Dottie,K14C,Anchor Kit,#12,HARDWARE-LH-Dottie-K14C
"LH Dottie Anchor Kit, #10",LH Dottie,K6CO,Anchor Kit,#10,HARDWARE-LH-Dottie-K6CO
"LH Dottie Anchor Kit, #10",LH Dottie,K6COTP,Anchor Kit,#10,HARDWARE-LH-Dottie-K6COTP
"LH Dottie Anchor Kit, #10",LH Dottie,K6D,Anchor Kit,#10,HARDWARE-LH-Dottie-K6D
"LH Dottie Anchor Kit, #10",LH Dottie,K6HX,Anchor Kit,#10,HARDWARE-LH-Dottie-K6HX
"LH Dottie Anchor Kit, #10",LH Dottie,K6HXTP,Anchor Kit,#10,HARDWARE-LH-Dottie-K6HXTP
"LH Dottie Sheet Metal Screw, #8 x 1-1/4 in",LH Dottie,KW8114,Sheet Metal Screw,#8 x 1-1/4 in,HARDWARE-LH-Dottie-KW8114
"LH Dottie Sheet Metal Screw, #8  x1/2 in",LH Dottie,KW812,Sheet Metal Screw,#8  x1/2 in,HARDWARE-LH-Dottie-KW812
"LH Dottie Sheet Metal Screw, #8 x 3/4 in",LH Dottie,KW834,Sheet Metal Screw,#8 x 3/4 in,HARDWARE-LH-Dottie-KW834
"LH Dottie Sheet Metal Screw, #10 x 1 in",LH Dottie,KWDD101,Sheet Metal Screw,#10 x 1 in,HARDWARE-LH-Dottie-KWDD101
"LH Dottie Sheet Metal Screw, #10 x 1-1/2 in",LH Dottie,KWDD10112,Sheet Metal Screw,#10 x 1-1/2 in,HARDWARE-LH-Dottie-KWDD10112
"LH Dottie Sheet Metal Screw, #10 x 2 in",LH Dottie,KWDD102,Sheet Metal Screw,#10 x 2 in,HARDWARE-LH-Dottie-KWDD102
"LH Dottie Sheet Metal Screw, #8 x 1in",LH Dottie,KWDD81,Sheet Metal Screw,#8 x 1in,HARDWARE-LH-Dottie-KWDD81
"LH Dottie Sheet Metal Screw, #8 x 1-1/4 in",LH Dottie,KWDD8114,Sheet Metal Screw,#8 x 1-1/4 in,HARDWARE-LH-Dottie-KWDD8114
"LH Dottie Sheet Metal Screw, #8 x 2 in",LH Dottie,KWDD82,Sheet Metal Screw,#8 x 2 in,HARDWARE-LH-Dottie-KWDD82
"LH Dottie Sheet Metal Screw, #8 x 3/4 in",LH Dottie,KWDD834,Sheet Metal Screw,#8 x 3/4 in,HARDWARE-LH-Dottie-KWDD834
"LH Dottie Lag Bolt, 1/4 x 1-1/2 in",LH Dottie,LAG14112,Lag Bolt,1/4 x 1-1/2 in,HARDWARE-LH-Dottie-LAG14112
"LH Dottie Lag Bolt, 1/4 x 2 in",LH Dottie,LAG142,Lag Bolt,1/4 x 2 in,HARDWARE-LH-Dottie-LAG142
"LH Dottie Lag Bolt, 1/4 x 3 in",LH Dottie,LAG143,Lag Bolt,1/4 x 3 in,HARDWARE-LH-Dottie-LAG143
"LH Dottie Lag Bolt, 3/8 x 2 in",LH Dottie,LAG382,Lag Bolt,3/8 x 2 in,HARDWARE-LH-Dottie-LAG382
"LH Dottie Lag Bolt, 3/8 x 3 in",LH Dottie,LAG383,Lag Bolt,3/8 x 3 in,HARDWARE-LH-Dottie-LAG383
"LH Dottie Lag Bolt, 5/16 x 3-1/2 in",LH Dottie,LAG516312,Lag Bolt,5/16 x 3-1/2 in,HARDWARE-LH-Dottie-LAG516312
"LH Dottie Lag Bolt, 5/16 x 4 in",LH Dottie,LAG5164,Lag Bolt,5/16 x 4 in,HARDWARE-LH-Dottie-LAG5164
"LH Dottie Split Lock Washer, 1/4 in",LH Dottie,LW14,Split Lock Washer,1/4 in,HARDWARE-LH-Dottie-LW14
"LH Dottie Split Lock Washer, 3/8 in",LH Dottie,LW38,Split Lock Washer,3/8 in,HARDWARE-LH-Dottie-LW38
"LH Dottie Hex Bolt, 1/4-20 x 1 in",LH Dottie,MB141,Hex Bolt,1/4-20 x 1 in,HARDWARE-LH-Dottie-MB141
"LH Dottie Hex Bolt, 1/4 x 1-1/4 in",LH Dottie,MB14114,Hex Bolt,1/4 x 1-1/4 in,HARDWARE-LH-Dottie-MB14114
"LH Dottie Hex Bolt, 1/4 x 1/2 in",LH Dottie,MB1412,Hex Bolt,1/4 x 1/2 in,HARDWARE-LH-Dottie-MB1412
"LH Dottie Hex Bolt, 1/4-20 x 3/4 in",LH Dottie,MB1434,Hex Bolt,1/4-20 x 3/4 in,HARDWARE-LH-Dottie-MB1434
"LH Dottie Hex Bolt, 3/8 x 1 in",LH Dottie,MB381,Hex Bolt,3/8 x 1 in,HARDWARE-LH-Dottie-MB381
"LH Dottie Hex Bolt, 3/8 x 1-1/2 in",LH Dottie,MB38112,Hex Bolt,3/8 x 1-1/2 in,HARDWARE-LH-Dottie-MB38112
"LH Dottie Hex Bolt, 3/8 x 3/4 in",LH Dottie,MB3834,Hex Bolt,3/8 x 3/4 in,HARDWARE-LH-Dottie-MB3834
"LH Dottie Hex Bolt, 3/8-16 x 3/4 in",LH Dottie,MBS3834,Hex Bolt,3/8-16 x 3/4 in,HARDWARE-LH-Dottie-MBS3834
"LH Dottie Plastic Staple, 3/4 in",LH Dottie,PLX751,Plastic Staple,3/4 in,HARDWARE-LH-Dottie-PLX751
"LH Dottie Machine Screw, #10-32 x 1 in",LH Dottie,RMC10321,Machine Screw,#10-32 x 1 in,HARDWARE-LH-Dottie-RMC10321
"LH Dottie Machine Screw, #10-32 x 2 in",LH Dottie,RMC10322,Machine Screw,#10-32 x 2 in,HARDWARE-LH-Dottie-RMC10322
"LH Dottie Machine Screw, #10-32 x 3/4 in",LH Dottie,RMC103234,Machine Screw,#10-32 x 3/4 in,HARDWARE-LH-Dottie-RMC103234
"LH Dottie Machine Screw, 1/4 x 1 in",LH Dottie,RMC141,Machine Screw,1/4 x 1 in,HARDWARE-LH-Dottie-RMC141
"LH Dottie Machine Screw, 1/4-20 x 1-1/2 in",LH Dottie,RMC14112,Machine Screw,1/4-20 x 1-1/2 in,HARDWARE-LH-Dottie-RMC14112
"LH Dottie Machine Screw, 1/4 x 1/2 in",LH Dottie,RMC1412,Machine Screw,1/4 x 1/2 in,HARDWARE-LH-Dottie-RMC1412
"LH Dottie Machine Screw, 1/4-20 x 3/4 in",LH Dottie,RMC1434,Machine Screw,1/4-20 x 3/4 in,HARDWARE-LH-Dottie-RMC1434
"LH Dottie Machine Screw, 1/4-20 x 3/8 in",LH Dottie,RMC1438,Machine Screw,1/4-20 x 3/8 in,HARDWARE-LH-Dottie-RMC1438
"LH Dottie Machine Screw, #6-32 x 3 in",LH Dottie,RMC6323,Machine Screw,#6-32 x 3 in,HARDWARE-LH-Dottie-RMC6323
"LH Dottie Machine Screw, #8-32 x 1 in",LH Dottie,RMC8321,Machine Screw,#8-32 x 1 in,HARDWARE-LH-Dottie-RMC8321
"LH Dottie Machine Screw, #8-32 x 1/2 in",LH Dottie,RMC83212,Machine Screw,#8-32 x 1/2 in,HARDWARE-LH-Dottie-RMC83212
"LH Dottie Staple, 1/2 in",LH Dottie,RX501,Staple,1/2 in,HARDWARE-LH-Dottie-RX501
"LH Dottie Staple, 1-1/8 x 1-1/2 in",LH Dottie,SEU43,Staple,1-1/8 x 1-1/2 in,HARDWARE-LH-Dottie-SEU43
"LH Dottie Sheet Metal Screw, #8 x 1-1/2 in",LH Dottie,SP8112,Sheet Metal Screw,#8 x 1-1/2 in,HARDWARE-LH-Dottie-SP8112
"LH Dottie Square Washer, 3/8 in",LH Dottie,SQW38,Square Washer,3/8 in,HARDWARE-LH-Dottie-SQW38
"LH Dottie Toggle Bolt, 3/16 x 3 in",LH Dottie,TBC363,Toggle Bolt,3/16 x 3 in,HARDWARE-LH-Dottie-TBC363
"LH Dottie Toggle Bolt, 1/4 x 3 in",LH Dottie,TBC43,Toggle Bolt,1/4 x 3 in,HARDWARE-LH-Dottie-TBC43
"LH Dottie Toggle Bolt, 1/4 x 4 in",LH Dottie,TBC44,Toggle Bolt,1/4 x 4 in,HARDWARE-LH-Dottie-TBC44
"LH Dottie Self-Drilling Screw, #10 x 3/4 in",LH Dottie,TEKDD1034,Self-Drilling Screw,#10 x 3/4 in,HARDWARE-LH-Dottie-TEKDD1034
"LH Dottie Self-Drilling Screw, #8 x 1 in",LH Dottie,TEKDD81,Self-Drilling Screw,#8 x 1 in,HARDWARE-LH-Dottie-TEKDD81
"LH Dottie Self-Drilling Screw, #7 x 7/16 in",LH Dottie,TEKF7716,Self-Drilling Screw,#7 x 7/16 in,HARDWARE-LH-Dottie-TEKF7716
"LH Dottie Self-Drilling Screw, #10 x 1 in",LH Dottie,TEKHW101,Self-Drilling Screw,#10 x 1 in,HARDWARE-LH-Dottie-TEKHW101
"LH Dottie Self-Drilling Screw, #10 x 1-1/2 in",LH Dottie,TEKHW10112,Self-Drilling Screw,#10 x 1-1/2 in,HARDWARE-LH-Dottie-TEKHW10112
"LH Dottie Self-Drilling Screw, #10 x 1-1/4 in",LH Dottie,TEKHW10114,Self-Drilling Screw,#10 x 1-1/4 in,HARDWARE-LH-Dottie-TEKHW10114
"LH Dottie Self-Drilling Screw, #10 x 1/2 in",LH Dottie,TEKHW1012,Self-Drilling Screw,#10 x 1/2 in,HARDWARE-LH-Dottie-TEKHW1012
"LH Dottie Self-Drilling Screw, #10 x 2 in",LH Dottie,TEKHW102,Self-Drilling Screw,#10 x 2 in,HARDWARE-LH-Dottie-TEKHW102
"LH Dottie Self-Drilling Screw, #10 x 3/4 in",LH Dottie,TEKHW1034,Self-Drilling Screw,#10 x 3/4 in,HARDWARE-LH-Dottie-TEKHW1034
"LH Dottie Self-Drilling Screw, #12 x 1 in",LH Dottie,TEKHW121,Self-Drilling Screw,#12 x 1 in,HARDWARE-LH-Dottie-TEKHW121
"LH Dottie Self-Drilling Screw, #12 x 1-1/2 in",LH Dottie,TEKHW12112,Self-Drilling Screw,#12 x 1-1/2 in,HARDWARE-LH-Dottie-TEKHW12112
"LH Dottie Self-Drilling Screw, #12 x 2 in",LH Dottie,TEKHW122,Self-Drilling Screw,#12 x 2 in,HARDWARE-LH-Dottie-TEKHW122
"LH Dottie Self-Drilling Screw, #14 x 1-1/2 in",LH Dottie,TEKHW14112,Self-Drilling Screw,#14 x 1-1/2 in,HARDWARE-LH-Dottie-TEKHW14112
"LH Dottie Self-Drilling Screw, #14 x 2 in",LH Dottie,TEKHW142,Self-Drilling Screw,#14 x 2 in,HARDWARE-LH-Dottie-TEKHW142
"LH Dottie Self-Drilling Screw, #14 x 3 in",LH Dottie,TEKHW143,Self-Drilling Screw,#14 x 3 in,HARDWARE-LH-Dottie-TEKHW143
"LH Dottie Self-Drilling Screw, #8 x 1 in",LH Dottie,TEKHW81,Self-Drilling Screw,#8 x 1 in,HARDWARE-LH-Dottie-TEKHW81
"LH Dottie Self-Drilling Screw, #8 x 1-1/2 in",LH Dottie,TEKHW8112,Self-Drilling Screw,#8 x 1-1/2 in,HARDWARE-LH-Dottie-TEKHW8112
"LH Dottie Self-Drilling Screw, #8 x 1/2 in",LH Dottie,TEKHW812,Self-Drilling Screw,#8 x 1/2 in,HARDWARE-LH-Dottie-TEKHW812
"LH Dottie Self-Drilling Screw, #8 x 3/4 in",LH Dottie,TEKHW834,Self-Drilling Screw,#8 x 3/4 in,HARDWARE-LH-Dottie-TEKHW834
"LH Dottie Self-Drilling Screw, #10 x 2 in",LH Dottie,TEKPH102,Self-Drilling Screw,#10 x 2 in,HARDWARE-LH-Dottie-TEKPH102
"LH Dottie Self-Drilling Screw, #10 x 3/4 in",LH Dottie,TEKPH1034,Self-Drilling Screw,#10 x 3/4 in,HARDWARE-LH-Dottie-TEKPH1034
"LH Dottie Self-Drilling Screw, #8 x 1/2 in",LH Dottie,TEKPH812,Self-Drilling Screw,#8 x 1/2 in,HARDWARE-LH-Dottie-TEKPH812
"LH Dottie Self-Drilling Screw, #8 x 1/2 in",LH Dottie,TEKPH834,Self-Drilling Screw,#8 x 1/2 in,HARDWARE-LH-Dottie-TEKPH834
"LH Dottie Self-Drilling Screw, #8 x 1 in",LH Dottie,TEKW81,Self-Drilling Screw,#8 x 1 in,HARDWARE-LH-Dottie-TEKW81
"LH Dottie Self-Drilling Screw, #8 x 1-1/4 in",LH Dottie,TEKW8114,Self-Drilling Screw,#8 x 1-1/4 in,HARDWARE-LH-Dottie-TEKW8114
"LH Dottie Self-Drilling Screw, #8 x 1/2 in",LH Dottie,TEKW812,Self-Drilling Screw,#8 x 1/2 in,HARDWARE-LH-Dottie-TEKW812
"LH Dottie Self-Drilling Screw, #8 x 3/4 in",LH Dottie,TEKW834,Self-Drilling Screw,#8 x 3/4 in,HARDWARE-LH-Dottie-TEKW834
"LH Dottie Self-Drilling Screw, #8 x 1/2 in",LH Dottie,TEKWT812,Self-Drilling Screw,#8 x 1/2 in,HARDWARE-LH-Dottie-TEKWT812
"LH Dottie Anchor Kit, #10",LH Dottie,TG10K,Anchor Kit,#10,HARDWARE-LH-Dottie-TG10K
"LH Dottie Anchor Kit, #10",LH Dottie,TG10KHXTP,Anchor Kit,#10,HARDWARE-LH-Dottie-TG10KHXTP
"LH Dottie Steel Tie Wire, 16.5 ga",LH Dottie,TY164,Steel Tie Wire,16.5 ga,HARDWARE-LH-Dottie-TY164
"LH Dottie Wedge Anchor, 1/4-1-3/4 in",LH Dottie,W14134,Wedge Anchor,1/4-1-3/4 in,HARDWARE-LH-Dottie-W14134
"LH Dottie Wedge Anchor, 3/8 x 2-3/4 in",LH Dottie,W38234,Wedge Anchor,3/8 x 2-3/4 in,HARDWARE-LH-Dottie-W38234
"LH Dottie Anchor Kit, 8 x 8-1/4 in",LH Dottie,WDK8,Anchor Kit,8 x 8-1/4 in,HARDWARE-LH-Dottie-WDK8
"LH Dottie Anchor Kit, #8",LH Dottie,WDK8T,Anchor Kit,#8,HARDWARE-LH-Dottie-WDK8T
"LH Dottie Anchor Kit, #8",LH Dottie,WDK8W,Anchor Kit,#8,HARDWARE-LH-Dottie-WDK8W
"LH Dottie Anchor Screw, 3/16 x 1-1/4 in, Kit",LH Dottie,WDOG,Anchor Screw,"3/16 x 1-1/4 in, Kit",HARDWARE-LH-Dottie-WDOG
"LH Dottie Drywall Screw, #6, Kit",LH Dottie,WR6,Drywall Screw,"#6, Kit",HARDWARE-LH-Dottie-WR6
"LH Dottie Drywall Screw, #6 x 1 in",LH Dottie,WR61,Drywall Screw,#6 x 1 in,HARDWARE-LH-Dottie-WR61
"LH Dottie Drywall Screw, #6 x 1-1/4 in",LH Dottie,WR6114,Drywall Screw,#6 x 1-1/4 in,HARDWARE-LH-Dottie-WR6114
"LH Dottie Drywall Screw, #6 x 1-5/8 in",LH Dottie,WR6158,Drywall Screw,#6 x 1-5/8 in,HARDWARE-LH-Dottie-WR6158
"LH Dottie Drywall Screw, #6 x 2 in",LH Dottie,WR62,Drywall Screw,#6 x 2 in,HARDWARE-LH-Dottie-WR62
"LH Dottie Drywall Screw, #6 x 1-5/8 in",LH Dottie,WRT6158,Drywall Screw,#6 x 1-5/8 in,HARDWARE-LH-Dottie-WRT6158
"LH Dottie Anchor Screw, 1-1/4 in",LH Dottie,WTKHX,Anchor Screw,1-1/4 in,HARDWARE-LH-Dottie-WTKHX
"LH Dottie Anchor Screw, 3/16 x 1-1/4 in",LH Dottie,WTKPH,Anchor Screw,3/16 x 1-1/4 in,HARDWARE-LH-Dottie-WTKPH
"LH Dottie Anchor Screw, 3/16 x 1-1/4 in",LH Dottie,WTKWT,Anchor Screw,3/16 x 1-1/4 in,HARDWARE-LH-Dottie-WTKWT
"Madison Staple, 2-Cable",Madison,30V-2,Staple,2-Cable,HARDWARE-Madison-30V-2
"Madison Staple, 3/4 in",Madison,30W-50,Staple,3/4 in,HARDWARE-Madison-30W-50
"Madison Fender Washer, 1/4 x 1-1/4 in",Madison,420,Fender Washer,1/4 x 1-1/4 in,HARDWARE-Madison-420
"Madison Fender Washer, 1/4 in",Madison,428,Fender Washer,1/4 in,HARDWARE-Madison-428
"Marine Fasteners Lag Bolt, 5/16 x 3-1/2 in",Marine Fasteners,BHLSS5/16X3.5,Lag Bolt,5/16 x 3-1/2 in,HARDWARE-Marine-Fasteners-BHLSS5/16X3.5
"Metal Concrete Screw, 1/4 x 1-1/4 in",Metal,HHTAP14X114,Concrete Screw,1/4 x 1-1/4 in,HARDWARE-Metal-HHTAP14X114
"Metallics Concrete Screw, 1/4 x 1-3/4 in",Metallics,CSH20F,Concrete Screw,1/4 x 1-3/4 in,HARDWARE-Metallics-CSH20F
"Metallics Sheet Metal Screw, #10-12 x 1 in",Metallics,JDS158,Sheet Metal Screw,#10-12 x 1 in,HARDWARE-Metallics-JDS158
"Metallics Sheet Metal Screw, #10-12 x 1-1/4 in",Metallics,JDS172,Sheet Metal Screw,#10-12 x 1-1/4 in,HARDWARE-Metallics-JDS172
"Metallics Sheet Metal Screw, #12-11 x 2 in",Metallics,JDS174,Sheet Metal Screw,#12-11 x 2 in,HARDWARE-Metallics-JDS174
"Metallics Sheet Metal Screw, #10-12 x 1-1/2 in",Metallics,JDS184,Sheet Metal Screw,#10-12 x 1-1/2 in,HARDWARE-Metallics-JDS184
"Metallics Sheet Metal Screw, #10-12 x 2 in",Metallics,JDS185,Sheet Metal Screw,#10-12 x 2 in,HARDWARE-Metallics-JDS185
"Metallics Self-Drilling Screw, #10 x 1-1/2 in",Metallics,JTEKD19,Self-Drilling Screw,#10 x 1-1/2 in,HARDWARE-Metallics-JTEKD19
"Metallics Self-Drilling Screw, #12 x 1-1/2 in",Metallics,JTEKD21,Self-Drilling Screw,#12 x 1-1/2 in,HARDWARE-Metallics-JTEKD21
"Metallics Self-Drilling Screw, #10 x 2 in",Metallics,JTEKD22,Self-Drilling Screw,#10 x 2 in,HARDWARE-Metallics-JTEKD22
"Metallics Self-Drilling Screw, #10 x 1 in",Metallics,JTEKD7,Self-Drilling Screw,#10 x 1 in,HARDWARE-Metallics-JTEKD7
"Metallics Self-Drilling Screw, #12 x 1 in",Metallics,JTEKD8,Self-Drilling Screw,#12 x 1 in,HARDWARE-Metallics-JTEKD8
"Metallics Sheet Metal Screw, #10-12 x 1-1/4 in",Metallics,JTS29,Sheet Metal Screw,#10-12 x 1-1/4 in,HARDWARE-Metallics-JTS29
"Metallics Sheet Metal Screw, #10-12 x 1-1/2 in",Metallics,JTS30,Sheet Metal Screw,#10-12 x 1-1/2 in,HARDWARE-Metallics-JTS30
"Metallics Sheet Metal Screw, 10-12 x 2 in",Metallics,JTS31,Sheet Metal Screw,10-12 x 2 in,HARDWARE-Metallics-JTS31
"Metallics Fender Washer, 1/4 x 1 in",Metallics,JW113,Fender Washer,1/4 x 1 in,HARDWARE-Metallics-JW113
"Metallics Fender Washer, 1/4 x 1-1/4 in",Metallics,JW116,Fender Washer,1/4 x 1-1/4 in,HARDWARE-Metallics-JW116
"Metallics Sheet Metal Screw, 1-1/4 in",Metallics,MWDH114K,Sheet Metal Screw,1-1/4 in,HARDWARE-Metallics-MWDH114K
"Metallics Anchor Kit, #10",Metallics,WAKJ14,Anchor Kit,#10,HARDWARE-Metallics-WAKJ14
"Milwaukee Hex Socket Head Screw, M5 x 0.8-20",Milwaukee,05-84-0910,Hex Socket Head Screw,M5 x 0.8-20,HARDWARE-Milwaukee-05-84-0910
"Milwaukee Hex Socket Head Screw, M5 x 0.8-30",Milwaukee,05-84-0925,Hex Socket Head Screw,M5 x 0.8-30,HARDWARE-Milwaukee-05-84-0925
"Milwaukee Staple, 3/4 in",Milwaukee,MNM1-600,Staple,3/4 in,HARDWARE-Milwaukee-MNM1-600
"Minerallac Nail Plate, 2 x 5 in",Minerallac,90600,Nail Plate,2 x 5 in,HARDWARE-Minerallac-90600
"Minerallac Nail Plate, 1-1/2 x 3 in",Minerallac,90100,Nail Plate,1-1/2 x 3 in,HARDWARE-Minerallac-90100
"Minerallac Nail Plate, 1-1/2 x 3 in",Minerallac,90100,Nail Plate,1-1/2 x 3 in,HARDWARE-Minerallac-90100
"Minerallac Spring Nut, #20 x 1/4 in",Minerallac,SN025EG,Spring Nut,#20 x 1/4 in,HARDWARE-Minerallac-SN025EG
"Morris Plastic Staple, 2/0 AWG",Morris,35032,Plastic Staple,2/0 AWG,HARDWARE-Morris-35032
"Mudge Fasteners Self-Drilling Screw, #14 x 2 in",Mudge Fasteners,4HA1432,Self-Drilling Screw,#14 x 2 in,HARDWARE-Mudge-Fasteners-4HA1432
"Mule-Hide Racking Screw, #12 x 6 in",Mule-Hide,08MHDP6,Racking Screw,#12 x 6 in,HARDWARE-Mule-Hide-08MHDP6
"Nichols Manufacturing U-Bolt, 7 in",Nichols Manufacturing,7U,U-Bolt,7 in,HARDWARE-Nichols-Manufacturing-7U
"NSI Cable Tie, 14-1/4 in",NSI,141200,Cable Tie,14-1/4 in,HARDWARE-NSI-141200
"NSI Cable Tie, 14 in",NSI,14500,Cable Tie,14 in,HARDWARE-NSI-14500
"NSI Cable Tie, 14.1 in",NSI,14750,Cable Tie,14.1 in,HARDWARE-NSI-14750
"NSI Cable Tie, 18 in",NSI,181750,Cable Tie,18 in,HARDWARE-NSI-181750
"NSI Cable Tie, 8 in",NSI,18500,Cable Tie,8 in,HARDWARE-NSI-18500
"NSI Cable Tie, 6 in",NSI,5300MH,Cable Tie,6 in,HARDWARE-NSI-5300MH
"NSI Cable Tie, 7-1/2 in",NSI,7500MH,Cable Tie,7-1/2 in,HARDWARE-NSI-7500MH
"NSI Cable Tie, 8 in",NSI,850,Cable Tie,8 in,HARDWARE-NSI-850
"NSI Cable Tie, 8 in",NSI,8500,Cable Tie,8 in,HARDWARE-NSI-8500
"NSI Cable Tie Mount, 1 in",NSI,FTH7A,Cable Tie Mount,1 in,HARDWARE-NSI-FTH7A
"NSI Cable Tie Mount, 1 x 1 in",NSI,FTH7A-B,Cable Tie Mount,1 x 1 in,HARDWARE-NSI-FTH7A-B
"NSI Cable Tie, 11 in",NSI,GRP-11400,Cable Tie,11 in,HARDWARE-NSI-GRP-11400
"NSI Cable Tie, 11 in",NSI,GRP-1150,Cable Tie,11 in,HARDWARE-NSI-GRP-1150
"NSI Cable Tie, 11 in",NSI,GRP-11500,Cable Tie,11 in,HARDWARE-NSI-GRP-11500
"NSI Cable Tie, 14 in",NSI,GRP-14500,Cable Tie,14 in,HARDWARE-NSI-GRP-14500
"NSI Cable Tie, 18 in",NSI,GRP-4180,Cable Tie,18 in,HARDWARE-NSI-GRP-4180
"NSI Cable Tie, 5 in",NSI,GRP5400,Cable Tie,5 in,HARDWARE-NSI-GRP5400
"NSI Cable Tie, 7.5 in",NSI,GRP-7500,Cable Tie,7.5 in,HARDWARE-NSI-GRP-7500
"NSI Cable Tie, 8 in",NSI,GRP-8500,Cable Tie,8 in,HARDWARE-NSI-GRP-8500
"NSI Cable Tie, 11 in",NSI,GRPM-1150B,Cable Tie,11 in,HARDWARE-NSI-GRPM-1150B
"NSI Cable Tie, 7.5 in",NSI,GRP-M750B,Cable Tie,7.5 in,HARDWARE-NSI-GRP-M750B
"NSI Plastic Staple, Single Cable",NSI,PNC-736W,Plastic Staple,Single Cable,HARDWARE-NSI-PNC-736W
"OMG Roofing Products Roofing Screw, #14 x 4 in, 1000 count",OMG Roofing Products,CRHD4B,Roofing Screw,"#14 x 4 in, 1000 count",HARDWARE-OMG-Roofing-Products-CRHD4B
"OMG Roofing Products Roofing Screw, #15 x 3 in, 1000 count",OMG Roofing Products,XHD003B,Roofing Screw,"#15 x 3 in, 1000 count",HARDWARE-OMG-Roofing-Products-XHD003B
"OMG Roofing Products Roofing Screw, #15 x 4 in, 1000 count",OMG Roofing Products,XHD004B,Roofing Screw,"#15 x 4 in, 1000 count",HARDWARE-OMG-Roofing-Products-XHD004B
"OMG Roofing Products Roofing Screw, #15 x 4 in, 100 count",OMG Roofing Products,XHD004X-1,Roofing Screw,"#15 x 4 in, 100 count",HARDWARE-OMG-Roofing-Products-XHD004X-1
"OMG Roofing Products Roofing Screw, #15 x 8 in, 500 count",OMG Roofing Products,XHD008B,Roofing Screw,"#15 x 8 in, 500 count",HARDWARE-OMG-Roofing-Products-XHD008B
"Panduit Cable Tie, 8-1/2 in",Panduit,BC2S-S10-C,Cable Tie,8-1/2 in,HARDWARE-Panduit-BC2S-S10-C
"Panduit Cable Tie, 9 in",Panduit,BT2LH-L0,Cable Tie,9 in,HARDWARE-Panduit-BT2LH-L0
"Panduit Cable Tie, 8 in",Panduit,BT2S-C0,Cable Tie,8 in,HARDWARE-Panduit-BT2S-C0
"Panduit Cable Tie, 11.3 in",Panduit,BT3I-C0,Cable Tie,11.3 in,HARDWARE-Panduit-BT3I-C0
"Panduit Cable Tie, 11.3 in",Panduit,BT3I-M0,Cable Tie,11.3 in,HARDWARE-Panduit-BT3I-M0
"Panduit Cable Tie, 12 in",Panduit,BT3S-C0,Cable Tie,12 in,HARDWARE-Panduit-BT3S-C0
"Panduit Cable Tie, 14.9 in",Panduit,BT4LH-L0,Cable Tie,14.9 in,HARDWARE-Panduit-BT4LH-L0
"Panduit Cable Tie, 14.9 in",Panduit,BT4LH-TL0,Cable Tie,14.9 in,HARDWARE-Panduit-BT4LH-TL0
"Panduit Cable Tie, 15 in",Panduit,BT4S-C0,Cable Tie,15 in,HARDWARE-Panduit-BT4S-C0
"Panduit Cable Tie, 15.1 in",Panduit,BT4S-M,Cable Tie,15.1 in,HARDWARE-Panduit-BT4S-M
"Panduit Cable Tie, 50 lb",Panduit,PLT2S-C0,Cable Tie,50 lb,HARDWARE-Panduit-PLT2S-C0
"Panduit Cable Tie, 40 lb",Panduit,PLT3I-C0,Cable Tie,40 lb,HARDWARE-Panduit-PLT3I-C0
"Panduit Cable Tie, 50 lb",Panduit,PLT3S-C,Cable Tie,50 lb,HARDWARE-Panduit-PLT3S-C
"Panduit Cable Tie, 50 lb",Panduit,PLT3S-C0,Cable Tie,50 lb,HARDWARE-Panduit-PLT3S-C0
"Panduit Cable Tie, 11-1/2 in",Panduit,PLT3S-M,Cable Tie,11-1/2 in,HARDWARE-Panduit-PLT3S-M
"Panduit Cable Tie, 120 lb",Panduit,PLT4H-L0,Cable Tie,120 lb,HARDWARE-Panduit-PLT4H-L0
"Panduit Cable Tie, 120 lb",Panduit,PLT4H-TL0,Cable Tie,120 lb,HARDWARE-Panduit-PLT4H-TL0
"Panduit Cable Tie, 50 lb",Panduit,PLT4S-C0,Cable Tie,50 lb,HARDWARE-Panduit-PLT4S-C0
"Panduit Cable Tie, 14.5"", 50 lb, Pack of 1000",Panduit,PLT4S-M0,Cable Tie,"14.5"", 50 lb, Pack of 1000",HARDWARE-Panduit-PLT4S-M0
"Panduit Cable Tie, 12 in",Panduit,S12-40-C,Cable Tie,12 in,HARDWARE-Panduit-S12-40-C
"Panduit Cable Tie, 12 in",Panduit,S12-50-C0,Cable Tie,12 in,HARDWARE-Panduit-S12-50-C0
"Panduit Cable Tie, 50 lb",Panduit,S15-50-C0,Cable Tie,50 lb,HARDWARE-Panduit-S15-50-C0
"Panduit Cable Tie, 50 lb",Panduit,S15-50-M0,Cable Tie,50 lb,HARDWARE-Panduit-S15-50-M0
"Panduit Cable Tie, 50 lb",Panduit,S17-50-C0,Cable Tie,50 lb,HARDWARE-Panduit-S17-50-C0
"Panduit Cable Tie, 40 lb",Panduit,S8-40-C,Cable Tie,40 lb,HARDWARE-Panduit-S8-40-C
"Panduit Cable Tie, 40 lb",Panduit,S8-40-C0,Cable Tie,40 lb,HARDWARE-Panduit-S8-40-C0
"Peco Anchor Kit, #8",Peco,2368,Anchor Kit,#8,HARDWARE-Peco-2368
"Peco Self-Drilling Screw, #10 x 1-1/2 in",Peco,10X112HTJ,Self-Drilling Screw,#10 x 1-1/2 in,HARDWARE-Peco-10X112HTJ
"Peco Sheet Metal Screw, #10 x 1-1/2 in",Peco,10X112HWHSTSZJ,Sheet Metal Screw,#10 x 1-1/2 in,HARDWARE-Peco-10X112HWHSTSZJ
"Peco Self-Drilling Screw, #10 x 1 in",Peco,10X1HTJ,Self-Drilling Screw,#10 x 1 in,HARDWARE-Peco-10X1HTJ
"Peco Sheet Metal Screw, #10 x 2-1/2 in",Peco,10X212HWHSTSZJ,Sheet Metal Screw,#10 x 2-1/2 in,HARDWARE-Peco-10X212HWHSTSZJ
"Peco Sheet Metal Screw, #10 x 2 in",Peco,10X2HWHSTSZJ,Sheet Metal Screw,#10 x 2 in,HARDWARE-Peco-10X2HWHSTSZJ
"Peco Self-Drilling Screw, #10 x 3/4 in",Peco,10X34HTSS,Self-Drilling Screw,#10 x 3/4 in,HARDWARE-Peco-10X34HTSS
"Peco Sheet Metal Screw, #12 x 1-1/2 in",Peco,12X112HWHSTSZJ,Sheet Metal Screw,#12 x 1-1/2 in,HARDWARE-Peco-12X112HWHSTSZJ
"Peco Sheet Metal Screw, #12 x 1-1/4",Peco,12X114HWHSTSZJ,Sheet Metal Screw,#12 x 1-1/4,HARDWARE-Peco-12X114HWHSTSZJ
"Peco Flat Washer, 3/4 in",Peco,14FWUSSZJ,Flat Washer,3/4 in,HARDWARE-Peco-14FWUSSZJ
"Peco Fender Washer, 1/4 x 1",Peco,14X1FWZJ,Fender Washer,1/4 x 1,HARDWARE-Peco-14X1FWZJ
"Peco Concrete Screw, 3/16 x 1-1/4 in",Peco,3802J,Concrete Screw,3/16 x 1-1/4 in,HARDWARE-Peco-3802J
"Peco Concrete Screw, 1/4 x 1-1/4 in",Peco,3902J,Concrete Screw,1/4 x 1-1/4 in,HARDWARE-Peco-3902J
"Peco Concrete Screw, 1/4 x 2-1/4 in",Peco,3904J,Concrete Screw,1/4 x 2-1/4 in,HARDWARE-Peco-3904J
"Peco Concrete Screw, 1/4 x 3-1/4 in",Peco,3906J,Concrete Screw,1/4 x 3-1/4 in,HARDWARE-Peco-3906J
"Peco Anchor Kit, #10 x 1",Peco,8710E,Anchor Kit,#10 x 1,HARDWARE-Peco-8710E
"Peco Sheet Metal Screw, #8 x 1-1/2 in",Peco,8X112HWHSTSZJ,Sheet Metal Screw,#8 x 1-1/2 in,HARDWARE-Peco-8X112HWHSTSZJ
"Peco Self-Drilling Screw, #10 x 1 in",Peco,HHTS10X1,Self-Drilling Screw,#10 x 1 in,HARDWARE-Peco-HHTS10X1
"Peco Self-Drilling Screw, #10 x 1-1/4",Peco,HHTS10X114,Self-Drilling Screw,#10 x 1-1/4,HARDWARE-Peco-HHTS10X114
"PFC Lag Bolt, 5/16 x 3-1/2 in",PFC,01110-2532-400,Lag Bolt,5/16 x 3-1/2 in,HARDWARE-PFC-01110-2532-400
"PFC Lag Bolt, 5/16 x 4 in",PFC,01110-2540-400,Lag Bolt,5/16 x 4 in,HARDWARE-PFC-01110-2540-400
"Powers Fasteners Anchor Screw, 1-1/4 in",Powers Fasteners,02316-PWR,Anchor Screw,1-1/4 in,HARDWARE-Powers-Fasteners-02316-PWR
"Powers Fasteners Anchor Kit, #8 x 1",Powers Fasteners,02369Z-PWR,Anchor Kit,#8 x 1,HARDWARE-Powers-Fasteners-02369Z-PWR
"Powers Fasteners Nail Drive Anchor, 1/4 x 1 in",Powers Fasteners,02808-PWR,Nail Drive Anchor,1/4 x 1 in,HARDWARE-Powers-Fasteners-02808-PWR
"Powers Fasteners Fender Washer, 1/4 x 1 in",Powers Fasteners,046004J-PWR,Fender Washer,1/4 x 1 in,HARDWARE-Powers-Fasteners-046004J-PWR
"Powers Fasteners Self-Drilling Screw, #10-16 x 3/4 in",Powers Fasteners,135015J-PWR,Self-Drilling Screw,#10-16 x 3/4 in,HARDWARE-Powers-Fasteners-135015J-PWR
"Powers Fasteners Concrete Screw, 3/16 x 3/14 in",Powers Fasteners,2708SD-PWR,Concrete Screw,3/16 x 3/14 in,HARDWARE-Powers-Fasteners-2708SD-PWR
"Powers Fasteners Wedge Anchor, 1/4 x 1-3/4 in",Powers Fasteners,7400SD1-PWR,Wedge Anchor,1/4 x 1-3/4 in,HARDWARE-Powers-Fasteners-7400SD1-PWR
"Powers Fasteners Wedge Anchor, 3/8 x 5 in",Powers Fasteners,7416SD1-PWR,Wedge Anchor,3/8 x 5 in,HARDWARE-Powers-Fasteners-7416SD1-PWR
"Powers Fasteners Concrete Screw, 3/16 x 1-3/4 in",Powers Fasteners,DFM12702,Concrete Screw,3/16 x 1-3/4 in,HARDWARE-Powers-Fasteners-DFM12702
"Powers Fasteners Concrete Screw, 1/4 x 3-3/4 in",Powers Fasteners,DFM12730,Concrete Screw,1/4 x 3-3/4 in,HARDWARE-Powers-Fasteners-DFM12730
"Powers Fasteners Concrete Screw, 1/4 x 1-3/4 in",Powers Fasteners,J2722SD-PWR,Concrete Screw,1/4 x 1-3/4 in,HARDWARE-Powers-Fasteners-J2722SD-PWR
"Power-Strut Square Washer, 1/4 in",Power-Strut,PS 619 1/4,Square Washer,1/4 in,HARDWARE-Power-Strut-PS-619-1/4
"Power-Strut Square Washer, 3/8 in",Power-Strut,"PS 619 3/8""",Square Washer,3/8 in,"HARDWARE-Power-Strut-PS-619-3/8"""
"Power-Strut Spring Nut, 1/4 in",Power-Strut,PS-RS-1/4-EG,Spring Nut,1/4 in,HARDWARE-Power-Strut-PS-RS-1/4-EG
"Power-Strut Spring Nut, 3/8 in",Power-Strut,PS-RS-3/8-EG,Spring Nut,3/8 in,HARDWARE-Power-Strut-PS-RS-3/8-EG
"S-5! Sheet Metal Screw, 1/4 x 5/16 in",S-5!,1667794,Sheet Metal Screw,1/4 x 5/16 in,HARDWARE-S-5!-1667794
"S-5! Sheet Metal Screw, 3/8 x 1-1/2 in",S-5!,1/4-14X1-1/2-METAL-WOOD,Sheet Metal Screw,3/8 x 1-1/2 in,HARDWARE-S-5!-1/4-14X1-1/2-METAL-WOOD
"S-5! Sheet Metal Screw, #14 x 2 in",S-5!,S1420MM,Sheet Metal Screw,#14 x 2 in,HARDWARE-S-5!-S1420MM
"S-5! Machine Screw, T-30 Torx",S-5!,T-30 SET SCREWS,Machine Screw,T-30 Torx,HARDWARE-S-5!-T-30-SET-SCREWS
"SaberDrive Deck Screw, #9 x 2-1/2 in",SaberDrive,51818,Deck Screw,#9 x 2-1/2 in,HARDWARE-SaberDrive-51818
"Selecta Anchor Kit, 1/4 in",Selecta,PAK14,Anchor Kit,1/4 in,HARDWARE-Selecta-PAK14
"Simpson Framing Angle, A34",Simpson,A34-100,Framing Angle,A34,HARDWARE-Simpson-A34-100
"Simpson Nail Plate, 1-1/2 x 3 in",Simpson,NS1,Nail Plate,1-1/2 x 3 in,HARDWARE-Simpson-NS1
"SnapNrack Lag Bolt, 4 in",SnapNrack,242-92266,Lag Bolt,4 in,HARDWARE-SnapNrack-242-92266
"Stewart Fasteners Anchor Kit, #10",Stewart Fasteners,AK10B1H,Anchor Kit,#10,HARDWARE-Stewart-Fasteners-AK10B1H
"Strut Anchor Kit, #10",Strut,114ESS,Anchor Kit,#10,HARDWARE-Strut-114ESS
"Sturgeon Bay Plastic Staple, 3/4 in",Sturgeon Bay,RA-1566,Plastic Staple,3/4 in,HARDWARE-Sturgeon-Bay-RA-1566
"Sturgeon Bay Plastic Staple, 1/2 in",Sturgeon Bay,RA-1577,Plastic Staple,1/2 in,HARDWARE-Sturgeon-Bay-RA-1577
"Sturgeon Bay Plastic Staple, 3/4 in",Sturgeon Bay,RA-1640R,Plastic Staple,3/4 in,HARDWARE-Sturgeon-Bay-RA-1640R
"Sturgeon Bay Plastic Staple, 5/8 in",Sturgeon Bay,RA-1650R,Plastic Staple,5/8 in,HARDWARE-Sturgeon-Bay-RA-1650R
"Sturgeon Bay Plastic Staple, 3/4 x 1-3/8 in",Sturgeon Bay,RA-1710,Plastic Staple,3/4 x 1-3/8 in,HARDWARE-Sturgeon-Bay-RA-1710
"Sturgeon Bay Plastic Staple, 6/3",Sturgeon Bay,UF-2050,Plastic Staple,3-Jun,HARDWARE-Sturgeon-Bay-UF-2050
"Tacoma Screw Fender Washer, 1/4 x 1-1/4 in",Tacoma Screw,070-002-1,Fender Washer,1/4 x 1-1/4 in,HARDWARE-Tacoma-Screw-070-002-1
"Tacoma Screw Fender Washer, 1/4 x 1 in",Tacoma Screw,070-008-1,Fender Washer,1/4 x 1 in,HARDWARE-Tacoma-Screw-070-008-1
"Tacoma Screw Bonded Sealing Washer, #14 x 5/8 in",Tacoma Screw,070-403-1,Bonded Sealing Washer,#14 x 5/8 in,HARDWARE-Tacoma-Screw-070-403-1
"Tacoma Screw Roof Insulation Screw, #12 x 8 in",Tacoma Screw,082-310-1,Roof Insulation Screw,#12 x 8 in,HARDWARE-Tacoma-Screw-082-310-1
"Tacoma Screw Self-Drilling Screw, #12-14 x 3 in",Tacoma Screw,083-A08-2,Self-Drilling Screw,#12-14 x 3 in,HARDWARE-Tacoma-Screw-083-A08-2
"Tacoma Screw Self-Drilling Screw, 1/4-14 x 2 in",Tacoma Screw,083-B06-2,Self-Drilling Screw,1/4-14 x 2 in,HARDWARE-Tacoma-Screw-083-B06-2
"Tacoma Screw Self-Drilling Screw, 1/4-14 x 3 in",Tacoma Screw,083-B08-2,Self-Drilling Screw,1/4-14 x 3 in,HARDWARE-Tacoma-Screw-083-B08-2
"Tacoma Screw Bonded Sealing Washer, #14 x 5/8 in",Tacoma Screw,130-406-1,Bonded Sealing Washer,#14 x 5/8 in,HARDWARE-Tacoma-Screw-130-406-1
"Tacoma Screw Sheet Metal Screw, #14 x 1 in",Tacoma Screw,131-826-1,Sheet Metal Screw,#14 x 1 in,HARDWARE-Tacoma-Screw-131-826-1
"Tacoma Screw Self-Drilling Screw, #12-14 x 3/4 in",Tacoma Screw,132-516-1,Self-Drilling Screw,#12-14 x 3/4 in,HARDWARE-Tacoma-Screw-132-516-1
"Tacoma Screw Self-Drilling Screw, #14 x 1 in",Tacoma Screw,132-521-1,Self-Drilling Screw,#14 x 1 in,HARDWARE-Tacoma-Screw-132-521-1
"Tapcon Concrete Screw, 1/4 x 3-1/4 in",Tapcon,24391,Concrete Screw,1/4 x 3-1/4 in,HARDWARE-Tapcon-24391
"Teks Self Drilling Screw, #12 x 1-1/4 in",Teks,1167253,Self Drilling Screw,#12 x 1-1/4 in,HARDWARE-Teks-1167253
"Teks Self-Drilling Screw, #8 x 3/4 in",Teks,21524,Self-Drilling Screw,#8 x 3/4 in,HARDWARE-Teks-21524
"Thiel Staple, 5/8 in",Thiel,11251,Staple,5/8 in,HARDWARE-Thiel-11251
"Thiel Staple, 1/2 in",Thiel,1100-1,Staple,1/2 in,HARDWARE-Thiel-1100-1
"Thiel Staple, 1 x 1/2 in",Thiel,1100-5,Staple,1 x 1/2 in,HARDWARE-Thiel-1100-5
"Thiel Staple, 1-1/4 x 9/16 in",Thiel,1125-1,Staple,1-1/4 x 9/16 in,HARDWARE-Thiel-1125-1
"Thiel Staple, 1-1/4  x9/16 in",Thiel,1125-5,Staple,1-1/4  x9/16 in,HARDWARE-Thiel-1125-5
"Thiel Staple, 1 x 1/2 in",Thiel,1125-PB5M,Staple,1 x 1/2 in,HARDWARE-Thiel-1125-PB5M
"Thiel Staple, 3/4 x 1-5/16 in",Thiel,1150-1,Staple,3/4 x 1-5/16 in,HARDWARE-Thiel-1150-1
"Thomas & Betts Spring Nut, 1/4 in",Thomas & Betts,A100-1/4,Spring Nut,1/4 in,HARDWARE-Thomas-&-Betts-A100-1/4
"Thomas & Betts Spring Nut, 3/8 in",Thomas & Betts,A100-3/8,Spring Nut,3/8 in,HARDWARE-Thomas-&-Betts-A100-3/8
"Thomas & Betts Channel Nut, 3/8 in",Thomas & Betts,AB100-3/8,Channel Nut,3/8 in,HARDWARE-Thomas-&-Betts-AB100-3/8
"Thomas & Betts Square Washer, 3/8 in",Thomas & Betts,AB241-1/2EG,Square Washer,3/8 in,HARDWARE-Thomas-&-Betts-AB241-1/2EG
"Thomas & Betts Square Washer, 1/4 in",Thomas & Betts,AB241M 1/4 EG,Square Washer,1/4 in,HARDWARE-Thomas-&-Betts-AB241M-1/4-EG
"Thomas & Betts Nail Plate, 1-3/8 in",Thomas & Betts,CP-1,Nail Plate,1-3/8 in,HARDWARE-Thomas-&-Betts-CP-1
"Thomas & Betts Cable Tie, 11 in",Thomas & Betts,L-11-50-0-C,Cable Tie,11 in,HARDWARE-Thomas-&-Betts-L-11-50-0-C
"Thomas & Betts Cable Tie, 50 lb",Thomas & Betts,L-11-50-0-D,Cable Tie,50 lb,HARDWARE-Thomas-&-Betts-L-11-50-0-D
"Thomas & Betts Cable Tie, 50 lb",Thomas & Betts,L-11-50-9-C,Cable Tie,50 lb,HARDWARE-Thomas-&-Betts-L-11-50-9-C
"Thomas & Betts Cable Tie, 50 lb",Thomas & Betts,L-11-50-9-D,Cable Tie,50 lb,HARDWARE-Thomas-&-Betts-L-11-50-9-D
"Thomas & Betts Cable Tie, 14 in",Thomas & Betts,L-14-120-0-C,Cable Tie,14 in,HARDWARE-Thomas-&-Betts-L-14-120-0-C
"Thomas & Betts Cable Tie, 14 in",Thomas & Betts,L-14-50-0-C,Cable Tie,14 in,HARDWARE-Thomas-&-Betts-L-14-50-0-C
"Thomas & Betts Cable Tie, 50 lb",Thomas & Betts,L-14-50-0-D,Cable Tie,50 lb,HARDWARE-Thomas-&-Betts-L-14-50-0-D
"Thomas & Betts Cable Tie, 18 in",Thomas & Betts,L-18-120-0-L,Cable Tie,18 in,HARDWARE-Thomas-&-Betts-L-18-120-0-L
"Thomas & Betts Cable Tie, 7.5 in",Thomas & Betts,L-7-50-9-C,Cable Tie,7.5 in,HARDWARE-Thomas-&-Betts-L-7-50-9-C
"Thomas & Betts Cable Tie Mount, 1-1/4 x 1-1/4 in",Thomas & Betts,TC5345A,Cable Tie Mount,1-1/4 x 1-1/4 in,HARDWARE-Thomas-&-Betts-TC5345A
"Thomas & Betts Cable Tie, 50 lb",Thomas & Betts,TY253MX,Cable Tie,50 lb,HARDWARE-Thomas-&-Betts-TY253MX
"Thomas & Betts Cable Tie, 7.31 in",Thomas & Betts,TY25MX,Cable Tie,7.31 in,HARDWARE-Thomas-&-Betts-TY25MX
"Thomas & Betts Cable Tie, 60 lb",Thomas & Betts,TY26MX,Cable Tie,60 lb,HARDWARE-Thomas-&-Betts-TY26MX
"Thomas & Betts Cable Tie, 18 in",Thomas & Betts,TY275MX,Cable Tie,18 in,HARDWARE-Thomas-&-Betts-TY275MX
"Thomas & Betts Cable Tie, 18 lb",Thomas & Betts,TY27MX,Cable Tie,18 lb,HARDWARE-Thomas-&-Betts-TY27MX
"Thomas & Betts Cable Tie, 50 lb",Thomas & Betts,TY28MX,Cable Tie,50 lb,HARDWARE-Thomas-&-Betts-TY28MX
"Thomas & Betts Cable Tie, 8 in",Thomas & Betts,TY5232MX,Cable Tie,8 in,HARDWARE-Thomas-&-Betts-TY5232MX
"Thomas & Betts Cable Tie, 18 lb",Thomas & Betts,TY523MX,Cable Tie,18 lb,HARDWARE-Thomas-&-Betts-TY523MX
"Thomas & Betts Cable Tie, 30 lb",Thomas & Betts,TY5244MX,Cable Tie,30 lb,HARDWARE-Thomas-&-Betts-TY5244MX
"Thomas & Betts Cable Tie, 30 lb",Thomas & Betts,TY524MX,Cable Tie,30 lb,HARDWARE-Thomas-&-Betts-TY524MX
"Thomas & Betts Cable Tie, 11 in",Thomas & Betts,TY5253MX,Cable Tie,11 in,HARDWARE-Thomas-&-Betts-TY5253MX
"Thomas & Betts Cable Tie, 50 lb",Thomas & Betts,TY525M,Cable Tie,50 lb,HARDWARE-Thomas-&-Betts-TY525M
"Thomas & Betts Cable Tie, 50 lb",Thomas & Betts,TY525MX,Cable Tie,50 lb,HARDWARE-Thomas-&-Betts-TY525MX
"Thomas & Betts Cable Tie, 50 lb",Thomas & Betts,TY526M,Cable Tie,50 lb,HARDWARE-Thomas-&-Betts-TY526M
"Thomas & Betts Cable Tie, 11.1 in",Thomas & Betts,TY526MX,Cable Tie,11.1 in,HARDWARE-Thomas-&-Betts-TY526MX
"Thomas & Betts Cable Tie, 120 lb",Thomas & Betts,TY5272MX,Cable Tie,120 lb,HARDWARE-Thomas-&-Betts-TY5272MX
"Thomas & Betts Cable Tie, 120 lb",Thomas & Betts,TY5275MX,Cable Tie,120 lb,HARDWARE-Thomas-&-Betts-TY5275MX
"Thomas & Betts Cable Tie, 13 in",Thomas & Betts,TY527M,Cable Tie,13 in,HARDWARE-Thomas-&-Betts-TY527M
"Thomas & Betts Cable Tie, 13.4 in",Thomas & Betts,TY527MX,Cable Tie,13.4 in,HARDWARE-Thomas-&-Betts-TY527MX
"Thomas & Betts Cable Tie, 50 lb",Thomas & Betts,TY528M,Cable Tie,50 lb,HARDWARE-Thomas-&-Betts-TY528M
"Thomas & Betts Cable Tie, 14.2 in",Thomas & Betts,TY528MX,Cable Tie,14.2 in,HARDWARE-Thomas-&-Betts-TY528MX
"Thomas & Betts Cable Tie, 7.8 in",Thomas & Betts,TY535M,Cable Tie,7.8 in,HARDWARE-Thomas-&-Betts-TY535M
"Thomas & Betts Cable Tie, 7.8 in",Thomas & Betts,TY535MX,Cable Tie,7.8 in,HARDWARE-Thomas-&-Betts-TY535MX
"Topaz Staple, #14-12",Topaz,184I,Staple,#14-12,HARDWARE-Topaz-184I
"Topaz Cable Tie, 11 in",Topaz,BT1150,Cable Tie,11 in,HARDWARE-Topaz-BT1150
"Topaz Cable Tie, 14 in",Topaz,BT1450,Cable Tie,14 in,HARDWARE-Topaz-BT1450
"Unirac Self-Drilling Screw, #14-3 in",Unirac,003251W,Self-Drilling Screw,#14-3 in,HARDWARE-Unirac-003251W
"Unirac Hex Nut, 5/16 in-18",Unirac,ES10325,Hex Nut,5/16 in-18,HARDWARE-Unirac-ES10325
"Unistrut Spring Nut, 1/4 in",Unistrut,P1006-1420,Spring Nut,1/4 in,HARDWARE-Unistrut-P1006-1420
"Unistrut Spring Nut, 1/4 in",Unistrut,P10061420EG,Spring Nut,1/4 in,HARDWARE-Unistrut-P10061420EG
"Unistrut Spring Nut, 3/8 in",Unistrut,P1008EG,Spring Nut,3/8 in,HARDWARE-Unistrut-P1008EG
"Unistrut Square Washer, 3/8 in",Unistrut,P1063EG,Square Washer,3/8 in,HARDWARE-Unistrut-P1063EG
"Viking Staple, 1-1/4 x 9/16 in",Viking,125 P1,Staple,1-1/4 x 9/16 in,HARDWARE-Viking-125-P1
"Viking Staple, 1-1/4 in",Viking,125 P5,Staple,1-1/4 in,HARDWARE-Viking-125-P5
"Viking Staple, 2-1/2 x 1-7/8 in",Viking,151 P1,Staple,2-1/2 x 1-7/8 in,HARDWARE-Viking-151-P1
"Viking Staple, 4/0 SER",Viking,151-P1,Staple,4/0 SER,HARDWARE-Viking-151-P1
"Viking Staple, 1 x 1/2 in",Viking,C703603,Staple,1 x 1/2 in,HARDWARE-Viking-C703603
"Viking Staple, 9/16 x 1-1/4 in",Viking,C704071,Staple,9/16 x 1-1/4 in,HARDWARE-Viking-C704071
"Viking Staple, 9/16 x 1-1/4 in",Viking,C704148,Staple,9/16 x 1-1/4 in,HARDWARE-Viking-C704148
"Viking Staple, 6/3",Viking,C704254,Staple,3-Jun,HARDWARE-Viking-C704254
"Viking Staple, #141",Viking,C704304,Staple,#141,HARDWARE-Viking-C704304
