Description,Manufacturer,Part Number,Inverter Accessory Type,BRSID
Enphase Branch Aggregator,Enphase,Q-BA-3-1P-60,Branch Aggregator,INVERTER-ACCESSORY-Enphase-Q-BA-3-1P-60
APsystems Cable Disconnect Tool,APsystems,2352000001_Y,Cable Disconnect Tool,INVERTER-ACCESSORY-APsystems-2352000001_Y
Enphase Cable Disconnect Tool,Enphase,ET-DISC-05,Cable Disconnect Tool,INVERTER-ACCESSORY-Enphase-ET-DISC-05
Duracell Cable Disconnect Tool,Duracell,PC-T-TOOL,Cable Disconnect Tool,INVERTER-ACCESSORY-Duracell-PC-T-TOOL
Enphase Cable Disconnect Tool,Enphase,Q-DISC-10,Cable Disconnect Tool,INVERTER-ACCESSORY-Enphase-Q-DISC-10
"Enphase Cable Splice, For M Series Microinverters",Enphase,ET-SPLK-05,Cable Splice,INVERTER-ACCESSORY-Enphase-ET-SPLK-05
"SolaDeck DC Pass Through Kit, 2-String, 600V",SolaDeck,01602,DC Pass Through Kit,INVERTER-ACCESSORY-SolaDeck-01602
"Staubli MC4 Branch Connector, 2 Male, 1 Female",Staubli,PV-AZS4,MC4 Branch Connector,INVERTER-ACCESSORY-Staubli-PV-AZS4
"Staubli MC4 Connector, Female",Staubli,32.0014P0001-UR,MC4 Connector,INVERTER-ACCESSORY-Staubli-32.0014P0001-UR
"Staubli MC4 Connector, Male",Staubli,32.0015P0001-UR,MC4 Connector,INVERTER-ACCESSORY-Staubli-32.0015P0001-UR
"Staubli MC4 Connector, Female",Staubli,32.0016P0001-UR,MC4 Connector,INVERTER-ACCESSORY-Staubli-32.0016P0001-UR
"Staubli MC4 Connector, Female",Staubli,32.0016P2000-UR,MC4 Connector,INVERTER-ACCESSORY-Staubli-32.0016P2000-UR
"Staubli MC4 Connector, Male",Staubli,32.0017P0001-UR,MC4 Connector,INVERTER-ACCESSORY-Staubli-32.0017P0001-UR
"Staubli MC4 Connector, Male",Staubli,32.0017P2000-UR,MC4 Connector,INVERTER-ACCESSORY-Staubli-32.0017P2000-UR
"QC-Solar MC4 Connector, Female",QC-Solar,CA-H616006-16,MC4 Connector,INVERTER-ACCESSORY-QC-Solar-CA-H616006-16
"QC-Solar MC4 Connector, Male",QC-Solar,CA-H629006-15,MC4 Connector,INVERTER-ACCESSORY-QC-Solar-CA-H629006-15
"Cicuit Assembly MC4 Connector, Female",Cicuit Assembly,H61900616,MC4 Connector,INVERTER-ACCESSORY-Cicuit-Assembly-H61900616
"Cicuit Assembly MC4 Connector, Female",Cicuit Assembly,H619006-16,MC4 Connector,INVERTER-ACCESSORY-Cicuit-Assembly-H619006-16
"Cicuit Assembly MC4 Connector, Male",Cicuit Assembly,H62900615,MC4 Connector,INVERTER-ACCESSORY-Cicuit-Assembly-H62900615
"Cicuit Assembly MC4 Connector, Male",Cicuit Assembly,H629006-15,MC4 Connector,INVERTER-ACCESSORY-Cicuit-Assembly-H629006-15
"Staubli MC4 Connector, Female",Staubli,MC4 FEMALE,MC4 Connector,INVERTER-ACCESSORY-Staubli-MC4-FEMALE
"Staubli MC4 Connector, Female",Staubli,MC4 MALE,MC4 Connector,INVERTER-ACCESSORY-Staubli-MC4-MALE
Staubli MC4 Jumper,Staubli,59014726-0046UL,MC4 Jumper,INVERTER-ACCESSORY-Staubli-59014726-0046UL
Staubli MC4 Tool,Staubli,32.6024,MC4 Tool,INVERTER-ACCESSORY-Staubli-32.6024
Cicuit Assembly MC4 Tool,Cicuit Assembly,CA-AESL-T2,MC4 Tool,INVERTER-ACCESSORY-Cicuit-Assembly-CA-AESL-T2
"Staubli PV Connector, Female",Staubli,32.0094-UR,PV Connector,INVERTER-ACCESSORY-Staubli-32.0094-UR
"Staubli PV Connector, Male",Staubli,32.0095-UR,PV Connector,INVERTER-ACCESSORY-Staubli-32.0095-UR
"Staubli PV Connector, Female",Staubli,32.0792-UR,PV Connector,INVERTER-ACCESSORY-Staubli-32.0792-UR
"Staubli PV Connector, Male",Staubli,32.0793-UR,PV Connector,INVERTER-ACCESSORY-Staubli-32.0793-UR
Enphase PV Connector,Enphase,EXTRA MC4 ATTACHMENT,PV Connector,INVERTER-ACCESSORY-Enphase-EXTRA-MC4-ATTACHMENT
Enphase PV Connector,Enphase,IQ7 CONNECTOR,PV Connector,INVERTER-ACCESSORY-Enphase-IQ7-CONNECTOR
"Enphase PV Connector, Female",Enphase,Q-CONN-10F,PV Connector,INVERTER-ACCESSORY-Enphase-Q-CONN-10F
"Enphase PV Connector, Male",Enphase,Q-CONN-10M,PV Connector,INVERTER-ACCESSORY-Enphase-Q-CONN-10M
"Unknown Pv Connector Extension, 18 in",Unknown,(MC4) 44.0002,Pv Connector Extension,INVERTER-ACCESSORY-Unknown-(MC4)-44.0002
"Tesla Rapid Shutdown Device, Gen 2",Tesla,1550379-00-X,Rapid Shutdown Device,INVERTER-ACCESSORY-Tesla-1550379-00-X
"Tesla Rapid Shutdown Device, MCI-1",Tesla,MCI-1,Rapid Shutdown Device,INVERTER-ACCESSORY-Tesla-MCI-1
"Tesla Rapid Shutdown Device, MCI-2",Tesla,MCI-2,Rapid Shutdown Device,INVERTER-ACCESSORY-Tesla-MCI-2
"Enphase Replacement DC Adapter, IQ Cable to MC4",Enphase,Q-DCC-2,Replacement DC Adapter,INVERTER-ACCESSORY-Enphase-Q-DCC-2
"Enphase Replacement DC Adapter, IQ Cable to MC4",Enphase,Q-DCC-5,Replacement DC Adapter,INVERTER-ACCESSORY-Enphase-Q-DCC-5
"Enphase Sealing Cap, For M Series Microinverters",Enphase,ET-SEAL-10,Sealing Cap,INVERTER-ACCESSORY-Enphase-ET-SEAL-10
"Enphase Sealing Cap, Male",Enphase,Q-BA-CAP-10,Sealing Cap,INVERTER-ACCESSORY-Enphase-Q-BA-CAP-10
"Enphase Sealing Cap, Female",Enphase,Q-SEAL-10,Sealing Cap,INVERTER-ACCESSORY-Enphase-Q-SEAL-10
Enphase Terminator Cap,Enphase,Q-TERM-10,Terminator Cap,INVERTER-ACCESSORY-Enphase-Q-TERM-10
"Enphase IQ Cable, Landscape, 72 Cell, 2.0m",Enphase,Q-12-20-200,IQ Cable,INVERTER-ACCESSORY-Enphase-Q-12-20-200
"Enphase QD Cable, Commercial, Landscape, 2.4m",Enphase,QD-12-20-120,QD Cable,INVERTER-ACCESSORY-Enphase-QD-12-20-120
"Enphase IQ Cable, Landscape, 60 Cell, 2.0m",Enphase,Q-12-17-240,IQ Cable,INVERTER-ACCESSORY-Enphase-Q-12-17-240
"Enphase IQ Cable, Portrait, 60 Cell, 1.3m",Enphase,Q-12-10-240,IQ Cable,INVERTER-ACCESSORY-Enphase-Q-12-10-240
"Enphase IQ Cable, Raw, 300m, 12 AWG",Enphase,Q-12-RAW-300,IQ Cable,INVERTER-ACCESSORY-Enphase-Q-12-RAW-300
