Description,Manufacturer,Part Number,Junction Box Designation,BRSID
"Arlington Junction Box, 12x12x4, NEMA 3R, Door Cover, Gray PVC, Knockouts",Arlington,EB1212BP,12x12x4-PVC-Junction-Box,JUNCTION-BOX-Arlington-EB1212BP
"Cantex Junction Box, 8x8x6, NEMA 3R, Screw Cover, Gray PVC, No Knockouts",Cantex,5133164,8x8x6-PVC-Junction-Box,JUNCTION-BOX-Cantex-5133164
"Cantex Junction Box, 6x6x4, NEMA 3R, Screw Cover, Gray PVC, No Knockouts",Cantex,5133710,6x6x4-PVC-Junction-Box,JUNCTION-BOX-Cantex-5133710
"Cantex Junction Box, 6x6x6, NEMA 3R, Screw Cover, Gray PVC, No Knockouts",Cantex,5133711,6x6x6-PVC-Junction-Box,JUNCTION-BOX-Cantex-5133711
"Cantex Junction Box, 8x8x4, NEMA 3R, Screw Cover, Gray PVC, No Knockouts",Cantex,5133712,8x8x4-PVC-Junction-Box,JUNCTION-BOX-Cantex-5133712
"Cantex Junction Box, 4x4x2, NEMA 6P, Screw Cover, Gray PVC, No Knockouts",Cantex,5133705,4x4x2-PVC-Junction-Box,JUNCTION-BOX-Cantex-5133705
"Cantex Junction Box, 4x4x4, NEMA 6P, Screw Cover, Gray PVC, No Knockouts",Cantex,5133709,4x4x4-PVC-Junction-Box,JUNCTION-BOX-Cantex-5133709
"Cantex Junction Box, 12x12x6, NEMA 6P, Screw Cover, Gray PVC, No Knockouts",Cantex,5133713,12x12x6-PVC-Junction-Box,JUNCTION-BOX-Cantex-5133713
"Cantex Junction Box, 12x12x4, NEMA 6P, Screw Cover, Gray PVC, No Knockouts",Cantex,5133714,12x12x4-PVC-Junction-Box,JUNCTION-BOX-Cantex-5133714
"Eaton B-Line Junction Box, 10x10x4, NEMA 1, Screw Cover, Metallic, Painted, No Knockouts",Eaton,10104 SC NK,10x10x4-Metallic-Indoor-Junction-Box,JUNCTION-BOX-Eaton-10104-SC-NK
"Eaton B-Line Junction Box, 10x10x6, NEMA 3R, Screw Cover, Metallic, Painted, No Knockouts",Eaton,10106 RTSC NK,10x10x6-Metallic-Outdoor-Junction-Box,JUNCTION-BOX-Eaton-10106-RTSC-NK
"Eaton B-Line Junction Box, 10x10x6, NEMA 1, Screw Cover, Metallic, Painted, No Knockouts",Eaton,10106 SC NK,10x10x6-Metallic-Indoor-Junction-Box,JUNCTION-BOX-Eaton-10106-SC-NK
"Eaton B-Line Junction Box, 12x12x4, NEMA 3R, Screw Cover, Metallic, Painted, No Knockouts",Eaton,12124 RTSC NK,12x12x4-Metallic-Outdoor-Junction-Box,JUNCTION-BOX-Eaton-12124-RTSC-NK
"Eaton B-Line Junction Box, 12x12x4, NEMA 1, Screw Cover, Metallic, Painted, No Knockouts",Eaton,12124 SC NK,12x12x4-Metallic-Indoor-Junction-Box,JUNCTION-BOX-Eaton-12124-SC-NK
"Eaton B-Line Junction Box, 10x10x6, NEMA 3R, Screw Cover, Metallic, Painted, No Knockouts",Eaton,12126 RTSC,10x10x6-Metallic-Outdoor-Junction-Box,JUNCTION-BOX-Eaton-12126-RTSC
"Eaton B-Line Junction Box, 10x10x6, NEMA 3R, Screw Cover, Metallic, Painted, Knockouts",Eaton,12126 RTSC NK,12x12x6-Metallic-Indoor-Junction-Box,JUNCTION-BOX-Eaton-12126-RTSC-NK
"Eaton B-Line Junction Box, 12x12x6, NEMA 1, Screw Cover, Metallic, Painted, No Knockouts",Eaton,12126 SC NK,12x12x6-Metallic-Indoor-Junction-Box,JUNCTION-BOX-Eaton-12126-SC-NK
"Eaton B-Line Junction Box, 18x18x6, NEMA 3R, Screw Cover, Metallic, Painted, No Knockouts",Eaton,18186 RTSC NK,18x18x6-Metallic-Outdoor-Junction-Box,JUNCTION-BOX-Eaton-18186-RTSC-NK
"Eaton B-Line Junction Box, 6x6x4, NEMA 3R, Screw Cover, Metallic, Painted, Knockouts",Eaton,664 RTSC,6x6x4-Metallic-Outdoor-Junction-Box,JUNCTION-BOX-Eaton-664-RTSC
"Eaton B-Line Junction Box, 6x6x4, NEMA 3R, Screw Cover, Metallic, Painted, No Knockouts",Eaton,664 RTSC NK,6x6x4-Metallic-Outdoor-Junction-Box,JUNCTION-BOX-Eaton-664-RTSC-NK
"Eaton B-Line Junction Box, 6x6x4, NEMA 1, Screw Cover, Metallic, Painted, Knockouts",Eaton,664 SC,6x6x6-Metallic-Indoor-Junction-Box,JUNCTION-BOX-Eaton-664-SC
"Eaton B-Line Junction Box, 6x6x4, NEMA 1, Screw Cover, Metallic, Painted, No Knockouts",Eaton,664 SC NK,6x6x4-Metallic-Indoor-Junction-Box,JUNCTION-BOX-Eaton-664-SC-NK
"Eaton B-Line Junction Box, 6x6x4, NEMA 3R, Screw Cover, Metallic, Painted, Knockouts",Eaton,666 RTSC,6x6x6-Metallic-Outdoor-Junction-Box,JUNCTION-BOX-Eaton-666-RTSC
"Eaton B-Line Junction Box, 6x6x6, NEMA 1, Screw Cover, Metallic, Painted, No Knockouts",Eaton,666 SC NK,6x6x6-Metallic-Indoor-Junction-Box,JUNCTION-BOX-Eaton-666-SC-NK
"Eaton B-Line Junction Box, 8x8x4, NEMA 3R, Screw Cover, Metallic, Painted, No Knockouts",Eaton,884 RTSC NK,8x8x4-Metallic-Outdoor-Junction-Box,JUNCTION-BOX-Eaton-884-RTSC-NK
"Eaton B-Line Junction Box, 8x8x6, NEMA 3R, Screw Cover, Metallic, Painted, No Knockouts",Eaton,886 RTSC NK,8x8x6-Metallic-Outdoor-Junction-Box,JUNCTION-BOX-Eaton-886-RTSC-NK
"E-Box Enclosures Junction Box, 8x8x6, NEMA 3R, Screw Cover, Metallic, Painted, No Knockouts",E-Box Enclosures,886RBP,8x8x6-Metallic-Outdoor-Junction-Box,JUNCTION-BOX-E-Box-Enclosures-886RBP
Generic 4X4X4-PVC-JCT-BOX-W/CVR,Generic,4X4X4-PVC-JCT-BOX-W/CVR,4x4x4-PVC-Junction-Box,JUNCTION-BOX-Generic-4X4X4-PVC-JCT-BOX-W/CVR
Generic 6X6X4-PVC-JCT-BOX-W/CVR,Generic,6X6X4-PVC-JCT-BOX-W/CVR,6x6x4-PVC-Junction-Box,JUNCTION-BOX-Generic-6X6X4-PVC-JCT-BOX-W/CVR
Generic 6X6X6-PVC-JCT-BOX-W/CVR,Generic,6X6X6-PVC-JCT-BOX-W/CVR,6x6x6-PVC-Junction-Box,JUNCTION-BOX-Generic-6X6X6-PVC-JCT-BOX-W/CVR
Generic 12X12X4-PVC-JCT-BOX-W/CVR,Generic,12X12X4-PVC-JCT-BOX-W/CVR,12x12x4-Metallic-Outdoor-Junction-Box,JUNCTION-BOX-Generic-12X12X4-PVC-JCT-BOX-W/CVR
Generic 12X12X6-PVC-JCT-BOX-W/CVR,Generic,12X12X6-PVC-JCT-BOX-W/CVR,12x12x6-Metallic-Indoor-Junction-Box,JUNCTION-BOX-Generic-12X12X6-PVC-JCT-BOX-W/CVR
Generic 4X4X2-PVC-JCT-BOX-W/CVR,Generic,4X4X2-PVC-JCT-BOX-W/CVR,4x4x2-PVC-Junction-Box,JUNCTION-BOX-Generic-4X4X2-PVC-JCT-BOX-W/CVR
Generic 4X4X6-PVC-JCT-BOX-W/CVR,Generic,4X4X6-PVC-JCT-BOX-W/CVR,4x4x6-PVC-Junction-Box,JUNCTION-BOX-Generic-4X4X6-PVC-JCT-BOX-W/CVR
"Hammond Junction Box, 12x12x6, NEMA 3R, Screw Cover, Painted, No Knockouts",Hammond,C3R12126SCNKO,12x12x6-Metallic-Outdoor-Junction-Box,JUNCTION-BOX-Hammond-C3R12126SCNKO
"Hammond Junction Box, 12x12x6, NEMA 1, Screw Cover, Painted, Knockouts",Hammond,CS12126,12x12x6-Metallic-Indoor-Junction-Box,JUNCTION-BOX-Hammond-CS12126
"Hammond Junction Box, 6x6x6, NEMA 1, Screw Cover, Painted, Knockouts",Hammond,CS666,6x6x6-Metallic-Indoor-Junction-Box,JUNCTION-BOX-Hammond-CS666
"Hoffman Junction Box, 10x10x4, NEMA 3R, Screw Cover, Metallic, Painted, No Knockouts",Hoffman,A10R104NK,10x10x4-Metallic-Outdoor-Junction-Box,JUNCTION-BOX-Hoffman-A10R104NK
"Hoffman Junction Box, 12x12x6, NEMA 3R, Screw Cover, Metallic, Cover Gasket, No Knockouts",Hoffman,A12126GSC,12x12x6-Metallic-Outdoor-Junction-Box,JUNCTION-BOX-Hoffman-A12126GSC
"Hoffman Junction Box, 12x12x4, NEMA 3R, Screw Cover, Metallic, Painted, No Knockouts",Hoffman,A12R124NK,12x12x4-Metallic-Outdoor-Junction-Box,JUNCTION-BOX-Hoffman-A12R124NK
"Hoffman Junction Box, 12x12x6, NEMA 3R, Screw Cover, Metallic, Door Cover, Knockouts",Hoffman,A12R126GV,12x12x6-Metallic-Outdoor-Junction-Box,JUNCTION-BOX-Hoffman-A12R126GV
"Hoffman Junction Box, 16x12x6, NEMA 3R, Screw Cover, Metallic, Painted, No Knockouts",Hoffman,A16R126NK,16x12x6-Metallic-Outdoor-Junction-Box,JUNCTION-BOX-Hoffman-A16R126NK
"Hoffman Junction Box, 18x18x6, NEMA 3R, Screw Cover, Metallic, Painted, No Knockouts",Hoffman,A18R186NK,18x18x6-Metallic-Outdoor-Junction-Box,JUNCTION-BOX-Hoffman-A18R186NK
"Hoffman Junction Box, 24x24x6, NEMA 3R, Screw Cover, Metallic, Painted, No Knockouts",Hoffman,A24R246NK,24x24x6-Metallic-Outdoor-Junction-Box,JUNCTION-BOX-Hoffman-A24R246NK
"Hoffman Junction Box, 4x4x4, NEMA 3R, Screw Cover with Door, Metallic, Knockouts",Hoffman,A4R44GV,4x4x4-Metallic-Outdoor-Junction-Box,JUNCTION-BOX-Hoffman-A4R44GV
"Hoffman Junction Box, 6x6x4, NEMA 3R, Continuous Hinge with Clamps, Foam Gasket",Hoffman,A6044CHNFSS,6x6x4-Metallic-Outdoor-Junction-Box,JUNCTION-BOX-Hoffman-A6044CHNFSS
"Hoffman Junction Box, 6x6x4, NEMA 3R, Continuous Hinge with Clamps, Gasket, Lock Kit",Hoffman,A606CH,6x6x4-Metallic-Outdoor-Junction-Box,JUNCTION-BOX-Hoffman-A606CH
"Hoffman Junction Box, 6x6x4, NEMA 3R, Door Cover with Screws, Knockouts",Hoffman,A6R64,6x6x4-Metallic-Outdoor-Junction-Box,JUNCTION-BOX-Hoffman-A6R64
"Hoffman Junction Box, 6x6x4, NEMA 3R, Door Cover with Screws, No Knockouts",Hoffman,A6R64NK,6x6x4-Metallic-Outdoor-Junction-Box,JUNCTION-BOX-Hoffman-A6R64NK
"Hoffman Junction Box, 6x6x6, NEMA 3R, Screw Cover, Metallic, Door Cover, Knockouts",Hoffman,A6R66GV,6x6x6-Metallic-Outdoor-Junction-Box,JUNCTION-BOX-Hoffman-A6R66GV
"Hoffman Junction Box, 6x6x6, NEMA 3R, Door Cover with Screws, No Knockouts",Hoffman,A6R66NK,6x6x6-Metallic-Outdoor-Junction-Box,JUNCTION-BOX-Hoffman-A6R66NK
"Hoffman Junction Box, 8x8x4, NEMA 3R, Door Cover with Screws, Knockouts",Hoffman,A8R84,8x8x4-Metallic-Indoor-Junction-Box,JUNCTION-BOX-Hoffman-A8R84
"Hoffman Junction Box, 8x8x4, NEMA 3R, Door Cover with Screws, No Knockouts",Hoffman,A8R84NK,8x8x4-Metallic-Indoor-Junction-Box,JUNCTION-BOX-Hoffman-A8R84NK
"Hoffman Junction Box, 8x8x6, NEMA 3R, Door Cover with Screws, No Knockouts",Hoffman,A8R86NK,8x8x6-Metallic-Indoor-Junction-Box,JUNCTION-BOX-Hoffman-A8R86NK
"Hoffman Junction Box, 4x4x4, NEMA 1, Screw Cover, Metallic, Knockouts",Hoffman,ASG4X4X4NK,4x4x4-Metallic-Indoor-Junction-Box,JUNCTION-BOX-Hoffman-ASG4X4X4NK
"IPEX Junction Box, 4x4x4, NEMA 3R, Screw Cover, Gray PVC, No Knockouts",IPEX,77696,4x4x4-PVC-Junction-Box,JUNCTION-BOX-IPEX-77696
"IPEX Junction Box, 6x6x4, NEMA 3R, Screw Cover, Gray PVC, No Knockouts",IPEX,77697,6x6x4-PVC-Junction-Box,JUNCTION-BOX-IPEX-77697
"IPEX Junction Box, 4x4x4, NEMA 3R, Screw Cover, Gray PVC, No Knockouts",IPEX,277001,4x4x4-PVC-Junction-Box,JUNCTION-BOX-IPEX-277001
"IPEX Junction Box, 5x5x2, NEMA 3R, Screw Cover, Gray PVC, No Knockouts",IPEX,277002,5x5x2-PVC-Junction-Box,JUNCTION-BOX-IPEX-277002
"IPEX Junction Box, 6x6x4, NEMA 3R, Screw Cover, Gray PVC, No Knockouts",IPEX,277004,6x6x4-PVC-Junction-Box,JUNCTION-BOX-IPEX-277004
"IPEX Junction Box, 6x6x6, NEMA 3R, Screw Cover, Gray PVC, No Knockouts",IPEX,277005,6x6x6-PVC-Junction-Box,JUNCTION-BOX-IPEX-277005
"IPEX Junction Box, 8x8x4, NEMA 3R, Screw Cover, Gray PVC, No Knockouts",IPEX,277006,8x8x4-PVC-Junction-Box,JUNCTION-BOX-IPEX-277006
"IPEX Junction Box, 8x8x7, NEMA 3R, Screw Cover, Gray PVC, No Knockouts",IPEX,277007,8x8x7-PVC-Junction-Box,JUNCTION-BOX-IPEX-277007
"IPEX Junction Box, 4x4x2, NEMA 3R, Screw Cover, Gray PVC, No Knockouts",IPEX,077659,4x4x2-PVC-Junction-Box,JUNCTION-BOX-IPEX-077659
"IPEX Junction Box, 4x4x4, NEMA 3R, Screw Cover, Gray PVC, No Knockouts",IPEX,077696,4x4x4-PVC-Junction-Box,JUNCTION-BOX-IPEX-077696
"IPEX Junction Box, 4x4x2, NEMA 3R, PVC, Integrated Gasket, No Knockouts",IPEX,277000,4x4x2-PVC-Junction-Box,JUNCTION-BOX-IPEX-277000
"IPEX Junction Box, 4x4x4, NEMA 3R, PVC, Integrated Gasket, No Knockouts",IPEX,277001,4x4x4-PVC-Junction-Box,JUNCTION-BOX-IPEX-277001
"IPEX Junction Box, 12x12x4, NEMA 3R, PVC, Integrated Gasket, No Knockouts",IPEX,277008,12x12x4-PVC-Junction-Box,JUNCTION-BOX-IPEX-277008
"IPEX Junction Box, 12x12x6, NEMA 3R, PVC, Integrated Gasket, No Knockouts",IPEX,277009,12x12x6-PVC-Junction-Box,JUNCTION-BOX-IPEX-277009
"IPEX Junction Box, 16x16x10, NEMA 3R, PVC, Integrated Gasket, No Knockouts",IPEX,277013,16x16x10-PVC-Junction-Box,JUNCTION-BOX-IPEX-277013
"IPEX Junction Box, 4x4x4, NEMA 3R, Screw Cover, Gray PVC, No Knockouts",IPEX,JB444,4x4x4-PVC-Junction-Box,JUNCTION-BOX-IPEX-JB444
"IPEX Junction Box, 8x8x4, NEMA 3R, Screw Cover, Gray PVC, No Knockouts",IPEX,JB884,8x8x4-PVC-Junction-Box,JUNCTION-BOX-IPEX-JB884
"Kraloy Junction Box,12x12x4, NEMA 3R, PVC, Screw Cover, Neoprene Gasket, 278308",Kraloy,JBX12124,12x12x4-PVC-Junction-Box,JUNCTION-BOX-Kraloy-JBX12124
"Kraloy Junction Box, 12x12x6, NEMA 3R, Mounting Feet Cover, Gray PVC, No Knockouts",Kraloy,JBX12126,12x12x6-PVC-Junction-Box,JUNCTION-BOX-Kraloy-JBX12126
"Kraloy Junction Box,12x12x6, NEMA 3R, PVC, Screw Cover, Neoprene Gasket, 278309",Kraloy,JBX12126,12x12x6-PVC-Junction-Box,JUNCTION-BOX-Kraloy-JBX12126
"Kraloy Junction Box, 4x4x2, NEMA 3R, PVC, Screw Cover, Neoprene Gasket, 278300",Kraloy,JBX442,4x4x2-PVC-Junction-Box,JUNCTION-BOX-Kraloy-JBX442
"Kraloy Junction Box, 4x4x4, NEMA 3R, PVC, Screw Cover, Neoprene Gasket, 278301",Kraloy,JBX444,4x4x4-PVC-Junction-Box,JUNCTION-BOX-Kraloy-JBX444
"Kraloy Junction Box, 6x6x4, NEMA 3R, Mounting Feet Cover, Gray PVC, No Knockouts",Kraloy,JBX664,6x6x4-PVC-Junction-Box,JUNCTION-BOX-Kraloy-JBX664
"Kraloy Junction Box, 6x6x6, NEMA 3R, Mounting Feet Cover, Gray PVC, No Knockouts",Kraloy,JBX666,6x6x6-PVC-Junction-Box,JUNCTION-BOX-Kraloy-JBX666
"Kraloy Junction Box, 8x8x4, NEMA 3R, Mounting Feet Cover, Gray PVC, No Knockouts",Kraloy,JBX884,8x8x4-PVC-Junction-Box,JUNCTION-BOX-Kraloy-JBX884
"Kraloy Junction Box, 8x8x7, NEMA 3R, Mounting Feet Cover, Gray PVC, No Knockouts",Kraloy,JBX887,8x8x7-PVC-Junction-Box,JUNCTION-BOX-Kraloy-JBX887
"Milbank Junction Box, 10x10x6, NEMA 1, Screw Cover, Metallic, Painted, No Knockouts",Milbank,10106-SC1-NK,10x10x6-Metallic-Indoor-Junction-Box,JUNCTION-BOX-Milbank-10106-SC1-NK
"Milbank Junction Box, 12x12x6, NEMA 1, Screw Cover, Metallic, Painted, No Knockouts",Milbank,12126 SC1 NK,12x12x6-Metallic-Indoor-Junction-Box,JUNCTION-BOX-Milbank-12126-SC1-NK
"Milbank Junction Box, 16x16x4, NEMA 1, Screw Cover, Metallic, Painted, Knockouts",Milbank,16164 SC1,16x16x4-Metallic-Indoor-Junction-Box,JUNCTION-BOX-Milbank-16164-SC1
"Milbank Junction Box, 16x16x4, NEMA 1, Screw Cover, Metallic, Painted, No Knockouts",Milbank,16164 SC1 NK,16x16x4-Metallic-Indoor-Junction-Box,JUNCTION-BOX-Milbank-16164-SC1-NK
"Milbank Junction Box, 6x6x6, NEMA 3R, Screw Cover, Metallic, Painted, Knockouts",Milbank,666-SC3R,6x6x6-Metallic-Outdoor-Junction-Box,JUNCTION-BOX-Milbank-666-SC3R
"Thomas & Betts Junction Box, 4x4x4, NEMA 3R, Screw Cover, Gray PVC, No Knockouts",Thomas & Betts,E987N,4x4x4-PVC-Junction-Box,JUNCTION-BOX-Thomas-&-Betts-E987N
"Thomas & Betts Junction Box, 6x6x4, NEMA 3R, Screw Cover, Gray PVC, No Knockouts",Thomas & Betts,E987R,6x6x4-PVC-Junction-Box,JUNCTION-BOX-Thomas-&-Betts-E987R
"Thomas & Betts Junction Box, 8x8x4, NEMA 3R, Screw Cover, Gray PVC, No Knockouts",Thomas & Betts,E989N-CAR,8x8x4-PVC-Junction-Box,JUNCTION-BOX-Thomas-&-Betts-E989N-CAR
"Thomas & Betts Junction Box, 4x4x2, NEMA 3R, Screw Cover, Gray PVC, No Knockouts",Thomas & Betts,E989NNJ,4x4x2-PVC-Junction-Box,JUNCTION-BOX-Thomas-&-Betts-E989NNJ
"Thomas & Betts Junction Box, 4x4x2, NEMA 3R, Screw Cover, Gray PVC, No Knockouts",Thomas & Betts,E989NNJ-CAR,4x4x2-PVC-Junction-Box,JUNCTION-BOX-Thomas-&-Betts-E989NNJ-CAR
"Thomas & Betts Junction Box, 12x12x6, NEMA 6P, Screw Cover, Gray PVC, No Knockouts",Thomas & Betts,E989R-UPC,12x12x6-PVC-Junction-Box,JUNCTION-BOX-Thomas-&-Betts-E989R-UPC
"Topaz Junction Box, 8x8x6, NEMA 3R, Screw Cover, Gray PVC, No Knockouts",Topaz,1228,8x8x6-PVC-Junction-Box,JUNCTION-BOX-Topaz-1228
"Weigmann Junction Box, 12x12x6, NEMA 3R, Door Cover With Screws, Painted, Knockouts",Weigmann,RHC121206,12x12x6-Metallic-Outdoor-Junction-Box,JUNCTION-BOX-Weigmann-RHC121206
"Weigmann Junction Box, 4x4x4, NEMA 3R, Door Cover With Screws, Painted, Knockouts",Wiegmann,RSC040404,4x4x4-Metallic-Outdoor-Junction-Box,JUNCTION-BOX-Wiegmann-RSC040404
"Weigmann Junction Box, 6x6x4, NEMA 3R, Door Cover With Screws, Painted, Knockouts",Wiegmann,RSC060604,6x6x4-Metallic-Outdoor-Junction-Box,JUNCTION-BOX-Wiegmann-RSC060604
"Weigmann Junction Box, 6x6x4, NEMA 3R, Screw Cover, Painted, Knockouts",Wiegmann,RSC060604NK,6x6x4-Metallic-Outdoor-Junction-Box,JUNCTION-BOX-Wiegmann-RSC060604NK
"Weigmann Junction Box, 8x8x4, NEMA 3R, Screw Cover, Painted, Knockouts",Wiegmann,RSC080804,8x8x4-Metallic-Outdoor-Junction-Box,JUNCTION-BOX-Wiegmann-RSC080804
"Weigmann Junction Box, 8x8x4, NEMA 3R, Screw Cover, Painted, No Knockouts",Wiegmann,RSC080804NK,8x8x4-Metallic-Outdoor-Junction-Box,JUNCTION-BOX-Wiegmann-RSC080804NK
"Weigmann Junction Box, 8x8x6, NEMA 3R, Screw Cover, Painted, Knockouts",Wiegmann,RSC080806,8x8x6-Metallic-Outdoor-Junction-Box,JUNCTION-BOX-Wiegmann-RSC080806
"Weigmann Junction Box, 8x8x6, NEMA 3R, Screw Cover, Painted, No Knockouts",Wiegmann,RSC080806NK,8x8x6-Metallic-Outdoor-Junction-Box,JUNCTION-BOX-Wiegmann-RSC080806NK
"Wiegmann Junction Box, 10x10x4, NEMA 3R, Screw Cover, Painted, Knockouts",Wiegmann,RSC101004,10x10x4-Metallic-Outdoor-Junction-Box,JUNCTION-BOX-Wiegmann-RSC101004
"Wiegmann Junction Box, 12x12x4, NEMA 3R, Screw Cover, Painted, No Knockouts",Wiegmann,RSC121204NK,12x12x4-Metallic-Outdoor-Junction-Box,JUNCTION-BOX-Wiegmann-RSC121204NK
"Wiegmann Junction Box, 12x12x6, NEMA 3R, Screw Cover, Painted, No Knockouts",Wiegmann,RSC121206NK,12x12x6-Metallic-Outdoor-Junction-Box,JUNCTION-BOX-Wiegmann-RSC121206NK
"Wiegmann Junction Box, 18x18x6, NEMA 3R, Screw Cover, Painted, No Knockouts",Wiegmann,RSC181806NK,18x18x6-Metallic-Outdoor-Junction-Box,JUNCTION-BOX-Wiegmann-RSC181806NK
"Wiegmann Junction Box, 24x24x12, NEMA 3R, Screw Cover, Painted, No Knockouts",Wiegmann,RSC242412,24x24x12-Metallic-Outdoor-Junction-Box,JUNCTION-BOX-Wiegmann-RSC242412
"Wiegmann Junction Box, 4x4x4, NEMA 1, Screw Cover, Painted, No Knockouts",Wiegmann,SC040404NK,4x4x4-Metallic-Outdoor-Junction-Box,JUNCTION-BOX-Wiegmann-SC040404NK
"Wiegmann Junction Box, 6x6x4, NEMA 1, Screw Cover, Painted, No Knockouts",Wiegmann,SC060604NK,6x6x4-Metallic-Outdoor-Junction-Box,JUNCTION-BOX-Wiegmann-SC060604NK
"Wiegmann Junction Box, 8x8x4, NEMA 1, Screw Cover, Painted, No Knockouts",Wiegmann,SC080804NK,8x8x4-Metallic-Outdoor-Junction-Box,JUNCTION-BOX-Wiegmann-SC080804NK
"Wiegmann Junction Box, 10x10x6, NEMA 1, Screw Cover, Painted, No Knockouts",Wiegmann,SC101006NK,10x10x6-Metallic-Outdoor-Junction-Box,JUNCTION-BOX-Wiegmann-SC101006NK
"Wiegmann Junction Box, 12x12x4, NEMA 1, Screw Cover, Painted, No Knockouts",Wiegmann,SC121204NK,12x12x4-Metallic-Outdoor-Junction-Box,JUNCTION-BOX-Wiegmann-SC121204NK
"Wiegmann Junction Box, 12x12x6, NEMA 1, Screw Cover, Painted, No Knockouts",Wiegmann,SC121206NK,12x12x6-Metallic-Indoor-Junction-Box,JUNCTION-BOX-Wiegmann-SC121206NK
"Wiegmann Junction Box, 24x24x6, NEMA 1, Screw Cover, Painted, No Knockouts",Wiegmann,SC242406NK,24x24x6-Metallic-Outdoor-Junction-Box,JUNCTION-BOX-Wiegmann-SC242406NK
