Description,Manufacturer,Part Number,Load Center Accessory Type,BRSID
"Allied Moulded Hole Seal, 1/2 in, Polycarbonate, Light Gray",Allied Moulded,AMHS050,Hole Seal,LOAD-CENTER-ACCESSORY-Allied-Moulded-AMHS050
"Allied Moulded Hole Seal, 3/4 in, Polycarbonate, Light Gray",Allied Moulded,AMHS075,Hole Seal,LOAD-CENTER-ACCESSORY-Allied-Moulded-AMHS075
"Allied Moulded Hole Seal, 1 in, Polycarbonate, Light Gray",Allied Moulded,AMHS100,Hole Seal,LOAD-CENTER-ACCESSORY-Allied-Moulded-AMHS100
"Allied Moulded Hole Seal, 1-1/4 in, Polycarbonate, Light Gray",Allied Moulded,AMHS125,Hole Seal,LOAD-CENTER-ACCESSORY-Allied-Moulded-AMHS125
"Allied Moulded Hole Seal, 1-1/2 in, Polycarbonate, Light Gray",Allied Moulded,AMHS150,Hole Seal,LOAD-CENTER-ACCESSORY-Allied-Moulded-AMHS150
"Allied Moulded Hole Seal, 2 in, Polycarbonate, Light Gray",Allied Moulded,AMHS200,Hole Seal,LOAD-CENTER-ACCESSORY-Allied-Moulded-AMHS200
"Appleton Conduit Hub, 1 in",Appleton,HUB100DN,Conduit Hub,LOAD-CENTER-ACCESSORY-Appleton-HUB100DN
"Appleton Conduit Hub, 2 in",Appleton,HUB200DN,Conduit Hub,LOAD-CENTER-ACCESSORY-Appleton-HUB200DN
"Appleton Knockout Seal, 1 in",Appleton,KO-100,Knockout Seal,LOAD-CENTER-ACCESSORY-Appleton-KO-100
"Appleton Knockout Seal, 2 in",Appleton,KO-200,Knockout Seal,LOAD-CENTER-ACCESSORY-Appleton-KO-200
"Appleton Knockout Seal, 1/2 in",Appleton,KO-50,Knockout Seal,LOAD-CENTER-ACCESSORY-Appleton-KO-50
"Appleton Knockout Seal, 3/4 in",Appleton,KO-75,Knockout Seal,LOAD-CENTER-ACCESSORY-Appleton-KO-75
"Arlington Snap-In Knockout Seal, 1/2 in, Steel",Arlington,900,Knockout Seal,LOAD-CENTER-ACCESSORY-Arlington-900
"Arlington Snap-In Knockout Seal, 3/4 in, Steel",Arlington,901,Knockout Seal,LOAD-CENTER-ACCESSORY-Arlington-901
"Arlington Snap-In Knockout Seal, 1 in, Steel",Arlington,902,Knockout Seal,LOAD-CENTER-ACCESSORY-Arlington-902
"Arlington Snap-In Knockout Seal, 1-1/4 in, Steel",Arlington,903,Knockout Seal,LOAD-CENTER-ACCESSORY-Arlington-903
"Arlington Snap-In Knockout Seal, 1-1/2 in, Steel",Arlington,904,Knockout Seal,LOAD-CENTER-ACCESSORY-Arlington-904
"Arlington Snap-In Knockout Seal, 2 in, Steel",Arlington,905,Knockout Seal,LOAD-CENTER-ACCESSORY-Arlington-905
"Arlington Knockout Insulating Bushing, 1/2 in, Snap-In, Plastic",Arlington,4400,Knockout Insulating Bushing,LOAD-CENTER-ACCESSORY-Arlington-4400
"Arlington Knockout Insulating Bushing, 3/4 in, Snap-In, Plastic",Arlington,4401,Knockout Insulating Bushing,LOAD-CENTER-ACCESSORY-Arlington-4401
"Arlington Knockout Insulating Bushing, 1 in, Snap-In, Plastic",Arlington,4402,Knockout Insulating Bushing,LOAD-CENTER-ACCESSORY-Arlington-4402
"Arlington Knockout Insulating Bushing, 1-1/4 in, Snap-In, Plastic",Arlington,4403,Knockout Insulating Bushing,LOAD-CENTER-ACCESSORY-Arlington-4403
"Arlington Knockout Insulating Bushing, 1-1/2 in, Snap-In, Plastic",Arlington,4404,Knockout Insulating Bushing,LOAD-CENTER-ACCESSORY-Arlington-4404
"Arlington Knockout Insulating Bushing, 2 in, Snap-In, Plastic",Arlington,4405,Knockout Insulating Bushing,LOAD-CENTER-ACCESSORY-Arlington-4405
"Arlington Snap-In Knockout Seal, 1/2 in, Non-Metallic",Arlington,NM900,Knockout Seal,LOAD-CENTER-ACCESSORY-Arlington-NM900
"Arlington Snap-In Knockout Seal, 3/4 in, Non-Metallic",Arlington,NM901,Knockout Seal,LOAD-CENTER-ACCESSORY-Arlington-NM901
"Arlington Snap-In Knockout Seal, 1 in, Non-Metallic",Arlington,NM902,Knockout Seal,LOAD-CENTER-ACCESSORY-Arlington-NM902
"Arlington Snap-In Knockout Seal, 1-1/4 in, Non-Metallic",Arlington,NM903,Knockout Seal,LOAD-CENTER-ACCESSORY-Arlington-NM903
"Arlington Snap-In Knockout Seal, 1-1/2 in, Non-Metallic",Arlington,NM904,Knockout Seal,LOAD-CENTER-ACCESSORY-Arlington-NM904
"Arlington Snap-In Knockout Seal, 2 in, Non-Metallic",Arlington,NM905,Knockout Seal,LOAD-CENTER-ACCESSORY-Arlington-NM905
"Arlington Conduit Hub, 1/2 in",Arlington,WH1,Conduit Hub,LOAD-CENTER-ACCESSORY-Arlington-WH1
"Arlington Conduit Hub, 3/4 in",Arlington,WH2,Conduit Hub,LOAD-CENTER-ACCESSORY-Arlington-WH2
"Arlington Conduit Hub, 1 in",Arlington,WH3,Conduit Hub,LOAD-CENTER-ACCESSORY-Arlington-WH3
"Arlington Conduit Hub, 1-1/4 in",Arlington,WH4,Conduit Hub,LOAD-CENTER-ACCESSORY-Arlington-WH4
"Arlington Conduit Hub, 1-1/2 in",Arlington,WH5,Conduit Hub,LOAD-CENTER-ACCESSORY-Arlington-WH5
"Arlington Conduit Hub, 2 in",Arlington,WH6,Conduit Hub,LOAD-CENTER-ACCESSORY-Arlington-WH6
"Austin Electrical Enclosures Oil Tight Hole Seal, 1/2 in",Austin Electrical Enclosures,AB-050HS,Hole Seal,LOAD-CENTER-ACCESSORY-Austin-Electrical-Enclosures-AB-050HS
"Austin Electrical Enclosures Oil Tight Hole Seal, 3/4 in",Austin Electrical Enclosures,AB-075HS,Hole Seal,LOAD-CENTER-ACCESSORY-Austin-Electrical-Enclosures-AB-075HS
"Austin Electrical Enclosures Oil Tight Hole Seal, 1 in",Austin Electrical Enclosures,AB-100HS,Hole Seal,LOAD-CENTER-ACCESSORY-Austin-Electrical-Enclosures-AB-100HS
"Austin Electrical Enclosures Oil Tight Hole Seal, 1-1/4 in",Austin Electrical Enclosures,AB-125HS,Hole Seal,LOAD-CENTER-ACCESSORY-Austin-Electrical-Enclosures-AB-125HS
"Austin Electrical Enclosures Oil Tight Hole Seal, 1-1/2 in",Austin Electrical Enclosures,AB-150HS,Hole Seal,LOAD-CENTER-ACCESSORY-Austin-Electrical-Enclosures-AB-150HS
"Austin Electrical Enclosures Oil Tight Hole Seal, 2 in",Austin Electrical Enclosures,AB-200HS,Hole Seal,LOAD-CENTER-ACCESSORY-Austin-Electrical-Enclosures-AB-200HS
"Bridgeport Knockout Plug, 1/2 in, Steel",Bridgeport,1691,Knockout Seal,LOAD-CENTER-ACCESSORY-Bridgeport-1691
"Bridgeport Knockout Plug, 3/4 in, Steel",Bridgeport,1692,Knockout Seal,LOAD-CENTER-ACCESSORY-Bridgeport-1692
"Bridgeport Knockout Plug, 1 in, Steel",Bridgeport,1693,Knockout Seal,LOAD-CENTER-ACCESSORY-Bridgeport-1693
"Bridgeport Knockout Plug, 1-1/4 in, Steel",Bridgeport,1694,Knockout Seal,LOAD-CENTER-ACCESSORY-Bridgeport-1694
"Bridgeport Knockout Plug, 1-1/2 in, Steel",Bridgeport,1695,Knockout Seal,LOAD-CENTER-ACCESSORY-Bridgeport-1695
"Bridgeport Knockout Plug, 2 in, Steel",Bridgeport,1696,Knockout Seal,LOAD-CENTER-ACCESSORY-Bridgeport-1696
"Bridgeport Knockout Insulating Bushing, 1/2 in, Snap-In, Plastic",Bridgeport,9791,Knockout Insulating Bushing,LOAD-CENTER-ACCESSORY-Bridgeport-9791
"Bridgeport Knockout Insulating Bushing, 3/4 in, Snap-In, Plastic",Bridgeport,9792,Knockout Insulating Bushing,LOAD-CENTER-ACCESSORY-Bridgeport-9792
"Bridgeport Knockout Insulating Bushing, 1 in, Snap-In, Plastic",Bridgeport,9793,Knockout Insulating Bushing,LOAD-CENTER-ACCESSORY-Bridgeport-9793
"Bridgeport Knockout Insulating Bushing, 1-1/4 in, Snap-In, Plastic",Bridgeport,9794,Knockout Insulating Bushing,LOAD-CENTER-ACCESSORY-Bridgeport-9794
"Bridgeport Knockout Insulating Bushing, 1-1/2 in, Snap-In, Plastic",Bridgeport,9795,Knockout Insulating Bushing,LOAD-CENTER-ACCESSORY-Bridgeport-9795
"Bridgeport Knockout Insulating Bushing, 2 in, Snap-In, Plastic",Bridgeport,9796,Knockout Insulating Bushing,LOAD-CENTER-ACCESSORY-Bridgeport-9796
"Burndy Mechanical Lug, 4/0 awg t0 6 awg",Burndy,AMS4/0,Mechanical Lug,LOAD-CENTER-ACCESSORY-Burndy-AMS4/0
"Burndy Mechanical Lug, 6 awg to 300 kcmil",Burndy,K11A30U,Mechanical Lug,LOAD-CENTER-ACCESSORY-Burndy-K11A30U
"Burndy Mechanical Lug, 1/0-14 AWG, Dual Rated, 2 Terminal",Burndy,K2A25U,Mechanical Lug,LOAD-CENTER-ACCESSORY-Burndy-K2A25U
"Burndy Mechanical Lug, 2/0-14 AWG, Dual Rated, 2 Terminal",Burndy,K2A26U,Mechanical Lug,LOAD-CENTER-ACCESSORY-Burndy-K2A26U
"Burndy Mechanical Lug, 250-6 AWG, Dual Rated, 1 Terminal",Burndy,K2A29U,Mechanical Lug,LOAD-CENTER-ACCESSORY-Burndy-K2A29U
"Burndy Mechanical Lug, 2-14 AWG, Dual Rated, 3 Terminal",Burndy,K3A2U2,Mechanical Lug,LOAD-CENTER-ACCESSORY-Burndy-K3A2U2
"Burndy Mechanical Lug, 1/0-14 AWG, Dual Rated, 1 Terminal",Burndy,KA25U,Mechanical Lug,LOAD-CENTER-ACCESSORY-Burndy-KA25U
"Burndy Mechanical Lug, 2/0-14 AWG, Dual Rated, 1 Terminal",Burndy,KA26U,Mechanical Lug,LOAD-CENTER-ACCESSORY-Burndy-KA26U
"Burndy Mechanical Lug, 4/0-6 AWG, Dual Rated, 1 Terminal",Burndy,KA29U,Mechanical Lug,LOAD-CENTER-ACCESSORY-Burndy-KA29U
"Burndy Mechanical Lug, 14 awg to 2 awg",Burndy,KA2U,Mechanical Lug,LOAD-CENTER-ACCESSORY-Burndy-KA2U
"Burndy Mechanical Lug, 6 awg",Burndy,KA6U,Mechanical Lug,LOAD-CENTER-ACCESSORY-Burndy-KA6U
"Cully Snap-In Knockout Seal, 1/2 in, Steel",Cully,90020,Knockout Seal,LOAD-CENTER-ACCESSORY-Cully-90020
"Cully Snap-In Knockout Seal, 3/4 in, Steel",Cully,90024,Knockout Seal,LOAD-CENTER-ACCESSORY-Cully-90024
"Cully Snap-In Knockout Seal, 1 in, Steel",Cully,90028,Knockout Seal,LOAD-CENTER-ACCESSORY-Cully-90028
"Cully Snap-In Knockout Seal, 1-1/4 in, Steel",Cully,90032,Knockout Seal,LOAD-CENTER-ACCESSORY-Cully-90032
"Cully Snap-In Knockout Seal, 1-1/2 in, Steel",Cully,90036,Knockout Seal,LOAD-CENTER-ACCESSORY-Cully-90036
"Cully Snap-In Knockout Seal, 2 in, Steel",Cully,90040,Knockout Seal,LOAD-CENTER-ACCESSORY-Cully-90040
"Cully 3-Piece Knockout Seal, 1/2 in, Steel",Cully,90050,Knockout Seal,LOAD-CENTER-ACCESSORY-Cully-90050
"Cully 3-Piece Knockout Seal, 3/4 in, Steel",Cully,90052,Knockout Seal,LOAD-CENTER-ACCESSORY-Cully-90052
"Cully 3-Piece Knockout Seal, 1 in, Steel",Cully,90054,Knockout Seal,LOAD-CENTER-ACCESSORY-Cully-90054
"Cully 3-Piece Knockout Seal, 1-1/4 in, Steel",Cully,90056,Knockout Seal,LOAD-CENTER-ACCESSORY-Cully-90056
"Cully 3-Piece Knockout Seal, 1-1/2 in, Steel",Cully,90058,Knockout Seal,LOAD-CENTER-ACCESSORY-Cully-90058
"Cully 3-Piece Knockout Seal, 2 in, Steel",Cully,90060,Knockout Seal,LOAD-CENTER-ACCESSORY-Cully-90060
Cutler Hammer Hold Down Kit,Cutler Hammer,CH125RB,Hold-Down Kit,LOAD-CENTER-ACCESSORY-Cutler-Hammer-CH125RB
"Cutler Hammer Handle Tie, For Two Single-Pole CH Type Breakers",Cutler Hammer,CHHT,Handle Tie,LOAD-CENTER-ACCESSORY-Cutler-Hammer-CHHT
Eaton Cutler Hammer Retaining Bracket for Backfed Main Breaker,Cutler Hammer,CHPHD,Hold-Down Kit,LOAD-CENTER-ACCESSORY-Cutler-Hammer-CHPHD
Mechanical interlock kit for CH loadcenters with backfed main breaker,Cutler Hammer,CHPMIKCH,Mechanical Interlock Kit,LOAD-CENTER-ACCESSORY-Cutler-Hammer-CHPMIKCH
Mechanical interlock kit for CH loadcenters with Type CSR main breaker,Cutler Hammer,CHPMIKCSR,Mechanical Interlock Kit,LOAD-CENTER-ACCESSORY-Cutler-Hammer-CHPMIKCSR
"Eaton Cutler Hammer 24 Space Indoor Dead Front Cover, X2 Box Size",Cutler Hammer,CHPX2AF,Dead Front Cover,LOAD-CENTER-ACCESSORY-Cutler-Hammer-CHPX2AF
"Eaton Crouse-Hinds Knockout Plug, 1/2 in, Steel",Eaton,335,Knockout Seal,LOAD-CENTER-ACCESSORY-Eaton-335
"Eaton Crouse-Hinds Knockout Plug, 3/4 in, Steel",Eaton,336,Knockout Seal,LOAD-CENTER-ACCESSORY-Eaton-336
"Eaton Crouse-Hinds Knockout Plug, 1 in, Steel",Eaton,337,Knockout Seal,LOAD-CENTER-ACCESSORY-Eaton-337
"Eaton Crouse-Hinds Knockout Plug, 1-1/4 in, Steel",Eaton,338,Knockout Seal,LOAD-CENTER-ACCESSORY-Eaton-338
"Eaton Crouse-Hinds Knockout Plug, 1-1/2 in, Steel",Eaton,339,Knockout Seal,LOAD-CENTER-ACCESSORY-Eaton-339
"Eaton Crouse-Hinds Knockout Plug, 2 in, Steel",Eaton,340,Knockout Seal,LOAD-CENTER-ACCESSORY-Eaton-340
"Eaton Conduit Hub, 1-1/4 in",Eaton,ARP00004CH12,Conduit Hub,LOAD-CENTER-ACCESSORY-Eaton-ARP00004CH12
"Eaton Conduit Hub, 2 in",Eaton,ARP00006CH2,Conduit Hub,LOAD-CENTER-ACCESSORY-Eaton-ARP00006CH2
"Eaton Conduit Hub, 1 in",Eaton,AW100,Conduit Hub,LOAD-CENTER-ACCESSORY-Eaton-AW100
"Eaton Conduit Hub, 1-1/4 in",Eaton,AW125,Conduit Hub,LOAD-CENTER-ACCESSORY-Eaton-AW125
"Eaton Conduit Hub, 2 in",Eaton,AW200,Conduit Hub,LOAD-CENTER-ACCESSORY-Eaton-AW200
"Eaton Handle Tie Bar, For Adjacent BR Style Breakers ",Eaton,BHT,Handle Tie,LOAD-CENTER-ACCESSORY-Eaton-BHT
"Eaton Hold-Down Screw Kit, For BJ Type Breakers, 150–200 A",Eaton,BJHDS,Hold-Down Kit,LOAD-CENTER-ACCESSORY-Eaton-BJHDS
"Eaton Hold-Down Screw Kit, For MLO Loadcenters, 150–200 A",Eaton,BREQS125,Hold-Down Kit,LOAD-CENTER-ACCESSORY-Eaton-BREQS125
"Eaton Filler Plate Pack, for Eaton BR Load Centers",Eaton,BRFP,Filler Plate,LOAD-CENTER-ACCESSORY-Eaton-BRFP
"Eaton Hold-Down Screw Kit, For MLO Loadcenters, 150–200 A",Eaton,BRHDK125,Hold-Down Kit,LOAD-CENTER-ACCESSORY-Eaton-BRHDK125
Eaton Mechanical Interlock kit for BR loadcenters with backfed main,Eaton,BRMIKBR,Mechanical Interlock Kit,LOAD-CENTER-ACCESSORY-Eaton-BRMIKBR
Eaton Mechanical interlock kit for BR loadcenters with Type CSR main breaker,Eaton,BRMIKCSR,Mechanical Interlock Kit,LOAD-CENTER-ACCESSORY-Eaton-BRMIKCSR
"Eaton Mechanical Interlock Kit, Between Two BR Style Breakers",Eaton,BRML,Mechanical Interlock Kit,LOAD-CENTER-ACCESSORY-Eaton-BRML
Eaton Retaining Bracket for Backfed Main Breaker,Eaton,BRPHD,Hold-Down Kit,LOAD-CENTER-ACCESSORY-Eaton-BRPHD
Eaton Main Lug Kit for 200-225A Main Lug/Convertible Plug-On Neutral Load Centers,Eaton,BRPL200,Main Lug Kit,LOAD-CENTER-ACCESSORY-Eaton-BRPL200
Eaton Mechanical Interlock kit for BR Plug-on Neutral loadcenters with backfed main,Eaton,BRPMIKBR,Mechanical Interlock Kit,LOAD-CENTER-ACCESSORY-Eaton-BRPMIKBR
Mechanical interlock kit for BR Plug-on Neutral loadcenters with Type CSR main breaker,Eaton,BRPMIKCSR,Mechanical Interlock Kit,LOAD-CENTER-ACCESSORY-Eaton-BRPMIKCSR
"Eaton Sub Feed Lug Kit, 225A, 4-Space",Eaton,BRPSF225,Sub Feed Lug Kit,LOAD-CENTER-ACCESSORY-Eaton-BRPSF225
"Eaton Sub Feed Lug Kit, 125A, 2-Space",Eaton,BRSF125,Sub Feed Lug Kit,LOAD-CENTER-ACCESSORY-Eaton-BRSF125
"Eaton Hold-Down Kit for Cutler Hammer Tan Load Centers, Clamshell Packaging",Eaton,CH125RBCS,Hold-Down Kit,LOAD-CENTER-ACCESSORY-Eaton-CH125RBCS
"Eaton Conduit Hub, 3/4 in",Eaton,CHB2,Conduit Hub,LOAD-CENTER-ACCESSORY-Eaton-CHB2
"Eaton Conduit Hub, 1 in",Eaton,CHB3,Conduit Hub,LOAD-CENTER-ACCESSORY-Eaton-CHB3
"Eaton Conduit Hub, 1-1/4 in",Eaton,CHB4,Conduit Hub,LOAD-CENTER-ACCESSORY-Eaton-CHB4
"Eaton Conduit Hub, 2 in",Eaton,CHB6,Conduit Hub,LOAD-CENTER-ACCESSORY-Eaton-CHB6
"Eaton Filler Plate Pack, for Cutler Hammer Tan Load Centers",Eaton,CHFP,Filler Plate,LOAD-CENTER-ACCESSORY-Eaton-CHFP
"Eaton Cutler Hammer Sub Feed Lug Kit, 225A, 4-Space, for CH Loadcenters",Eaton,CHPSF225,Sub Feed Lug Kit,LOAD-CENTER-ACCESSORY-Eaton-CHPSF225
Eaton Cutler Hammer Dead Front Cover for Indoor Flush Mount 32 Space Load Center,Eaton,CHPX6BF,Dead Front Cover,LOAD-CENTER-ACCESSORY-Eaton-CHPX6BF
"Eaton Conduit Hub, 3/4 in, Rainproof, for Cutler Hammer 70-125A Loadcenters",Eaton,DS075H1,Conduit Hub,LOAD-CENTER-ACCESSORY-Eaton-DS075H1
"Eaton Conduit Hub, 1 in, Rainproof, for Cutler Hammer 70-125A Loadcenters",Eaton,DS100H1,Conduit Hub,LOAD-CENTER-ACCESSORY-Eaton-DS100H1
"Eaton Conduit Hub, 1-1/4 in, Rainproof, for Cutler Hammer 70-125A Loadcenters",Eaton,DS125H1,Conduit Hub,LOAD-CENTER-ACCESSORY-Eaton-DS125H1
"Eaton Conduit Hub, 1-1/4 in, Rainproof, for Cutler Hammer 150-225A Loadcenters",Eaton,DS125H2,Conduit Hub,LOAD-CENTER-ACCESSORY-Eaton-DS125H2
"Eaton Conduit Hub, 1-1/2 in",Eaton,DS150H1,Conduit Hub,LOAD-CENTER-ACCESSORY-Eaton-DS150H1
"Eaton Conduit Hub, 2 in, Rainproof, for Cutler Hammer 70-125A Loadcenters",Eaton,DS200H1,Conduit Hub,LOAD-CENTER-ACCESSORY-Eaton-DS200H1
"Eaton Conduit Hub, 2 in, Rainproof, for Cutler Hammer 150-225A Loadcenters",Eaton,DS200H2,Conduit Hub,LOAD-CENTER-ACCESSORY-Eaton-DS200H2
"Eaton Conduit Hub, 2-1/2 in, Rainproof, for Cutler Hammer 150-225A Loadcenters",Eaton,DS250H2,Conduit Hub,LOAD-CENTER-ACCESSORY-Eaton-DS250H2
"Eaton Mechanical Lug Kit for 300-400A House Panel, 1 Terminal, Set of 3",Eaton,HPBLK750,Mechanical Lug,LOAD-CENTER-ACCESSORY-Eaton-HPBLK750
"Eaton Trim Screw, 1 in",Eaton,LCCS,Trim Screw,LOAD-CENTER-ACCESSORY-Eaton-LCCS
"Eaton Neutral Lug, 2/0 Max",Eaton,NL20,Neutral Lug,LOAD-CENTER-ACCESSORY-Eaton-NL20
"Eaton Neutral Lug, 3/0 Max",Eaton,NL30,Neutral Lug,LOAD-CENTER-ACCESSORY-Eaton-NL30
"Eaton Neutral Lug, 300 kcmil Max",Eaton,NL300,Neutral Lug,LOAD-CENTER-ACCESSORY-Eaton-NL300
"Eaton Conduit Hub, 2 in, Square, Rainproof, Suitable for PRL4 fusible panelboards",Eaton,RH200P,Conduit Hub,LOAD-CENTER-ACCESSORY-Eaton-RH200P
"Eaton Conduit Hub, 3/4 in, Square, Rainproof, Suitable for PRL4 fusible panelboards",Eaton,RH75P,Conduit Hub,LOAD-CENTER-ACCESSORY-Eaton-RH75P
"Eaton Hole Seal, 1/2 in, Oil Tight",Eaton,S050,Hole Seal,LOAD-CENTER-ACCESSORY-Eaton-S050
"Eaton Hole Seal, 3/4 in, Oil Tight",Eaton,S075,Hole Seal,LOAD-CENTER-ACCESSORY-Eaton-S075
"Eaton Hole Seal, 1 in, Oil Tight",Eaton,S100,Hole Seal,LOAD-CENTER-ACCESSORY-Eaton-S100
"Eaton Hole Seal, 1-1/4 in, Oil Tight",Eaton,S125,Hole Seal,LOAD-CENTER-ACCESSORY-Eaton-S125
"Eaton Hole Seal, 1-1/2 in, Oil Tight",Eaton,S150,Hole Seal,LOAD-CENTER-ACCESSORY-Eaton-S150
"Eaton Hole Seal, 2 in, Oil Tight",Eaton,S200,Hole Seal,LOAD-CENTER-ACCESSORY-Eaton-S200
"Eaton Handle Tie Bar, Outside Poles, For BD/BQ/BQC Type Breakers",Eaton,THOW,Handle Tie,LOAD-CENTER-ACCESSORY-Eaton-THOW
"Eaton Handle Tie Bar, Adjacent Handles, For BD/BQ/BQC Type Breakers",Eaton,THS1,Handle Tie,LOAD-CENTER-ACCESSORY-Eaton-THS1
"Eaton Terminal Insulator Kit for Type CSR, CSH, BW, BWH Main Breakers",Eaton,TICSR300,Service Entrance Barrier,LOAD-CENTER-ACCESSORY-Eaton-TICSR300
"Eaton Busbar Terminal Cover, 3 pole",Eaton,ZV-BS-UL,Busbar Terminal Cover,LOAD-CENTER-ACCESSORY-Eaton-ZV-BS-UL
"E-Box Enclosures Oil Tight Hole Seal, 1 in",E-Box Enclosures,100HS,Hole Seal,LOAD-CENTER-ACCESSORY-E-Box-Enclosures-100HS
"E-Box Enclosures Oil Tight Hole Seal, 1-1/4 in",E-Box Enclosures,125HS,Hole Seal,LOAD-CENTER-ACCESSORY-E-Box-Enclosures-125HS
"E-Box Enclosures Oil Tight Hole Seal, 1-1/2 in",E-Box Enclosures,150HS,Hole Seal,LOAD-CENTER-ACCESSORY-E-Box-Enclosures-150HS
"E-Box Enclosures Oil Tight Hole Seal, 2 in",E-Box Enclosures,200HS,Hole Seal,LOAD-CENTER-ACCESSORY-E-Box-Enclosures-200HS
"E-Box Enclosures Oil Tight Hole Seal, 1/2 in",E-Box Enclosures,50HS,Hole Seal,LOAD-CENTER-ACCESSORY-E-Box-Enclosures-50HS
"E-Box Enclosures Oil Tight Hole Seal, 3/4 in",E-Box Enclosures,75HS,Hole Seal,LOAD-CENTER-ACCESSORY-E-Box-Enclosures-75HS
Enphase Hold-Down Kit for IQ System Contoller,Enphase,EP200G-NA-HD-200A,Hold-Down Kit,LOAD-CENTER-ACCESSORY-Enphase-EP200G-NA-HD-200A
Enphase Hold-Down Kit for IQ Combiner,Enphase,X-IQ-NA-HD-125A,Hold-Down Kit,LOAD-CENTER-ACCESSORY-Enphase-X-IQ-NA-HD-125A
"Gardner Bender Knockout Seal, 3/4 in",Gardner Bender,KO702,Knockout Seal,LOAD-CENTER-ACCESSORY-Gardner-Bender-KO702
"Garvin Conduit Hub, 1/2 in",Garvin,H50,Conduit Hub,LOAD-CENTER-ACCESSORY-Garvin-H50
"Garvin Conduit Hub, 3/4 in",Garvin,H75,Conduit Hub,LOAD-CENTER-ACCESSORY-Garvin-H75
"Garvin Knockout Seal, 1 in, Oil Tight",Garvin,KOS-100-OT,Hole Seal,LOAD-CENTER-ACCESSORY-Garvin-KOS-100-OT
"Garvin Knockout Seal, 1 in",Garvin,KOS-100-VT,Knockout Seal,LOAD-CENTER-ACCESSORY-Garvin-KOS-100-VT
"Garvin Knockout Seal, 1-1/4 in, Oil Tight",Garvin,KOS-125-OT,Hole Seal,LOAD-CENTER-ACCESSORY-Garvin-KOS-125-OT
"Garvin Knockout Seal, 1-1/2 in, Oil Tight",Garvin,KOS-150-OT,Hole Seal,LOAD-CENTER-ACCESSORY-Garvin-KOS-150-OT
"Garvin Knockout Seal, 2 in, Oil Tight",Garvin,KOS-200-OT,Hole Seal,LOAD-CENTER-ACCESSORY-Garvin-KOS-200-OT
"Garvin Knockout Seal, 1/2 in, Oil Tight",Garvin,KOS-50-OT,Hole Seal,LOAD-CENTER-ACCESSORY-Garvin-KOS-50-OT
"Garvin Knockout Seal, 3/4 in, Oil Tight",Garvin,KOS-75-OT,Hole Seal,LOAD-CENTER-ACCESSORY-Garvin-KOS-75-OT
"Garvin Knockout Seal, 3/4 in",Garvin,KOS-75-VT,Knockout Seal,LOAD-CENTER-ACCESSORY-Garvin-KOS-75-VT
"Garvin Knockout Seal, 1/2 in",Garvin,SNAP50,Knockout Seal,LOAD-CENTER-ACCESSORY-Garvin-SNAP50
"Garvin Knockout Seal, 3/4 in",Garvin,SNAP75,Knockout Seal,LOAD-CENTER-ACCESSORY-Garvin-SNAP75
"GE Conduit Hub, 1 in, Raintight, For Use with Powermark Gold and PLUS Load Centers",GE,TC100,Conduit Hub,LOAD-CENTER-ACCESSORY-GE-TC100
"GE Conduit Hub, 1-1/4 in",GE,TC125,Conduit Hub,LOAD-CENTER-ACCESSORY-GE-TC125
"GE Conduit Hub, 3/4 in",GE,TC75,Conduit Hub,LOAD-CENTER-ACCESSORY-GE-TC75
"GE Filler Plate, 1/2 Space",GE,TFH,Filler Plate,LOAD-CENTER-ACCESSORY-GE-TFH
"GE Neutral Lug, 2/0",GE,TGL20,Neutral Lug,LOAD-CENTER-ACCESSORY-GE-TGL20
"GE Sub Feed Lug Kit, 150a",GE,THLK2150,Sub Feed Lug Kit,LOAD-CENTER-ACCESSORY-GE-THLK2150
"GE Main Breaker Conversion Kit, Type THMB",GE,THMB000,Main Breaker Conversion Kit,LOAD-CENTER-ACCESSORY-GE-THMB000
GE THQL padlocking handle lock,GE,THP100,Breaker Lock,LOAD-CENTER-ACCESSORY-GE-THP100
"GE Retaining Kit for 12 - 42 circuit PowerMark PRO, Gold Load Centers and THQL Breakers",GE,THQLRK1,Hold-Down Kit,LOAD-CENTER-ACCESSORY-GE-THQLRK1
"GE Retaining Kit for 6-8 circuit PowerMark PRO, Gold Load Centers and THQL Breakers",GE,THQLRK2,Hold-Down Kit,LOAD-CENTER-ACCESSORY-GE-THQLRK2
GE Service Entrance Barrier,GE,THQLSB,Service Entrance Barrier,LOAD-CENTER-ACCESSORY-GE-THQLSB
"GE Handle Tie for THQP breakers, 1-pole",GE,THT1,Handle Tie,LOAD-CENTER-ACCESSORY-GE-THT1
"GE Handle Tie for THQP breakers, 2-pole",GE,THT2,Handle Tie,LOAD-CENTER-ACCESSORY-GE-THT2
"GE Fillter Plate, 1 in",GE,TQLFP1,Filler Plate,LOAD-CENTER-ACCESSORY-GE-TQLFP1
"GE Main Circuit Breaker Kit, For Use With THQL or THHQL main",GE,TQMH000,Main Breaker Kit,LOAD-CENTER-ACCESSORY-GE-TQMH000
Mechanical Interlock Kit for Eaton / Cutler Hammer 150-200 A CH panels Pre-2019,GenInterlock,CH200A,Mechanical Interlock Kit,LOAD-CENTER-ACCESSORY-GenInterlock-CH200A
,GenInterlock,FAC-BR100UL,Mechanical Interlock Kit,LOAD-CENTER-ACCESSORY-GenInterlock-FAC-BR100UL
,GenInterlock,TB200A,Mechanical Interlock Kit,LOAD-CENTER-ACCESSORY-GenInterlock-TB200A
"Hammond Hole Seal, 1 in, Oil Tight",Hammond,HP100,Hole Seal,LOAD-CENTER-ACCESSORY-Hammond-HP100
"Hammond Hole Seal, 1-1/4 in, Oil Tight",Hammond,HP125,Hole Seal,LOAD-CENTER-ACCESSORY-Hammond-HP125
"Hammond Hole Seal, 1-1/2 in, Oil Tight",Hammond,HP150,Hole Seal,LOAD-CENTER-ACCESSORY-Hammond-HP150
"Hammond Hole Seal, 2 in, Oil Tight",Hammond,HP200,Hole Seal,LOAD-CENTER-ACCESSORY-Hammond-HP200
"Hammond Hole Seal, 1/2 in, Oil Tight",Hammond,HP50,Hole Seal,LOAD-CENTER-ACCESSORY-Hammond-HP50
"Hammond Hole Seal, 3/4 in, Oil Tight",Hammond,HP75,Hole Seal,LOAD-CENTER-ACCESSORY-Hammond-HP75
"Hoffman Hole Seal, 1/2 in, Oil Tight, Steel",Hoffman,AS050,Hole Seal,LOAD-CENTER-ACCESSORY-Hoffman-AS050
"Hoffman Hole Seal, 3/4 in, Oil Tight, Steel",Hoffman,AS075,Hole Seal,LOAD-CENTER-ACCESSORY-Hoffman-AS075
"Hoffman Knockout Seal, 1/2 in",Hoffman,AS075SS,Knockout Seal,LOAD-CENTER-ACCESSORY-Hoffman-AS075SS
"Hoffman Hole Seal, 1 in, Oil Tight, Steel",Hoffman,AS100,Hole Seal,LOAD-CENTER-ACCESSORY-Hoffman-AS100
"Hoffman Hole Seal, 1-1/4 in, Oil Tight, Steel",Hoffman,AS125,Hole Seal,LOAD-CENTER-ACCESSORY-Hoffman-AS125
"Hoffman Hole Seal, 1-1/2 in, Oil Tight, Steel",Hoffman,AS150,Hole Seal,LOAD-CENTER-ACCESSORY-Hoffman-AS150
"Hoffman Hole Seal, 2 in, Oil Tight, Steel",Hoffman,AS200,Hole Seal,LOAD-CENTER-ACCESSORY-Hoffman-AS200
"Hoffman Knockout Seal, 2-1/2 in",Hoffman,AS250,Knockout Seal,LOAD-CENTER-ACCESSORY-Hoffman-AS250
"Hoffman Knockout Seal, 3 in",Hoffman,AS300,Knockout Seal,LOAD-CENTER-ACCESSORY-Hoffman-AS300
Hoffman Knockout Seal,Hoffman,AS350,Knockout Seal,LOAD-CENTER-ACCESSORY-Hoffman-AS350
"Hoffman Knockout Seal, 4 in",Hoffman,AS400,Knockout Seal,LOAD-CENTER-ACCESSORY-Hoffman-AS400
"Ideal Industries Breaker Lockout Kit, 9/32 in",Ideal Industries,44-900,Breaker Lock,LOAD-CENTER-ACCESSORY-Ideal-Industries-44-900
"Ideal Industries Padlock, 1/4 in",Ideal Industries,44-916,Padlock,LOAD-CENTER-ACCESSORY-Ideal-Industries-44-916
"Ilsco Mechanical Lug, 1/0-14 AWG, Dual Rated, 2 Terminal, 1 Hole",Ilsco,AU-0,Mechanical Lug,LOAD-CENTER-ACCESSORY-Ilsco-AU-0
"Ilsco Mechanical Lug, 14 to 2/0 awg",Ilsco,AU-2/0,Mechanical Lug,LOAD-CENTER-ACCESSORY-Ilsco-AU-2/0
"Ilsco Neutral Lug, 250-6 awg",Ilsco,AU-250,Neutral Lug,LOAD-CENTER-ACCESSORY-Ilsco-AU-250
"Ilsco Mechanical Lug, 350-6 awg",Ilsco,AU-350,Mechanical Lug,LOAD-CENTER-ACCESSORY-Ilsco-AU-350
"Ilsco Neutral Lug, 2/0-14 AWG, Dual Rated",Ilsco,NBST2/0,Neutral Lug,LOAD-CENTER-ACCESSORY-Ilsco-NBST2/0
"Ilsco Mechanical Lug, 1/0 to 14 awg",Ilsco,T3A2-0,Mechanical Lug,LOAD-CENTER-ACCESSORY-Ilsco-T3A2-0
"Ilsco Neutral Lug, 2 awg",Ilsco,T3A2-2,Neutral Lug,LOAD-CENTER-ACCESSORY-Ilsco-T3A2-2
"Ilsco Mechanical Lug, 6 awg to 3/0 awg",Ilsco,T3A2-3/0N,Mechanical Lug,LOAD-CENTER-ACCESSORY-Ilsco-T3A2-3/0N
"Ilsco Mechanical Lug, 1/0-14 AWG, Dual Rated, 1 Terminal, 1 Hole",Ilsco,TA-0,Mechanical Lug,LOAD-CENTER-ACCESSORY-Ilsco-TA-0
"Ilsco Mechanical Lug, 2-14 awg",Ilsco,TA-2,Mechanical Lug,LOAD-CENTER-ACCESSORY-Ilsco-TA-2
"Ilsco Mechanical Lug, 2/0-14 AWG, Dual Rated, 1 Terminal, 1 Hole",Ilsco,TA-2/0,Mechanical Lug,LOAD-CENTER-ACCESSORY-Ilsco-TA-2/0
"Ilsco Mechanical Lug, 6 awg",Ilsco,TA-250,Mechanical Lug,LOAD-CENTER-ACCESSORY-Ilsco-TA-250
"Ilsco Mechanical Lug, 6 awg",Ilsco,TA-350,Mechanical Lug,LOAD-CENTER-ACCESSORY-Ilsco-TA-350
"Ilsco Mechanical Lug, 500-4 AWG, Dual Rated, 1 Terminal, 1 Hole",Ilsco,TA500,Mechanical Lug,LOAD-CENTER-ACCESSORY-Ilsco-TA500
"Ilsco Mechanical Lug, 4-14 AWG, Dual Rated, 1 Terminal, 1 Hole",Ilsco,TA-6-S,Mechanical Lug,LOAD-CENTER-ACCESSORY-Ilsco-TA-6-S
"Mechanical Interlock Kit for Westinghouse, Thomas & Betts, and Challenger  Load Centers, 150-200A",InterlockKit,K-2010,Mechanical Interlock Kit,LOAD-CENTER-ACCESSORY-InterlockKit-K-2010
"Killark Conduit Hub, 2-3/4 in",Killark,WH-2,Conduit Hub,LOAD-CENTER-ACCESSORY-Killark-WH-2
Leviton 42 Space Indoor Load Center and Door with Window,Leviton,LDC42-W,Dead Front Cover,LOAD-CENTER-ACCESSORY-Leviton-LDC42-W
Leviton Circuit Directory Sticker Pack,Leviton,LSTIK,Circuit Directory,LOAD-CENTER-ACCESSORY-Leviton-LSTIK
"LH Dottie 3-Piece Knockout Seal, 1/2 in, Steel",LH Dottie,D10S,Knockout Seal,LOAD-CENTER-ACCESSORY-LH-Dottie-D10S
"LH Dottie 3-Piece Knockout Seal, 3/4 in, Steel",LH Dottie,D20S,Knockout Seal,LOAD-CENTER-ACCESSORY-LH-Dottie-D20S
"LH Dottie 3-Piece Knockout Seal, 1 in, Steel",LH Dottie,D30S,Knockout Seal,LOAD-CENTER-ACCESSORY-LH-Dottie-D30S
"LH Dottie 3-Piece Knockout Seal, 1-1/4 in, Steel",LH Dottie,D40S,Knockout Seal,LOAD-CENTER-ACCESSORY-LH-Dottie-D40S
"LH Dottie 3-Piece Knockout Seal, 1-1/2 in, Steel",LH Dottie,D50S,Knockout Seal,LOAD-CENTER-ACCESSORY-LH-Dottie-D50S
"LH Dottie 3-Piece Knockout Seal, 2 in, Steel",LH Dottie,D60S,Knockout Seal,LOAD-CENTER-ACCESSORY-LH-Dottie-D60S
"LH Dottie Snap-In Knockout Seal, 1 in, Steel",LH Dottie,KO100,Knockout Seal,LOAD-CENTER-ACCESSORY-LH-Dottie-KO100
"LH Dottie Snap-In Knockout Seal, 1-1/4 in, Steel",LH Dottie,KO125,Knockout Seal,LOAD-CENTER-ACCESSORY-LH-Dottie-KO125
"LH Dottie Snap-In Knockout Seal, 1-1/2 in, Steel",LH Dottie,KO150,Knockout Seal,LOAD-CENTER-ACCESSORY-LH-Dottie-KO150
"LH Dottie Snap-In Knockout Seal, 2 in, Steel",LH Dottie,KO200,Knockout Seal,LOAD-CENTER-ACCESSORY-LH-Dottie-KO200
"LH Dottie Snap-In Knockout Seal, 1/2 in, Steel",LH Dottie,KO50,Knockout Seal,LOAD-CENTER-ACCESSORY-LH-Dottie-KO50
"LH Dottie Snap-In Knockout Seal, 3/4 in, Steel",LH Dottie,KO75,Knockout Seal,LOAD-CENTER-ACCESSORY-LH-Dottie-KO75
"Midwest Conduit Hub, 1-1/4 in",Midwest,B12,Conduit Hub,LOAD-CENTER-ACCESSORY-Midwest-B12
"Milbank Conduit Hub, 1 in",Milbank,A7514,Conduit Hub,LOAD-CENTER-ACCESSORY-Milbank-A7514
"Milbank Conduit Hub, 1-1/4 in",Milbank,A7515,Conduit Hub,LOAD-CENTER-ACCESSORY-Milbank-A7515
"Milbank Conduit Hub, 1-1/2 in",Milbank,A7516,Conduit Hub,LOAD-CENTER-ACCESSORY-Milbank-A7516
"Milbank Conduit Hub, 2 in",Milbank,A7517,Conduit Hub,LOAD-CENTER-ACCESSORY-Milbank-A7517
"Milbank Conduit Hub, 2 1/2 in",Milbank,A7518,Conduit Hub,LOAD-CENTER-ACCESSORY-Milbank-A7518
"Milbank Conduit Hub, 3 in",Milbank,A8110,Conduit Hub,LOAD-CENTER-ACCESSORY-Milbank-A8110
"Milbank Hole Seal, 1/2 in, Rubber Gasket",Milbank,A-HS050,Knockout Seal,LOAD-CENTER-ACCESSORY-Milbank-A-HS050
"Milbank Hole Seal, 3/4 in, Rubber Gasket",Milbank,A-HS075,Knockout Seal,LOAD-CENTER-ACCESSORY-Milbank-A-HS075
"Milbank Hole Seal, 1 in, Rubber Gasket",Milbank,A-HS100,Knockout Seal,LOAD-CENTER-ACCESSORY-Milbank-A-HS100
"Milbank Hole Seal, 1-1/4 in, Rubber Gasket",Milbank,A-HS125,Knockout Seal,LOAD-CENTER-ACCESSORY-Milbank-A-HS125
"Milbank Hole Seal, 1-1/2 in, Rubber Gasket",Milbank,A-HS150,Knockout Seal,LOAD-CENTER-ACCESSORY-Milbank-A-HS150
"Milbank Hole Seal, 2 in, Rubber Gasket",Milbank,A-HS200,Knockout Seal,LOAD-CENTER-ACCESSORY-Milbank-A-HS200
"Milbank Hole Seal, 2-1/2 in, Rubber Gasket",Milbank,A-HS250,Knockout Seal,LOAD-CENTER-ACCESSORY-Milbank-A-HS250
"Milbank Knockout Seal, 3 in",Milbank,A-HS300,Knockout Seal,LOAD-CENTER-ACCESSORY-Milbank-A-HS300
"Mulberry Knockout Seal, 1/2 in",Mulberry,40111,Knockout Seal,LOAD-CENTER-ACCESSORY-Mulberry-40111
"Mulberry Knockout Seal, 3/4 in",Mulberry,40112,Knockout Seal,LOAD-CENTER-ACCESSORY-Mulberry-40112
"Mulberry Knockout Seal, 1 in",Mulberry,40113,Knockout Seal,LOAD-CENTER-ACCESSORY-Mulberry-40113
"Mulberry Knockout Seal, 1-1/4 in",Mulberry,40114,Knockout Seal,LOAD-CENTER-ACCESSORY-Mulberry-40114
"Mulberry Knockout Seal, 1-1/2 in",Mulberry,40115,Knockout Seal,LOAD-CENTER-ACCESSORY-Mulberry-40115
"NSI Mechanical Lug, 1/0-14 AWG, Dual Rated, 1 Terminal",NSI,0T,Mechanical Lug,LOAD-CENTER-ACCESSORY-NSI-0T
"NSI Mechanical Lug, 2/0-14 AWG, Dual Rated, 1 Terminal",NSI,2/0T,Mechanical Lug,LOAD-CENTER-ACCESSORY-NSI-2/0T
"NSI Mechanical Lug, 2/0-14 AWG, Dual Rated, 2 Terminal",NSI,2-2/0T,Mechanical Lug,LOAD-CENTER-ACCESSORY-NSI-2-2/0T
"NSI Mechanical Lug, 2-14 AWG, Dual Rated, 1 Terminal",NSI,2T,Mechanical Lug,LOAD-CENTER-ACCESSORY-NSI-2T
"NSI Mechanical Lug, 350-6 AWG, Dual Rated, 1 Terminal",NSI,350T,Mechanical Lug,LOAD-CENTER-ACCESSORY-NSI-350T
"NSI Mechanical Lug, 4-14 AWG, Dual Rated, 1 Terminal",NSI,4T,Mechanical Lug,LOAD-CENTER-ACCESSORY-NSI-4T
"NSI Mechanical Lug, 6-14 AWG, Dual Rated, 1 Terminal",NSI,6T,Mechanical Lug,LOAD-CENTER-ACCESSORY-NSI-6T
"Peco Hole Seal, 1 in, Oil Tight",Peco,MB100HS,Hole Seal,LOAD-CENTER-ACCESSORY-Peco-MB100HS
"Peco Hole Seal, 1-1/4 in, Oil Tight",Peco,MB125HS,Hole Seal,LOAD-CENTER-ACCESSORY-Peco-MB125HS
"Peco Hole Seal, 1-1/2 in, Oil Tight",Peco,MB150HS,Hole Seal,LOAD-CENTER-ACCESSORY-Peco-MB150HS
"Peco Hole Seal, 2 in, Oil Tight",Peco,MB200HS,Hole Seal,LOAD-CENTER-ACCESSORY-Peco-MB200HS
"Peco Hole Seal, 1/2 in, Oil Tight",Peco,MB50HS,Hole Seal,LOAD-CENTER-ACCESSORY-Peco-MB50HS
"Peco Hole Seal, 3/4 in, Oil Tight",Peco,MB75HS,Hole Seal,LOAD-CENTER-ACCESSORY-Peco-MB75HS
"Peco Hole Seal, 1 in, Oil Tight, Box of 100",Peco,PC100HSB,Hole Seal,LOAD-CENTER-ACCESSORY-Peco-PC100HSB
"Peco Hole Seal, 1-1/4 in, Oil Tight, Box of 100",Peco,PC125HSB,Hole Seal,LOAD-CENTER-ACCESSORY-Peco-PC125HSB
"Peco Hole Seal, 1-1/2 in, Oil Tight, Box of 100",Peco,PC150HSB,Hole Seal,LOAD-CENTER-ACCESSORY-Peco-PC150HSB
"Peco Hole Seal, 2 in, Oil Tight, Box of 100",Peco,PC200HSB,Hole Seal,LOAD-CENTER-ACCESSORY-Peco-PC200HSB
"Peco Hole Seal, 1/2 in, Oil Tight, Box of 100",Peco,PC50HSB,Hole Seal,LOAD-CENTER-ACCESSORY-Peco-PC50HSB
"Peco Hole Seal, 3/4 in, Oil Tight, Box of 100",Peco,PC75HSB,Hole Seal,LOAD-CENTER-ACCESSORY-Peco-PC75HSB
"Penn Union Mechanical Lug, 4-14 AWG, Dual Rated, 1 Terminal",Penn Union,LA6,Mechanical Lug,LOAD-CENTER-ACCESSORY-Penn-Union-LA6
Siemens Trim Screw,Siemens,11-A-1819-01,Trim Screw,LOAD-CENTER-ACCESSORY-Siemens-11-A-1819-01
"Siemens Neutral Lug, 14-2/0 awg",Siemens,CS1,Neutral Lug,LOAD-CENTER-ACCESSORY-Siemens-CS1
"Siemens Filler Plate, 1 in",Siemens,DFFP1,Filler Plate,LOAD-CENTER-ACCESSORY-Siemens-DFFP1
"Siemens Filler Plate, 1 in",Siemens,DFFP1A,Filler Plate,LOAD-CENTER-ACCESSORY-Siemens-DFFP1A
"Siemens Conduit Hub, 1-1/4 in",Siemens,EC38597,Conduit Hub,LOAD-CENTER-ACCESSORY-Siemens-EC38597
"Siemens Conduit Hub, 2 in",Siemens,EC38599,Conduit Hub,LOAD-CENTER-ACCESSORY-Siemens-EC38599
"Siemens Conduit Hub, 2-1/2 in",Siemens,EC38600,Conduit Hub,LOAD-CENTER-ACCESSORY-Siemens-EC38600
"Siemens Conduit Hub, 2 in",Siemens,EC56854,Conduit Hub,LOAD-CENTER-ACCESSORY-Siemens-EC56854
Siemens Neutral Lug,Siemens,ECCP1,Neutral Lug,LOAD-CENTER-ACCESSORY-Siemens-ECCP1
"Siemens Collar Strap for Ground Bars, #12-2/0",Siemens,ECCS1,Neutral Lug,LOAD-CENTER-ACCESSORY-Siemens-ECCS1
"Siemens Collar Strap for Ground Bars, #6-250",Siemens,ECCS2,Neutral Lug,LOAD-CENTER-ACCESSORY-Siemens-ECCS2
"Siemens Conduit Hub, 3/4 in",Siemens,ECHA075,Conduit Hub,LOAD-CENTER-ACCESSORY-Siemens-ECHA075
"Siemens Conduit Hub, 2 in",Siemens,ECHC200,Conduit Hub,LOAD-CENTER-ACCESSORY-Siemens-ECHC200
"Siemens Conduit Hub, 2-1/2 in",Siemens,ECHC250,Conduit Hub,LOAD-CENTER-ACCESSORY-Siemens-ECHC250
"Siemens Conduit Hub, 3 in",Siemens,ECHC300,Conduit Hub,LOAD-CENTER-ACCESSORY-Siemens-ECHC300
"Siemens Conduit Hub, 3/4 in, Type HS, for Loadcenters",Siemens,ECHS075,Conduit Hub,LOAD-CENTER-ACCESSORY-Siemens-ECHS075
"Siemens Conduit Hub, 1 in",Siemens,ECHS100,Conduit Hub,LOAD-CENTER-ACCESSORY-Siemens-ECHS100
"Siemens Conduit Hub, 1-1/4 in, Type HS, for Loadcenters",Siemens,ECHS125,Conduit Hub,LOAD-CENTER-ACCESSORY-Siemens-ECHS125
"Siemens Conduit Hub, 1-1/2 in",Siemens,ECHS150,Conduit Hub,LOAD-CENTER-ACCESSORY-Siemens-ECHS150
"Siemens Conduit Hub, 2 in, Type HS, for Loadcenters",Siemens,ECHS200,Conduit Hub,LOAD-CENTER-ACCESSORY-Siemens-ECHS200
"Siemens Conduit Hub, 2-1/2 in",Siemens,ECHS250,Conduit Hub,LOAD-CENTER-ACCESSORY-Siemens-ECHS250
"Siemens Conduit Hub, 3 in",Siemens,ECHV300,Conduit Hub,LOAD-CENTER-ACCESSORY-Siemens-ECHV300
"Siemens Neutral Lug, #4-2/0",Siemens,ECLK2,Neutral Lug,LOAD-CENTER-ACCESSORY-Siemens-ECLK2
"Siemens Sub Feed Lug Kit, 125a",Siemens,ECLK2125,Sub Feed Lug Kit,LOAD-CENTER-ACCESSORY-Siemens-ECLK2125
"Siemens Sub Feed Lug Kit, 225a",Siemens,ECLK2225,Sub Feed Lug Kit,LOAD-CENTER-ACCESSORY-Siemens-ECLK2225
"Siemens Neutral Lug Kit, #1-300",Siemens,ECLK3,Neutral Lug,LOAD-CENTER-ACCESSORY-Siemens-ECLK3
"Siemens Sub Feed Lug Kit, 225a",Siemens,ECLK3225,Sub Feed Lug Kit,LOAD-CENTER-ACCESSORY-Siemens-ECLK3225
Siemens Touchsafe Barrier For MBK Main Breaker Kits 100-125A,Siemens,ECLTB1,Service Entrance Barrier,LOAD-CENTER-ACCESSORY-Siemens-ECLTB1
Siemens Touchsafe Barrier For MBK Main Breaker Kits 150-225A,Siemens,ECLTB2,Service Entrance Barrier,LOAD-CENTER-ACCESSORY-Siemens-ECLTB2
Siemens Touchsafe Barrier for QN Type Breakers,Siemens,ECLTB3,Service Entrance Barrier,LOAD-CENTER-ACCESSORY-Siemens-ECLTB3
Siemens Main Breaker Retainer Kit for EQ Load Centers,Siemens,ECMBR1,Hold-Down Kit,LOAD-CENTER-ACCESSORY-Siemens-ECMBR1
"Siemens Main Breaker Retainer kit for PN, SN, PL, ES, & Ultimate Load Centers",Siemens,ECMBR2,Hold-Down Kit,LOAD-CENTER-ACCESSORY-Siemens-ECMBR2
"Siemens Main Lug Kit, 125a",Siemens,ECMLK125,Main Lug Kit,LOAD-CENTER-ACCESSORY-Siemens-ECMLK125
"Siemens Main Lug Kit, 225a",Siemens,ECMLK225,Main Lug Kit,LOAD-CENTER-ACCESSORY-Siemens-ECMLK225
Siemens QP/BQ/ED2 Filler Plate,Siemens,ECQF3,Filler Plate,LOAD-CENTER-ACCESSORY-Siemens-ECQF3
"Siemens Mechanical Interlock, For 2-pole Breakers on Opposite Sides of Bus",Siemens,ECSBPK01,Mechanical Interlock Kit,LOAD-CENTER-ACCESSORY-Siemens-ECSBPK01
"Siemens Mechanical Interlock Kit, for Adjacent 2-Space, 2-Pole Breakers",Siemens,ECSBPK02,Mechanical Interlock Kit,LOAD-CENTER-ACCESSORY-Siemens-ECSBPK02
"Siemens Mechanical Interlock Kit, between Main Breaker and 2-pole Breaker, PL and ES Load Centers, 150-225A",Siemens,ECSBPK03,Mechanical Interlock Kit,LOAD-CENTER-ACCESSORY-Siemens-ECSBPK03
"Siemens Mechanical Interlock,  between Main Breaker and 2-pole Breaker, PN and SN Load centers, 150-225A",Siemens,ECSBPK10,Mechanical Interlock Kit,LOAD-CENTER-ACCESSORY-Siemens-ECSBPK10
"Siemens Load Center Trim Screw Kit, Pack of 6",Siemens,ECTS2,Trim Screw Kit,LOAD-CENTER-ACCESSORY-Siemens-ECTS2
"Siemens Conduit Hub, 1 in",Siemens,H38596-2,Conduit Hub,LOAD-CENTER-ACCESSORY-Siemens-H38596-2
"Siemens Conduit Hub, 2 in",Siemens,H38599-2,Conduit Hub,LOAD-CENTER-ACCESSORY-Siemens-H38599-2
"Siemens Neutral Bar Kit, 6 terminals",Siemens,HN612,Neutral Bar Kit,LOAD-CENTER-ACCESSORY-Siemens-HN612
"Siemens Mounting Screw, #10-32 x 9/32 in",Siemens,P1SCRWS,Mounting Screw,LOAD-CENTER-ACCESSORY-Siemens-P1SCRWS
Siemens Filler Plate Set,Siemens,QF3,Filler Plate,LOAD-CENTER-ACCESSORY-Siemens-QF3
Siemens Load Center Cover,Siemens,RST4040B1200,Load Center Cover,LOAD-CENTER-ACCESSORY-Siemens-RST4040B1200
Square D Load Center Directory,Square D,8003115801,Load Center Directory,LOAD-CENTER-ACCESSORY-Square-D-8003115801
Square D Load Center Cover,Square D,4020513001K,Load Center Cover,LOAD-CENTER-ACCESSORY-Square-D-4020513001K
"Square D Load Center Trim Screw Kit, 10-32 Screws, Pack of 10",Square D,4020513002K,Trim Screw Kit,LOAD-CENTER-ACCESSORY-Square-D-4020513002K
"Square D Conduit Hub, 3/4 in, 2-Hole, for Loadcenters and Switches with B-Type Openings",Square D,B075,Conduit Hub,LOAD-CENTER-ACCESSORY-Square-D-B075
"Square D Conduit Hub, 1 in, 2-Hole, for Loadcenters and Switches with B-Type Openings",Square D,B100,Conduit Hub,LOAD-CENTER-ACCESSORY-Square-D-B100
"Square D Conduit Hub, 1-1/4 in, 2-Hole, for Loadcenters and Switches with B-Type Openings",Square D,B125,Conduit Hub,LOAD-CENTER-ACCESSORY-Square-D-B125
"Square D Conduit Hub, 2 in, 2-Hole, for Loadcenters and Switches with B-Type Openings",Square D,B200,Conduit Hub,LOAD-CENTER-ACCESSORY-Square-D-B200
"Square D Load Center Cover, 6 spaces",Square D,HOM612L100S,Load Center Cover,LOAD-CENTER-ACCESSORY-Square-D-HOM612L100S
"Square D Neutral Lug Kit, #12-2 Aluminum, #14-4 Copper, for Homeline Loadcenters",Square D,HOM70AN,Neutral Lug,LOAD-CENTER-ACCESSORY-Square-D-HOM70AN
"Square D HOM Mechanical Interlock, For 150-225A Load Centers",Square D,HOMCGK2C,Mechanical Interlock Kit,LOAD-CENTER-ACCESSORY-Square-D-HOMCGK2C
"Square D HOM Filler Plate, 1 in",Square D,HOMFP,Filler Plate,LOAD-CENTER-ACCESSORY-Square-D-HOMFP
"Square D Sub Feed Lug Kit, 225A, 4-Space",Square D,HOML2225,Sub Feed Lug Kit,LOAD-CENTER-ACCESSORY-Square-D-HOML2225
"Square D Neutral Lug Kit, #6-2/0, for QO Loadcenters",Square D,LK100AN,Neutral Lug,LOAD-CENTER-ACCESSORY-Square-D-LK100AN
"Square D Neutral Lug Kit, #4-300, for 150-225A QO Loadcenters",Square D,LK225AN,Neutral Lug,LOAD-CENTER-ACCESSORY-Square-D-LK225AN
"Square D Neutral Lug, 70a",Square D,LK70AN,Neutral Lug,LOAD-CENTER-ACCESSORY-Square-D-LK70AN
Square D Circuit Directory Label,Square D,LSDL,Circuit Directory,LOAD-CENTER-ACCESSORY-Square-D-LSDL
"Square D Neutral Lug, #10-2/0",Square D,PKOGTA2,Neutral Lug,LOAD-CENTER-ACCESSORY-Square-D-PKOGTA2
Square D Terminal Insulator Kit for QOM2 Style Main Breakers,Square D,PKSB1HA,Service Entrance Barrier,LOAD-CENTER-ACCESSORY-Square-D-PKSB1HA
"Square D Neutral Lug, 1-4/0, For NQOD Series Merchandised Panelboards",Square D,Q1150AN,Neutral Lug,LOAD-CENTER-ACCESSORY-Square-D-Q1150AN
"Square D Neutral Lug Kit, #12-2 Aluminum, #14-4 Copper, for QO Loadcenters",Square D,QO70AN,Neutral Lug,LOAD-CENTER-ACCESSORY-Square-D-QO70AN
"Square D Dead Front Cover for 42 Space Load Center, Flush Mount",Square D,QOC42UF,Dead Front Cover,LOAD-CENTER-ACCESSORY-Square-D-QOC42UF
"Square D QO Filler Plate, 1 in",Square D,QOFP,Filler Plate,LOAD-CENTER-ACCESSORY-Square-D-QOFP
Square D Main Breaker Filler Plate,Square D,QOM2FP,Filler Plate,LOAD-CENTER-ACCESSORY-Square-D-QOM2FP
"Square D Load Center Trim Screw Kit, Pack of 6",Square D,S106,Trim Screw Kit,LOAD-CENTER-ACCESSORY-Square-D-S106
Square D Solar Ready Lug Kit,Square D,SR69064A,Solar Ready Lug Kit,LOAD-CENTER-ACCESSORY-Square-D-SR69064A
Square D HOM Handle Tie for 1-Pole Breakers,Square D,HOM1HT,Handle Tie,LOAD-CENTER-ACCESSORY-Square-D-HOM1HT
"Square D HOM Retaining Kit, For HOM612L100F/S, RB and HOM48L125GC, GRB load centers",Square D,HOM1RK,Hold-Down Kit,LOAD-CENTER-ACCESSORY-Square-D-HOM1RK
Square D HOM Handle Padlock Attachment for 2-pole Breakers,Square D,HOM2PALA,Breaker Lock,LOAD-CENTER-ACCESSORY-Square-D-HOM2PALA
"Square D HOM Retaining Kit, For 150–225 A convertible main load centers",Square D,HOM4RK2HA,Hold-Down Kit,LOAD-CENTER-ACCESSORY-Square-D-HOM4RK2HA
"Square D HOM Retaining Kit, For 100–125 A convertible main load centers",Square D,HOM4RK2LA,Hold-Down Kit,LOAD-CENTER-ACCESSORY-Square-D-HOM4RK2LA
Square D HOM Handle Tie for 1-Pole Tandem Breakers,Square D,HOMTHT,Handle Tie,LOAD-CENTER-ACCESSORY-Square-D-HOMTHT
"Square D QO Retaining Kit,  For 1Ø 6-8 space QO Loadcenters",Square D,PK2MB,Hold-Down Kit,LOAD-CENTER-ACCESSORY-Square-D-PK2MB
"Square D QO  Retaining Kit,  For 1Ø 150–225 convertible load centers on right side of interior",Square D,PK4MB2HA,Hold-Down Kit,LOAD-CENTER-ACCESSORY-Square-D-PK4MB2HA
"Square D QO Retaining Kit,  For 1Ø 100–125 convertible load centers on right side of interior",Square D,PK4MB2LA,Hold-Down Kit,LOAD-CENTER-ACCESSORY-Square-D-PK4MB2LA
"Stanley Knockout Seal, 6 piece",Stanley,16-226,Knockout Seal,LOAD-CENTER-ACCESSORY-Stanley-16-226
"Thomas & Betts Knockout Plug, 1/2 in, Non-Metallic",Thomas & Betts,1451,Knockout Seal,LOAD-CENTER-ACCESSORY-Thomas-&-Betts-1451
"Thomas & Betts Knockout Plug, 3/4 in, Non-Metallic",Thomas & Betts,1452,Knockout Seal,LOAD-CENTER-ACCESSORY-Thomas-&-Betts-1452
"Thomas & Betts Knockout Plug, 1 in, Non-Metallic",Thomas & Betts,1453,Knockout Seal,LOAD-CENTER-ACCESSORY-Thomas-&-Betts-1453
"Thomas & Betts Knockout Plug, 1-1/4 in, Non-Metallic",Thomas & Betts,1454,Knockout Seal,LOAD-CENTER-ACCESSORY-Thomas-&-Betts-1454
"Thomas & Betts Knockout Plug, 1-1/2 in, Non-Metallic",Thomas & Betts,1455,Knockout Seal,LOAD-CENTER-ACCESSORY-Thomas-&-Betts-1455
"Thomas & Betts Knockout Plug, 2 in, Non-Metallic",Thomas & Betts,1456,Knockout Seal,LOAD-CENTER-ACCESSORY-Thomas-&-Betts-1456
"Thomas & Betts Knockout Insulating Bushing, 1 in",Thomas & Betts,3211,Knockout Insulating Bushing,LOAD-CENTER-ACCESSORY-Thomas-&-Betts-3211
"Thomas & Betts Mechanical Lug, 14 to 2 awg",Thomas & Betts,ADR2,Mechanical Lug,LOAD-CENTER-ACCESSORY-Thomas-&-Betts-ADR2
"Thomas & Betts Mechanical Lug, 250 kcmil",Thomas & Betts,ADR25,Mechanical Lug,LOAD-CENTER-ACCESSORY-Thomas-&-Betts-ADR25
"Thomas & Betts Knockout Seal, 1 in",Thomas & Betts,BL-113,Knockout Seal,LOAD-CENTER-ACCESSORY-Thomas-&-Betts-BL-113
"Thomas & Betts Knockout Seal, 1-1/4 in",Thomas & Betts,BL-114,Knockout Seal,LOAD-CENTER-ACCESSORY-Thomas-&-Betts-BL-114
"Thomas & Betts Knockout Seal, 1-1/2 in",Thomas & Betts,BL-115,Knockout Seal,LOAD-CENTER-ACCESSORY-Thomas-&-Betts-BL-115
"Thomas & Betts Knockout Seal, 2 in",Thomas & Betts,BL-116,Knockout Seal,LOAD-CENTER-ACCESSORY-Thomas-&-Betts-BL-116
"Topaz Snap-In Knockout Seal, 1/2 in, Steel",Topaz,KO50,Knockout Seal,LOAD-CENTER-ACCESSORY-Topaz-KO50
"Topaz Snap-In Knockout Seal, 3/4 in, Steel",Topaz,KO51,Knockout Seal,LOAD-CENTER-ACCESSORY-Topaz-KO51
"Topaz Snap-In Knockout Seal, 1 in, Steel",Topaz,KO52,Knockout Seal,LOAD-CENTER-ACCESSORY-Topaz-KO52
"Topaz Snap-In Knockout Seal, 1-1/4 in, Steel",Topaz,KO53,Knockout Seal,LOAD-CENTER-ACCESSORY-Topaz-KO53
"Topaz Snap-In Knockout Seal, 1-1/2 in, Steel",Topaz,KO54,Knockout Seal,LOAD-CENTER-ACCESSORY-Topaz-KO54
"Topaz Snap-In Knockout Seal, 2 in, Steel",Topaz,KO55,Knockout Seal,LOAD-CENTER-ACCESSORY-Topaz-KO55
"Topaz Knockout Insulating Bushing, 3/4 in",Topaz,UB1093,Knockout Insulating Bushing,LOAD-CENTER-ACCESSORY-Topaz-UB1093
"Unbranded Conduit Hub, 1 in",Unbranded,1HUB,Conduit Hub,LOAD-CENTER-ACCESSORY-Unbranded-1HUB
"Wiegmann Hole Seal, 1/2 in, Oil Tight, Steel",Wiegmann,WAS050,Hole Seal,LOAD-CENTER-ACCESSORY-Wiegmann-WAS050
"Wiegmann Hole Seal, 3/4 in, Oil Tight, Steel",Wiegmann,WAS075,Hole Seal,LOAD-CENTER-ACCESSORY-Wiegmann-WAS075
"Wiegmann Hole Seal, 1 in, Oil Tight, Steel",Wiegmann,WAS100,Hole Seal,LOAD-CENTER-ACCESSORY-Wiegmann-WAS100
"Wiegmann Hole Seal, 1-1/4 in, Oil Tight, Steel",Wiegmann,WAS125,Hole Seal,LOAD-CENTER-ACCESSORY-Wiegmann-WAS125
"Wiegmann Hole Seal, 1-1/2 in, Oil Tight, Steel",Wiegmann,WAS150,Hole Seal,LOAD-CENTER-ACCESSORY-Wiegmann-WAS150
"Wiegmann Hole Seal, 2 in, Oil Tight, Steel",Wiegmann,WAS200,Hole Seal,LOAD-CENTER-ACCESSORY-Wiegmann-WAS200
"Wiegmann Knockout Seal, 3 in",Wiegmann,WAS300,Knockout Seal,LOAD-CENTER-ACCESSORY-Wiegmann-WAS300
"Wiegmann Knockout Seal, 4 in",Wiegmann,WAS400,Knockout Seal,LOAD-CENTER-ACCESSORY-Wiegmann-WAS400
