Description,Manufacturer,Part Number,Rating,Load Center Type,Spaces,Circuits,Load Center Use,Mount,Load Center Features,BRSID
"Span 225A Main Breaker Loadcenter, 32 Space, 64 Circuit, Indoor, Convertible Mount",Span,1-00800,225,Main Breaker,32,64,Indoor,Convertible,,LOAD-CENTER-Span-1-00800
"Eaton 125A Main Lug Only Loadcenter, 12 Space, 24 Circuit, Outdoor, Surface Mount",Eaton,BR1224L125R,125,Main Lug Only,12,24,Outdoor,Surface,,LOAD-CENTER-Eaton-BR1224L125R
"Eaton 200A Main Lug Only Loadcenter, 12 Space, 24 Circuit, Outdoor, Surface Mount",Eaton,BR1224L200R,200,Main Lug Only,12,24,Outdoor,Surface,,LOAD-CENTER-Eaton-BR1224L200R
"Eaton 125A Main Lug Only Loadcenter, 12 Space, 24 Circuit, Indoor, Flush Mount, Ground Bar",Eaton,BR12L125G,125,Main Lug Only,12,24,Indoor,Flush,Ground Bar,LOAD-CENTER-Eaton-BR12L125G
"Eaton 200A Main Lug Only Loadcenter, 20 Space, 40 Circuit, Outdoor, Surface Mount",Eaton,BR2040L200R,200,Main Lug Only,20,40,Outdoor,Surface,,LOAD-CENTER-Eaton-BR2040L200R
"Eaton 200A Main Lug Only Loadcenter, 20 Space, 40 Circuit, Outdoor, Surface Mount, Ground Bar",Eaton,BR2040L200RG,200,Main Lug Only,20,40,Outdoor,Surface,Ground Bar,LOAD-CENTER-Eaton-BR2040L200RG
"Eaton 200A Convertible Loadcenter, 20 Space, 40 Circuit, Indoor, Flush Mount",Eaton,BR2040N200,200,Convertible,20,40,Indoor,Flush,,LOAD-CENTER-Eaton-BR2040N200
"Eaton 200A Convertible Loadcenter, 20 Space, 40 Circuit, Outdoor, Surface Mount",Eaton,BR2040N200R,200,Convertible,20,40,Outdoor,Surface,,LOAD-CENTER-Eaton-BR2040N200R
"Eaton 125A Main Lug Only Loadcenter, 2 Space, 4 Circuit, Indoor, Flush Mount",Eaton,BR24L125FP,125,Main Lug Only,2,4,Indoor,Flush,,LOAD-CENTER-Eaton-BR24L125FP
"Eaton 125A Main Lug Only Loadcenter, 2 Space, 4 Circuit, Indoor, Surface Mount",Eaton,BR24L125SP,125,Main Lug Only,2,4,Indoor,Surface,,LOAD-CENTER-Eaton-BR24L125SP
"Eaton 70A Main Lug Only Loadcenter, 2 Space, 4 Circuit, Indoor, Flush Mount, Ground Bar",Eaton,BR24L70FGP,70,Main Lug Only,2,4,Indoor,Flush,Ground Bar,LOAD-CENTER-Eaton-BR24L70FGP
"Eaton 70A Main Lug Only Loadcenter, 2 Space, 4 Circuit, Indoor, Flush Mount",Eaton,BR24L70FP,70,Main Lug Only,2,4,Indoor,Flush,,LOAD-CENTER-Eaton-BR24L70FP
"Eaton 70A Main Lug Only Loadcenter, 2 Space, 4 Circuit, Outdoor, Surface Mount",Eaton,BR24L70RP,70,Main Lug Only,2,4,Outdoor,Surface,,LOAD-CENTER-Eaton-BR24L70RP
"Eaton 70A Main Lug Only Loadcenter, 2 Space, 4 Circuit, Indoor, Surface Mount",Eaton,BR24L70SP,70,Main Lug Only,2,4,Indoor,Surface,,LOAD-CENTER-Eaton-BR24L70SP
"Eaton 125A Main Lug Only Loadcenter, 2 Space, 4 Circuit, Outdoor, Surface Mount",Eaton,BR2L125RP,125,Main Lug Only,2,4,Outdoor,Surface,,LOAD-CENTER-Eaton-BR2L125RP
"Eaton 150A Main Breaker Loadcenter, 30 Space, 30 Circuit, Outdoor, Surface Mount",Eaton,BR3030B150R,150,Main Breaker,30,30,Outdoor,Surface,,LOAD-CENTER-Eaton-BR3030B150R
"Eaton 200A Main Breaker Loadcenter, 30 Space, 40 Circuit, Indoor, Flush Mount",Eaton,BR3040B200,200,Main Breaker,30,40,Indoor,Flush,,LOAD-CENTER-Eaton-BR3040B200
"Eaton 200A Main Breaker Loadcenter, 30 Space, 40 Circuit, Outdoor, Surface Mount",Eaton,BR3040B200R,200,Main Breaker,30,40,Outdoor,Surface,,LOAD-CENTER-Eaton-BR3040B200R
"Eaton 200A Main Breaker Loadcenter, 40 Space, 40 Circuit, Outdoor, Surface Mount",Eaton,BR4040B200R,200,Main Breaker,40,40,Outdoor,Surface,,LOAD-CENTER-Eaton-BR4040B200R
"Eaton 200A Main Breaker Loadcenter, 40 Space, 40 Circuit, Indoor, Flush Mount, Copper Bus",Eaton,BR4040BC200,200,Main Breaker,40,40,Indoor,Flush,Copper Bus,LOAD-CENTER-Eaton-BR4040BC200
"Eaton 225A Main Breaker Loadcenter, 42 Space, 42 Circuit, Outdoor, Surface Mount",Eaton,BR4242PV200R,225,Main Breaker,42,42,Outdoor,Surface,,LOAD-CENTER-Eaton-BR4242PV200R
"Eaton 200A Main Breaker Loadcenter, 4 Space, 8 Circuit, Outdoor, Surface Mount, Feed-through Lugs",Eaton,BR48B200RF,200,Main Breaker,4,8,Outdoor,Surface,Feed-through Lugs,LOAD-CENTER-Eaton-BR48B200RF
"Eaton 200A Main Breaker Loadcenter, 4 Space, 8 Circuit, Outdoor, Surface Mount, Feed-through Lugs",Eaton,BR48B200RFP,200,Main Breaker,4,8,Outdoor,Surface,Feed-through Lugs,LOAD-CENTER-Eaton-BR48B200RFP
"Eaton 125A Main Lug Only Loadcenter, 4 Space, 8 Circuit, Outdoor, Surface Mount",Eaton,BR48L125RP,125,Main Lug Only,4,8,Outdoor,Surface,,LOAD-CENTER-Eaton-BR48L125RP
"Eaton 125A Main Lug Only Loadcenter, 6 Space, 12 Circuit, Outdoor, Surface Mount",Eaton,BR612L125RP,125,Main Lug Only,6,12,Outdoor,Surface,,LOAD-CENTER-Eaton-BR612L125RP
"Eaton 125A Main Lug Only Loadcenter, 8 Space, 16 Circuit, Indoor, Flush Mount",Eaton,BR816L125FDP,125,Main Lug Only,8,16,Indoor,Flush,,LOAD-CENTER-Eaton-BR816L125FDP
"Eaton 125A Main Lug Only Loadcenter, 8 Space, 16 Circuit, Indoor, Flush Mount",Eaton,BR816L125FP,125,Main Lug Only,8,16,Indoor,Flush,,LOAD-CENTER-Eaton-BR816L125FP
"Eaton 125A Main Lug Only Loadcenter, 8 Space, 16 Circuit, Outdoor, Surface Mount",Eaton,BR816L125R,125,Main Lug Only,8,16,Outdoor,Surface,,LOAD-CENTER-Eaton-BR816L125R
"Eaton 125A Main Lug Only Loadcenter, 8 Space, 16 Circuit, Indoor, Flush Mount",Eaton,BR816L125RP,125,Main Lug Only,8,16,Indoor,Flush,,LOAD-CENTER-Eaton-BR816L125RP
"Eaton 125A Main Lug Only Loadcenter, 8 Space, 16 Circuit, Outdoor, Flush Mount, Plug-On Neutral, Ground Bar",Eaton,BR816L125SGP,125,Main Lug Only,8,16,Outdoor,Flush,"Plug-On Neutral, Ground Bar",LOAD-CENTER-Eaton-BR816L125SGP
"Eaton 125A Main Lug Only Loadcenter, 4 Space, 8 Circuit, Outdoor, Surface Mount, Front Cover",Eaton,BRC48L125RP,125,Main Lug Only,4,8,Outdoor,Surface,Front Cover,LOAD-CENTER-Eaton-BRC48L125RP
"Eaton 150A Main Breaker Loadcenter, 8 Space, 16 Circuit, Outdoor, Surface Mount, Plug-On Neutral, Feed-through Lugs",Eaton,BRP08B150RF,150,Main Breaker,8,16,Outdoor,Surface,"Plug-On Neutral, Feed-through Lugs",LOAD-CENTER-Eaton-BRP08B150RF
"Eaton 200A Main Breaker Loadcenter, 8 Space, 16 Circuit, Outdoor, Surface Mount, Plug-On Neutral",Eaton,BRP08B200RF,200,Main Breaker,8,16,Outdoor,Surface,Plug-On Neutral,LOAD-CENTER-Eaton-BRP08B200RF
"Eaton 100A Main Breaker Loadcenter, 10 Space, 20 Circuit, Indoor, Flush Mount, Plug-On Neutral",Eaton,BRP10B100,100,Main Breaker,10,20,Indoor,Flush,Plug-On Neutral,LOAD-CENTER-Eaton-BRP10B100
"Eaton 125A Main Lug Only Loadcenter, 12 Space, 24 Circuit, Indoor, Flush Mount, Plug-On Neutral",Eaton,BRP12L125,125,Main Lug Only,12,24,Indoor,Flush,Plug-On Neutral,LOAD-CENTER-Eaton-BRP12L125
"Eaton 125A Main Lug Only Loadcenter, 12 Space, 24 Circuit, Indoor, Flush Mount, Plug-On Neutral, Ground Bar",Eaton,BRP12L125G,125,Main Lug Only,12,24,Indoor,Flush,"Plug-On Neutral, Ground Bar",LOAD-CENTER-Eaton-BRP12L125G
"Eaton 125A Main Lug Only Loadcenter, 12 Space, 24 Circuit, Outdoor, Surface Mount, Plug-On Neutral",Eaton,BRP12L125R,125,Main Lug Only,12,24,Outdoor,Surface,Plug-On Neutral,LOAD-CENTER-Eaton-BRP12L125R
"Eaton 200A Main Lug Only Loadcenter, 12 Space, 24 Circuit, Outdoor, Surface Mount, Plug-On Neutral",Eaton,BRP12L200R,200,Main Lug Only,12,24,Outdoor,Surface,Plug-On Neutral,LOAD-CENTER-Eaton-BRP12L200R
"Eaton 125A Convertible Loadcenter, 12 Space, 24 Circuit, Indoor, Flush Mount, Plug-On Neutral",Eaton,BRP12N125,125,Convertible,12,24,Indoor,Flush,Plug-On Neutral,LOAD-CENTER-Eaton-BRP12N125
"Eaton 125A Convertible Loadcenter, 12 Space, 24 Circuit, Outdoor, Surface Mount, Plug-On Neutral",Eaton,BRP12N125R,125,Convertible,12,24,Outdoor,Surface,Plug-On Neutral,LOAD-CENTER-Eaton-BRP12N125R
"Eaton 125A Main Breaker Loadcenter, 16 Space, 32 Circuit, Indoor, Flush Mount, Plug-On Neutral",Eaton,BRP16B125,125,Main Breaker,16,32,Indoor,Flush,Plug-On Neutral,LOAD-CENTER-Eaton-BRP16B125
"Eaton 125A Main Lug Only Loadcenter, 16 Space, 32 Circuit, Outdoor, Surface Mount, Plug-On Neutral",Eaton,BRP16L125R,125,Main Lug Only,16,32,Outdoor,Surface,Plug-On Neutral,LOAD-CENTER-Eaton-BRP16L125R
"Eaton 125A Convertible Loadcenter, 16 Space, 32 Circuit, Indoor, Flush Mount, Plug-On Neutral",Eaton,BRP16N125,125,Convertible,16,32,Indoor,Flush,Plug-On Neutral,LOAD-CENTER-Eaton-BRP16N125
"Eaton 200A Convertible Loadcenter, 16 Space, 32 Circuit, Indoor, Flush Mount, Plug-On Neutral",Eaton,BRP16N200,200,Convertible,16,32,Indoor,Flush,Plug-On Neutral,LOAD-CENTER-Eaton-BRP16N200
"Eaton 100A Main Breaker Loadcenter, 20 Space, 40 Circuit, Indoor, Flush Mount, Plug-On Neutral",Eaton,BRP20B100,100,Main Breaker,20,40,Indoor,Flush,Plug-On Neutral,LOAD-CENTER-Eaton-BRP20B100
"Eaton 125A Main Breaker Loadcenter, 20 Space, 40 Circuit, Indoor, Flush Mount, Plug-On Neutral",Eaton,BRP20B125,125,Main Breaker,20,40,Indoor,Flush,Plug-On Neutral,LOAD-CENTER-Eaton-BRP20B125
"Eaton 125A Main Breaker Loadcenter, 20 Space, 40 Circuit, Outdoor, Surface Mount, Plug-On Neutral",Eaton,BRP20B125R,125,Main Breaker,20,40,Outdoor,Surface,Plug-On Neutral,LOAD-CENTER-Eaton-BRP20B125R
"Eaton 150A Main Breaker Loadcenter, 20 Space, 40 Circuit, Indoor, Flush Mount, Plug-On Neutral",Eaton,BRP20B150,150,Main Breaker,20,40,Indoor,Flush,Plug-On Neutral,LOAD-CENTER-Eaton-BRP20B150
"Eaton 200A Main Breaker Loadcenter, 20 Space, 40 Circuit, Indoor, Flush Mount, Plug-On Neutral",Eaton,BRP20B200,200,Main Breaker,20,40,Indoor,Flush,Plug-On Neutral,LOAD-CENTER-Eaton-BRP20B200
"Eaton 200A Main Breaker Loadcenter, 20 Space, 40 Circuit, Outdoor, Surface Mount, Plug-On Neutral",Eaton,BRP20B200R,200,Main Breaker,20,40,Outdoor,Surface,Plug-On Neutral,LOAD-CENTER-Eaton-BRP20B200R
"Eaton 125A Main Lug Only Loadcenter, 20 Space, 40 Circuit, Indoor, Flush Mount, Plug-On Neutral",Eaton,BRP20L125,125,Main Lug Only,20,40,Indoor,Flush,Plug-On Neutral,LOAD-CENTER-Eaton-BRP20L125
"Eaton 125A Main Lug Only Loadcenter, 20 Space, 40 Circuit, Indoor, Flush Mount, Plug-On Neutral, Ground Bar",Eaton,BRP20L125G,125,Main Lug Only,20,40,Indoor,Flush,"Plug-On Neutral, Ground Bar",LOAD-CENTER-Eaton-BRP20L125G
"Eaton 125A Main Lug Only Loadcenter, 20 Space, 40 Circuit, Outdoor, Surface Mount, Plug-On Neutral",Eaton,BRP20L125R,125,Main Lug Only,20,40,Outdoor,Surface,Plug-On Neutral,LOAD-CENTER-Eaton-BRP20L125R
"Eaton 200A Main Lug Only Loadcenter, 20 Space, 40 Circuit, Indoor, Flush Mount, Plug-On Neutral, Ground Bar",Eaton,BRP20L200G,200,Main Lug Only,20,40,Indoor,Flush,"Plug-On Neutral, Ground Bar",LOAD-CENTER-Eaton-BRP20L200G
"Eaton 200A Main Lug Only Loadcenter, 20 Space, 40 Circuit, Outdoor, Surface Mount, Plug-On Neutral",Eaton,BRP20L200R,200,Main Lug Only,20,40,Outdoor,Surface,Plug-On Neutral,LOAD-CENTER-Eaton-BRP20L200R
"Eaton 200A Convertible Loadcenter, 20 Space, 40 Circuit, Indoor, Flush Mount, Plug-On Neutral",Eaton,BRP20N200,200,Convertible,20,40,Indoor,Flush,Plug-On Neutral,LOAD-CENTER-Eaton-BRP20N200
"Eaton 200A Convertible Loadcenter, 20 Space, 40 Circuit, Indoor, Flush Mount, Plug-On Neutral, Ground Bar",Eaton,BRP20N200G,200,Convertible,20,40,Indoor,Flush,"Plug-On Neutral, Ground Bar",LOAD-CENTER-Eaton-BRP20N200G
"Eaton 200A Convertible Loadcenter, 20 Space, 40 Circuit, Outdoor, Surface Mount, Plug-On Neutral",Eaton,BRP20N200R,200,Convertible,20,40,Outdoor,Surface,Plug-On Neutral,LOAD-CENTER-Eaton-BRP20N200R
"Eaton 200A Convertible Loadcenter, 20 Space, 40 Circuit, Outdoor, Surface Mount, Plug-On Neutral, Ground Bar",Eaton,BRP20N200RG,200,Convertible,20,40,Outdoor,Surface,"Plug-On Neutral, Ground Bar",LOAD-CENTER-Eaton-BRP20N200RG
"Eaton 125A Main Lug Only Loadcenter, 2 Space, 4 Circuit, Indoor, Flush Mount, Plug-On Neutral",Eaton,BRP24L125,125,Main Lug Only,2,4,Indoor,Flush,Plug-On Neutral,LOAD-CENTER-Eaton-BRP24L125
"Eaton 125A Main Lug Only Loadcenter, 2 Space, 4 Circuit, Indoor, Flush Mount, Plug-On Neutral, Ground Bar",Eaton,BRP24L125G,125,Main Lug Only,2,4,Indoor,Flush,"Plug-On Neutral, Ground Bar",LOAD-CENTER-Eaton-BRP24L125G
"Eaton 125A Main Breaker Loadcenter, 30 Space, 60 Circuit, Indoor, Flush Mount, Plug-On Neutral",Eaton,BRP30B125,125,Main Breaker,30,60,Indoor,Flush,Plug-On Neutral,LOAD-CENTER-Eaton-BRP30B125
"Eaton 200A Main Breaker Loadcenter, 30 Space, 60 Circuit, Indoor, Flush Mount, Plug-On Neutral",Eaton,BRP30B200,200,Main Breaker,30,60,Indoor,Flush,Plug-On Neutral,LOAD-CENTER-Eaton-BRP30B200
"Eaton 200A Main Breaker Loadcenter, 30 Space, 60 Circuit, Indoor, Flush Mount, Plug-On Neutral, Ground Bar",Eaton,BRP30B200G,200,Main Breaker,30,60,Indoor,Flush,"Plug-On Neutral, Ground Bar",LOAD-CENTER-Eaton-BRP30B200G
"Eaton 200A Main Breaker Loadcenter, 30 Space, 60 Circuit, Outdoor, Surface Mount, Plug-On Neutral",Eaton,BRP30B200R,200,Main Breaker,30,60,Outdoor,Surface,Plug-On Neutral,LOAD-CENTER-Eaton-BRP30B200R
"Eaton 125A Main Lug Only Loadcenter, 30 Space, 60 Circuit, Indoor, Flush Mount, Plug-On Neutral",Eaton,BRP30L125,125,Main Lug Only,30,60,Indoor,Flush,Plug-On Neutral,LOAD-CENTER-Eaton-BRP30L125
"Eaton 200A Convertible Loadcenter, 30 Space, 60 Circuit, Indoor, Flush Mount, Plug-On Neutral",Eaton,BRP30N200,200,Convertible,30,60,Indoor,Flush,Plug-On Neutral,LOAD-CENTER-Eaton-BRP30N200
"Eaton 200A Convertible Loadcenter, 30 Space, 60 Circuit, Indoor, Flush Mount, Plug-On Neutral",Eaton,BRP30N200G,200,Convertible,30,60,Indoor,Flush,Plug-On Neutral,LOAD-CENTER-Eaton-BRP30N200G
"Eaton 200A Main Breaker Loadcenter, 40 Space, 80 Circuit, Indoor, Flush Mount, Plug-On Neutral",Eaton,BRP40B200,200,Main Breaker,40,80,Indoor,Flush,Plug-On Neutral,LOAD-CENTER-Eaton-BRP40B200
"Eaton 200A Main Breaker Loadcenter, 40 Space, 80 Circuit, Outdoor, Surface Mount, Plug-On Neutral",Eaton,BRP40B200R,200,Main Breaker,40,80,Outdoor,Surface,Plug-On Neutral,LOAD-CENTER-Eaton-BRP40B200R
"Eaton 200A Main Breaker Loadcenter, 40 Space, 40 Circuit, ,  Mount",Eaton,BRP40BC200,200,Main Breaker,40,40,,,,LOAD-CENTER-Eaton-BRP40BC200
"Eaton 200A Main Lug Only Loadcenter, 40 Space, 80 Circuit, Indoor, Flush Mount, Plug-On Neutral",Eaton,BRP40L200,200,Main Lug Only,40,80,Indoor,Flush,Plug-On Neutral,LOAD-CENTER-Eaton-BRP40L200
"Eaton 200A Main Lug Only Loadcenter, 40 Space, 80 Circuit, Indoor, Flush Mount, Plug-On Neutral, Ground Bar",Eaton,BRP40L200G,200,Main Lug Only,40,80,Indoor,Flush,"Plug-On Neutral, Ground Bar",LOAD-CENTER-Eaton-BRP40L200G
"Cutler Hammer 125A Main Lug Only Loadcenter, 12 Space, 24 Circuit, Indoor, Flush Mount, DISCONTINUED",Cutler Hammer,CH12L125R,125,Main Lug Only,12,24,Indoor,Flush,DISCONTINUED,LOAD-CENTER-Cutler-Hammer-CH12L125R
"Cutler Hammer 125A Main Lug Only Loadcenter, 2 Space, 4 Circuit, Indoor, Flush Mount",Cutler Hammer,CH2L125FP,125,Main Lug Only,2,4,Indoor,Flush,,LOAD-CENTER-Cutler-Hammer-CH2L125FP
"Cutler Hammer 125A Main Lug Only Loadcenter, 2 Space, 4 Circuit, Indoor, Flush Mount",Cutler Hammer,CH2L125SP,125,Main Lug Only,2,4,Indoor,Flush,,LOAD-CENTER-Cutler-Hammer-CH2L125SP
"Cutler Hammer 125A Main Lug Only Loadcenter, 4 Space, 8 Circuit, Indoor, Flush Mount",Cutler Hammer,CH4L125RP,125,Main Lug Only,4,8,Indoor,Flush,,LOAD-CENTER-Cutler-Hammer-CH4L125RP
"Cutler Hammer 125A Main Lug Only Loadcenter, 8 Space, 16 Circuit, Outdoor, Surface Mount",Cutler Hammer,CH8L125RP,125,Main Lug Only,8,16,Outdoor,Surface,,LOAD-CENTER-Cutler-Hammer-CH8L125RP
"Cutler Hammer 200A Main Lug Only Loadcenter, 16 Space, 32 Circuit, Outdoor, Surface Mount",Cutler Hammer,CHP16L200R,200,Main Lug Only,16,32,Outdoor,Surface,,LOAD-CENTER-Cutler-Hammer-CHP16L200R
"Cutler Hammer 125A Main Breaker Loadcenter, 22 Space, 44 Circuit, Indoor, Flush Mount",Cutler Hammer,CHP22B125X2,125,Main Breaker,22,44,Indoor,Flush,,LOAD-CENTER-Cutler-Hammer-CHP22B125X2
"Cutler Hammer 200A Main Breaker Loadcenter, 32 Space, 64 Circuit, Indoor, Flush Mount",Cutler Hammer,CHP32B200X6,200,Main Breaker,32,64,Indoor,Flush,,LOAD-CENTER-Cutler-Hammer-CHP32B200X6
"Cutler Hammer 200A Main Breaker Loadcenter, 42 Space, 84 Circuit, Outdoor, Surface Mount",Cutler Hammer,CHP42B200R,200,Main Breaker,42,84,Outdoor,Surface,,LOAD-CENTER-Cutler-Hammer-CHP42B200R
"Siemens 60A Main Lug Only Loadcenter, 2 Space, 4 Circuit, Indoor, Flush Mount",Siemens,E0204ML1060F,60,Main Lug Only,2,4,Indoor,Flush,,LOAD-CENTER-Siemens-E0204ML1060F
"Siemens 30A Main Lug Only Loadcenter, 2 Space, 4 Circuit, Indoor, Surface Mount",Siemens,E0204ML1060S,30,Main Lug Only,2,4,Indoor,Surface,,LOAD-CENTER-Siemens-E0204ML1060S
"Siemens 125A Main Lug Only Loadcenter, 4 Space, 8 Circuit, Indoor, Flush Mount",Siemens,E0408ML1125F,125,Main Lug Only,4,8,Indoor,Flush,,LOAD-CENTER-Siemens-E0408ML1125F
"Siemens 125A Main Lug Only Loadcenter, 4 Space, 8 Circuit, Indoor, Surface Mount",Siemens,E0408ML1125S,125,Main Lug Only,4,8,Indoor,Surface,,LOAD-CENTER-Siemens-E0408ML1125S
"Siemens 125A Main Lug Only Loadcenter, 8 Space, 16 Circuit, Indoor, Flush Mount",Siemens,E0816ML1125F,125,Main Lug Only,8,16,Indoor,Flush,,LOAD-CENTER-Siemens-E0816ML1125F
"Siemens 125A Main Lug Only Loadcenter, 8 Space, 16 Circuit, Indoor, Surface Mount",Siemens,E0816ML1125S,125,Main Lug Only,8,16,Indoor,Surface,,LOAD-CENTER-Siemens-E0816ML1125S
"Eaton 225A Main Breaker Enclosure Loadcenter, 2 Space, 2 Circuit, Indoor, Flush Mount, DISCONTINUED",Eaton,ECB225R,225,Main Breaker Enclosure,2,2,Indoor,Flush,DISCONTINUED,LOAD-CENTER-Eaton-ECB225R
"Eaton 150A Main Breaker Enclosure Loadcenter, 2 Space, 2 Circuit, Outdoor, Surface Mount",Eaton,ECCVH150R,150,Main Breaker Enclosure,2,2,Outdoor,Surface,,LOAD-CENTER-Eaton-ECCVH150R
"Eaton 200A Main Breaker Enclosure Loadcenter, 2 Space, 2 Circuit, Outdoor, Surface Mount",Eaton,ECCVH200R,200,Main Breaker Enclosure,2,2,Outdoor,Surface,,LOAD-CENTER-Eaton-ECCVH200R
"Square D 125A Convertible Loadcenter, 12 Space, 24 Circuit, Indoor, Flush Mount, Plug-On Neutral",Square D,HOM1224L125PGC,125,Convertible,12,24,Indoor,Flush,Plug-On Neutral,LOAD-CENTER-Square-D-HOM1224L125PGC
"Square D 125A Convertible Loadcenter, 12 Space, 24 Circuit, Outdoor, Surface Mount, Plug-On Neutral",Square D,HOM1224L125PRB,125,Convertible,12,24,Outdoor,Surface,Plug-On Neutral,LOAD-CENTER-Square-D-HOM1224L125PRB
"Square D 225A Convertible Loadcenter, 12 Space, 24 Circuit, Outdoor, Surface Mount, Plug-On Neutral",Square D,HOM12L225PRB,225,Convertible,12,24,Outdoor,Surface,Plug-On Neutral,LOAD-CENTER-Square-D-HOM12L225PRB
"Square D 225A Convertible Loadcenter, 16 Space, 32 Circuit, Outdoor, Surface Mount, Plug-On Neutral",Square D,HOM1632L225PRB,225,Convertible,16,32,Outdoor,Surface,Plug-On Neutral,LOAD-CENTER-Square-D-HOM1632L225PRB
"Square D 125A Convertible Loadcenter, 20 Space, 40 Circuit, Indoor, Flush Mount, Plug-On Neutral",Square D,HOM2040L125PC,125,Convertible,20,40,Indoor,Flush,Plug-On Neutral,LOAD-CENTER-Square-D-HOM2040L125PC
"Square D 125A Convertible Loadcenter, 20 Space, 40 Circuit, Indoor, Flush Mount, Plug-On Neutral",Square D,HOM2040L125PGC,125,Convertible,20,40,Indoor,Flush,Plug-On Neutral,LOAD-CENTER-Square-D-HOM2040L125PGC
"Square D 125A Convertible Loadcenter, 20 Space, 40 Circuit, Outdoor, Surface Mount, Plug-On Neutral",Square D,HOM2040L125PRB,125,Convertible,20,40,Outdoor,Surface,Plug-On Neutral,LOAD-CENTER-Square-D-HOM2040L125PRB
"Square D 225A Convertible Loadcenter, 20 Space, 40 Circuit, Outdoor, Surface Mount, Plug-On Neutral",Square D,HOM2040L225PRB,225,Convertible,20,40,Outdoor,Surface,Plug-On Neutral,LOAD-CENTER-Square-D-HOM2040L225PRB
"Square D 100A Main Breaker Loadcenter, 20 Space, 40 Circuit, Indoor, Flush Mount, Plug-On Neutral",Square D,HOM2040M100PC,100,Main Breaker,20,40,Indoor,Flush,Plug-On Neutral,LOAD-CENTER-Square-D-HOM2040M100PC
"Square D 200A Main Breaker Loadcenter, 20 Space, 40 Circuit, Indoor, Flush Mount, Plug-On Neutral",Square D,HOM2040M200PC,200,Main Breaker,20,40,Indoor,Flush,Plug-On Neutral,LOAD-CENTER-Square-D-HOM2040M200PC
"Square D 200A Main Breaker Loadcenter, 20 Space, 40 Circuit, Outdoor, Surface Mount, Plug-On Neutral",Square D,HOM2040M200PRB,200,Main Breaker,20,40,Outdoor,Surface,Plug-On Neutral,LOAD-CENTER-Square-D-HOM2040M200PRB
"Square D 125A Convertible Loadcenter, 24 Space, 48 Circuit, Indoor, Flush Mount, Plug-On Neutral",Square D,HOM2448L125PGC,125,Convertible,24,48,Indoor,Flush,Plug-On Neutral,LOAD-CENTER-Square-D-HOM2448L125PGC
"Square D 125A Main Breaker Loadcenter, 24 Space, 48 Circuit, Indoor, Flush Mount, Plug-On Neutral",Square D,HOM2448M125PC,125,Main Breaker,24,48,Indoor,Flush,Plug-On Neutral,LOAD-CENTER-Square-D-HOM2448M125PC
"Square D 70A Main Lug Only Loadcenter, 2 Space, 4 Circuit, Indoor, Flush Mount",Square D,HOM24L70F,70,Main Lug Only,2,4,Indoor,Flush,,LOAD-CENTER-Square-D-HOM24L70F
"Square D 70A Main Lug Only Loadcenter, 2 Space, 4 Circuit, Outdoor, Surface Mount",Square D,HOM24L70RB,70,Main Lug Only,2,4,Outdoor,Surface,,LOAD-CENTER-Square-D-HOM24L70RB
"Square D 70A Main Lug Only Loadcenter, 2 Space, 4 Circuit, Indoor, Surface Mount",Square D,HOM24L70S,70,Main Lug Only,2,4,Indoor,Surface,,LOAD-CENTER-Square-D-HOM24L70S
"Square D 225A Convertible Loadcenter, 30 Space, 60 Circuit, Indoor, Flush Mount, Plug-On Neutral",Square D,HOM3060L225PGC,225,Convertible,30,60,Indoor,Flush,Plug-On Neutral,LOAD-CENTER-Square-D-HOM3060L225PGC
"Square D 225A Convertible Loadcenter, 30 Space, 60 Circuit, Indoor, Flush Mount, Plug-On Neutral",Square D,HOM3060L225PGC,225,Convertible,30,60,Indoor,Flush,Plug-On Neutral,LOAD-CENTER-Square-D-HOM3060L225PGC
"Square D 225A Convertible Loadcenter, 30 Space, 60 Circuit, Outdoor, Surface Mount, Plug-On Neutral",Square D,HOM3060L225PRB,225,Convertible,30,60,Outdoor,Surface,Plug-On Neutral,LOAD-CENTER-Square-D-HOM3060L225PRB
"Square D 100A Main Breaker Loadcenter, 30 Space, 60 Circuit, Indoor, Flush Mount, Plug-On Neutral",Square D,HOM3060M100PC,100,Main Breaker,30,60,Indoor,Flush,Plug-On Neutral,LOAD-CENTER-Square-D-HOM3060M100PC
"Square D 150A Main Breaker Loadcenter, 30 Space, 60 Circuit, Indoor, Flush Mount, Plug-On Neutral",Square D,HOM3060M150PC,150,Main Breaker,30,60,Indoor,Flush,Plug-On Neutral,LOAD-CENTER-Square-D-HOM3060M150PC
"Square D 200A Main Breaker Loadcenter, 30 Space, 60 Circuit, Indoor, Flush Mount, Plug-On Neutral",Square D,HOM3060M200PC,200,Main Breaker,30,60,Indoor,Flush,Plug-On Neutral,LOAD-CENTER-Square-D-HOM3060M200PC
"Square D 200A Main Breaker Loadcenter, 30 Space, 60 Circuit, Indoor, Flush Mount, Plug-On Neutral",Square D,HOM3060M200PQCVP,200,Main Breaker,30,60,Indoor,Flush,Plug-On Neutral,LOAD-CENTER-Square-D-HOM3060M200PQCVP
"Square D 200A Main Breaker Loadcenter, 30 Space, 60 Circuit, Outdoor, Surface Mount, Plug-On Neutral",Square D,HOM3060M200PRB,200,Main Breaker,30,60,Outdoor,Surface,Plug-On Neutral,LOAD-CENTER-Square-D-HOM3060M200PRB
"Square D 200A Main Breaker Loadcenter, 30 Space, 60 Circuit, Outdoor, Surface Mount, Plug-On Neutral, Value Pack",Square D,HOM3060M200PRBVP,200,Main Breaker,30,60,Outdoor,Surface,"Plug-On Neutral, Value Pack",LOAD-CENTER-Square-D-HOM3060M200PRBVP
"Square D 225A Convertible Loadcenter, 40 Space, 80 Circuit, Indoor, Flush Mount, Plug-On Neutral, Ground Bar",Square D,HOM4080L225PGC,225,Convertible,40,80,Indoor,Flush,"Plug-On Neutral, Ground Bar",LOAD-CENTER-Square-D-HOM4080L225PGC
"Square D 225A Convertible Loadcenter, 40 Space, 80 Circuit, Outdoor, Surface Mount, Plug-On Neutral",Square D,HOM4080L225PRB,225,Convertible,40,80,Outdoor,Surface,Plug-On Neutral,LOAD-CENTER-Square-D-HOM4080L225PRB
"Square D 200A Main Breaker Loadcenter, 40 Space, 80 Circuit, Indoor, Flush Mount, Plug-On Neutral",Square D,HOM4080M200PC,200,Main Breaker,40,80,Indoor,Flush,Plug-On Neutral,LOAD-CENTER-Square-D-HOM4080M200PC
"Square D 125A Main Lug Only Loadcenter, 4 Space, 8 Circuit, Indoor, Flush Mount, Ground Bar",Square D,HOM48L125GC,125,Main Lug Only,4,8,Indoor,Flush,Ground Bar,LOAD-CENTER-Square-D-HOM48L125GC
"Square D 125A Main Lug Only Loadcenter, 4 Space, 8 Circuit, Outdoor, Surface Mount, Ground Bar",Square D,HOM48L125GRB,125,Main Lug Only,4,8,Outdoor,Surface,Ground Bar,LOAD-CENTER-Square-D-HOM48L125GRB
"Square D 100A Main Lug Only Loadcenter, 6 Space, 12 Circuit, Indoor, Flush Mount",Square D,HOM612L100F,100,Main Lug Only,6,12,Indoor,Flush,,LOAD-CENTER-Square-D-HOM612L100F
"Square D 100A Main Lug Only Loadcenter, 6 Space, 12 Circuit, Outdoor, Surface Mount",Square D,HOM612L100RB,100,Main Lug Only,6,12,Outdoor,Surface,,LOAD-CENTER-Square-D-HOM612L100RB
"Square D 100A Main Lug Only Loadcenter, 6 Space, 12 Circuit, Indoor, Surface Mount",Square D,HOM612L100S,100,Main Lug Only,6,12,Indoor,Surface,,LOAD-CENTER-Square-D-HOM612L100S
"Square D 125A Convertible Loadcenter, 8 Space, 16 Circuit, Indoor, Flush Mount, Plug-On Neutral",Square D,HOM816L125PC,125,Convertible,8,16,Indoor,Flush,Plug-On Neutral,LOAD-CENTER-Square-D-HOM816L125PC
"Square D 125A Convertible Loadcenter, 8 Space, 16 Circuit, Outdoor, Surface Mount, Plug-On Neutral",Square D,HOM816L125PRB,125,Convertible,8,16,Outdoor,Surface,Plug-On Neutral,LOAD-CENTER-Square-D-HOM816L125PRB
"Square D 100A Main Breaker Loadcenter, 8 Space, 16 Circuit, Indoor, Flush Mount, Plug-On Neutral",Square D,HOM816M100PC,100,Main Breaker,8,16,Indoor,Flush,Plug-On Neutral,LOAD-CENTER-Square-D-HOM816M100PC
"Square D 150A Main Breaker Loadcenter, 8 Space, 16 Circuit, Outdoor, Surface Mount, Plug-On Neutral, Feed-through Lugs",Square D,HOM816M150PFTRB,150,Main Breaker,8,16,Outdoor,Surface,"Plug-On Neutral, Feed-through Lugs",LOAD-CENTER-Square-D-HOM816M150PFTRB
"Square D 200A Main Breaker Loadcenter, 8 Space, 16 Circuit, Outdoor, Surface Mount, Plug-On Neutral, Feed-through Lugs",Square D,HOM816M200PFTRB,200,Main Breaker,8,16,Outdoor,Surface,"Plug-On Neutral, Feed-through Lugs",LOAD-CENTER-Square-D-HOM816M200PFTRB
"Leviton 200A Main Breaker Loadcenter, 42 Space, 42 Circuit, Indoor, Flush Mount",Leviton,LP420-BPD,200,Main Breaker,42,42,Indoor,Flush,,LOAD-CENTER-Leviton-LP420-BPD
"Siemens 125A Main Lug Only Loadcenter, 12 Space, 24 Circuit, Indoor, Flush Mount, DISCONTINUED",Siemens,P1224L1125CU,125,Main Lug Only,12,24,Indoor,Flush,DISCONTINUED,LOAD-CENTER-Siemens-P1224L1125CU
"Siemens 125A Main Lug Only Loadcenter, 16 Space, 24 Circuit, Indoor, Flush Mount, DISCONTINUED",Siemens,P1624L1125CU,125,Main Lug Only,16,24,Indoor,Flush,DISCONTINUED,LOAD-CENTER-Siemens-P1624L1125CU
"Siemens 100A Main Breaker Loadcenter, 20 Space, 20 Circuit, Indoor, Flush Mount, DISCONTINUED",Siemens,P2020B1100CU,100,Main Breaker,20,20,Indoor,Flush,DISCONTINUED,LOAD-CENTER-Siemens-P2020B1100CU
"Siemens 125A Main Lug Only Loadcenter, 20 Space, 20 Circuit, Indoor, Flush Mount, DISCONTINUED",Siemens,P2024L1125CU,125,Main Lug Only,20,20,Indoor,Flush,DISCONTINUED,LOAD-CENTER-Siemens-P2024L1125CU
"Siemens 200A Main Breaker Loadcenter, 20 Space, 40 Circuit, Indoor, Flush Mount, DISCONTINUED",Siemens,P2040B1200CU,200,Main Breaker,20,40,Indoor,Flush,DISCONTINUED,LOAD-CENTER-Siemens-P2040B1200CU
"Siemens 100A Main Breaker Loadcenter, 24 Space, 24 Circuit, Indoor, Flush Mount, DISCONTINUED",Siemens,P2424B1100CU,100,Main Breaker,24,24,Indoor,Flush,DISCONTINUED,LOAD-CENTER-Siemens-P2424B1100CU
"Siemens 125A Main Lug Only Loadcenter, 24 Space, 40 Circuit, Indoor, Flush Mount, DISCONTINUED",Siemens,P2440L1125CU,125,Main Lug Only,24,40,Indoor,Flush,DISCONTINUED,LOAD-CENTER-Siemens-P2440L1125CU
"Siemens 100A Main Breaker Loadcenter, 30 Space, 30 Circuit, Indoor, Flush Mount, DISCONTINUED",Siemens,P3030B1100CU,100,Main Breaker,30,30,Indoor,Flush,DISCONTINUED,LOAD-CENTER-Siemens-P3030B1100CU
"Siemens 125A Main Lug Only Loadcenter, 30 Space, 40 Circuit, Indoor, Flush Mount, DISCONTINUED",Siemens,P3040L1125CU,125,Main Lug Only,30,40,Indoor,Flush,DISCONTINUED,LOAD-CENTER-Siemens-P3040L1125CU
"Siemens 200A Main Lug Only Loadcenter, 30 Space, 40 Circuit, Indoor, Flush Mount, DISCONTINUED",Siemens,P3040L1200CU,200,Main Lug Only,30,40,Indoor,Flush,DISCONTINUED,LOAD-CENTER-Siemens-P3040L1200CU
"Siemens 200A Main Breaker Loadcenter, 30 Space, 60 Circuit, Indoor, Flush Mount, DISCONTINUED",Siemens,P3060B1200ACU,200,Main Breaker,30,60,Indoor,Flush,DISCONTINUED,LOAD-CENTER-Siemens-P3060B1200ACU
"Siemens 200A Main Lug Only Loadcenter, 30 Space, 60 Circuit, Indoor, Flush Mount, DISCONTINUED",Siemens,P3060L1200ACU,200,Main Lug Only,30,60,Indoor,Flush,DISCONTINUED,LOAD-CENTER-Siemens-P3060L1200ACU
"Siemens 200A Main Breaker Loadcenter, 40 Space, 40 Circuit, Indoor, Flush Mount, DISCONTINUED",Siemens,P4040B1200,200,Main Breaker,40,40,Indoor,Flush,DISCONTINUED,LOAD-CENTER-Siemens-P4040B1200
"Siemens 200A Main Breaker Loadcenter, 40 Space, 40 Circuit, Indoor, Flush Mount, DISCONTINUED",Siemens,P4040B1200CU,200,Main Breaker,40,40,Indoor,Flush,DISCONTINUED,LOAD-CENTER-Siemens-P4040B1200CU
"Siemens 125A Convertible Loadcenter, 12 Space, 12 Circuit, Indoor, Flush Mount, Plug-On Neutral",Siemens,PN1212L1125C,125,Convertible,12,12,Indoor,Flush,Plug-On Neutral,LOAD-CENTER-Siemens-PN1212L1125C
"Siemens 125A Convertible Loadcenter, 12 Space, 24 Circuit, Indoor, Flush Mount, Plug-On Neutral",Siemens,PN1224L1125C,125,Convertible,12,24,Indoor,Flush,Plug-On Neutral,LOAD-CENTER-Siemens-PN1224L1125C
"Siemens 125A Convertible Loadcenter, 16 Space, 32 Circuit, Indoor, Flush Mount, Plug-On Neutral",Siemens,PN1632L1125C,125,Convertible,16,32,Indoor,Flush,Plug-On Neutral,LOAD-CENTER-Siemens-PN1632L1125C
"Siemens 200A Main Breaker Loadcenter, 20 Space, 40 Circuit, Indoor, Flush Mount, Plug-On Neutral",Siemens,PN2040B1200C,200,Main Breaker,20,40,Indoor,Flush,Plug-On Neutral,LOAD-CENTER-Siemens-PN2040B1200C
"Siemens 125A Convertible Loadcenter, 20 Space, 40 Circuit, Indoor, Flush Mount, Plug-On Neutral",Siemens,PN2040L1125C,125,Convertible,20,40,Indoor,Flush,Plug-On Neutral,LOAD-CENTER-Siemens-PN2040L1125C
"Siemens 150A Convertible Loadcenter, 20 Space, 40 Circuit, Indoor, Flush Mount, Plug-On Neutral",Siemens,PN2040L1150C,150,Convertible,20,40,Indoor,Flush,Plug-On Neutral,LOAD-CENTER-Siemens-PN2040L1150C
"Siemens 200A Convertible Loadcenter, 20 Space, 40 Circuit, Indoor, Flush Mount, Plug-On Neutral",Siemens,PN2040L1200C,200,Convertible,20,40,Indoor,Flush,Plug-On Neutral,LOAD-CENTER-Siemens-PN2040L1200C
"Siemens 125A Convertible Loadcenter, 24 Space, 48 Circuit, Indoor, Flush Mount, Plug-On Neutral",Siemens,PN2448L1125C,125,Convertible,24,48,Indoor,Flush,Plug-On Neutral,LOAD-CENTER-Siemens-PN2448L1125C
"Siemens 100A Main Breaker Loadcenter, 30 Space, 30 Circuit, Indoor, Flush Mount, Plug-On Neutral",Siemens,PN3030B1100C,100,Main Breaker,30,30,Indoor,Flush,Plug-On Neutral,LOAD-CENTER-Siemens-PN3030B1100C
"Siemens 125A Main Breaker Loadcenter, 30 Space, 30 Circuit, Indoor, Flush Mount, Plug-On Neutral",Siemens,PN3030B1125C,125,Main Breaker,30,30,Indoor,Flush,Plug-On Neutral,LOAD-CENTER-Siemens-PN3030B1125C
"Siemens 200A Main Breaker Loadcenter, 30 Space, 40 Circuit, Indoor, Flush Mount, Plug-On Neutral",Siemens,PN3048B1200C,200,Main Breaker,30,40,Indoor,Flush,Plug-On Neutral,LOAD-CENTER-Siemens-PN3048B1200C
"Siemens 125A Convertible Loadcenter, 30 Space, 48 Circuit, Indoor, Flush Mount, Plug-On Neutral",Siemens,PN3048L1125C,125,Convertible,30,48,Indoor,Flush,Plug-On Neutral,LOAD-CENTER-Siemens-PN3048L1125C
"Siemens 200A Convertible Loadcenter, 30 Space, 48 Circuit, Indoor, Flush Mount, Plug-On Neutral",Siemens,PN3048L1200C,200,Convertible,30,48,Indoor,Flush,Plug-On Neutral,LOAD-CENTER-Siemens-PN3048L1200C
"Siemens 200A Main Breaker Loadcenter, 40 Space, 40 Circuit, Indoor, Flush Mount, Plug-On Neutral",Siemens,PN4040B1200C,200,Main Breaker,40,40,Indoor,Flush,Plug-On Neutral,LOAD-CENTER-Siemens-PN4040B1200C
"Siemens 200A Convertible Loadcenter, 40 Space, 40 Circuit, Indoor, Flush Mount, Plug-On Neutral",Siemens,PN4040L1200C,200,Convertible,40,40,Indoor,Flush,Plug-On Neutral,LOAD-CENTER-Siemens-PN4040L1200C
"Siemens 200A Main Breaker Loadcenter, 40 Space, 60 Circuit, Indoor, Flush Mount, Plug-On Neutral",Siemens,PN4060B1200C,200,Main Breaker,40,60,Indoor,Flush,Plug-On Neutral,LOAD-CENTER-Siemens-PN4060B1200C
"Siemens 200A Convertible Loadcenter, 40 Space, 60 Circuit, Indoor, Flush Mount, Plug-On Neutral",Siemens,PN4060L1200C,200,Convertible,40,60,Indoor,Flush,Plug-On Neutral,LOAD-CENTER-Siemens-PN4060L1200C
"Siemens 225A Convertible Loadcenter, 42 Space, 64 Circuit, Indoor, Flush Mount, Plug-On Neutral",Siemens,PN4264L1225C,225,Convertible,42,64,Indoor,Flush,Plug-On Neutral,LOAD-CENTER-Siemens-PN4264L1225C
"Siemens 200A Main Breaker Loadcenter, 8 Space, 16 Circuit, Outdoor, Surface Mount, Plug-On Neutral, Feed-through Lugs",Siemens,PNW0816B1200TC,200,Main Breaker,8,16,Outdoor,Surface,"Plug-On Neutral, Feed-through Lugs",LOAD-CENTER-Siemens-PNW0816B1200TC
"Siemens 200A Main Lug Only Loadcenter, 8 Space, 16 Circuit, Outdoor, Surface Mount, Plug-On Neutral, Feed-through Lugs",Siemens,PNW0816L1200TC,200,Main Lug Only,8,16,Outdoor,Surface,"Plug-On Neutral, Feed-through Lugs",LOAD-CENTER-Siemens-PNW0816L1200TC
"Siemens 125A Main Lug Only Loadcenter, 8 Space, 16 Circuit, Outdoor, Surface Mount, Plug-On Neutral",Siemens,PNW1212L1125C,125,Main Lug Only,8,16,Outdoor,Surface,Plug-On Neutral,LOAD-CENTER-Siemens-PNW1212L1125C
"Siemens 125A Convertible Loadcenter, 12 Space, 24 Circuit, Outdoor, Surface Mount, Plug-On Neutral",Siemens,PNW1224L1125C,125,Convertible,12,24,Outdoor,Surface,Plug-On Neutral,LOAD-CENTER-Siemens-PNW1224L1125C
"Siemens 200A Convertible Loadcenter, 12 Space, 24 Circuit, Outdoor, Surface Mount, Plug-On Neutral",Siemens,PNW1224L1200C,200,Convertible,12,24,Outdoor,Surface,Plug-On Neutral,LOAD-CENTER-Siemens-PNW1224L1200C
"Siemens 125A Convertible Loadcenter, 16 Space, 32 Circuit, Outdoor, Surface Mount, Plug-On Neutral",Siemens,PNW1632L1125C,125,Convertible,16,32,Outdoor,Surface,Plug-On Neutral,LOAD-CENTER-Siemens-PNW1632L1125C
"Siemens 200A Main Breaker Loadcenter, 20 Space, 40 Circuit, Outdoor, Surface Mount, Plug-On Neutral",Siemens,PNW2040B1200C,200,Main Breaker,20,40,Outdoor,Surface,Plug-On Neutral,LOAD-CENTER-Siemens-PNW2040B1200C
"Siemens 150A Convertible Loadcenter, 20 Space, 40 Circuit, Outdoor, Surface Mount, Plug-On Neutral",Siemens,PNW2040L1150C,150,Convertible,20,40,Outdoor,Surface,Plug-On Neutral,LOAD-CENTER-Siemens-PNW2040L1150C
"Siemens 200A Convertible Loadcenter, 20 Space, 40 Circuit, Outdoor, Surface Mount, Plug-On Neutral",Siemens,PNW2040L1200C,200,Convertible,20,40,Outdoor,Surface,Plug-On Neutral,LOAD-CENTER-Siemens-PNW2040L1200C
"Siemens 200A Main Breaker Loadcenter, 30 Space, 48 Circuit, Outdoor, Surface Mount, Plug-On Neutral",Siemens,PNW3048B1200,200,Main Breaker,30,48,Outdoor,Surface,Plug-On Neutral,LOAD-CENTER-Siemens-PNW3048B1200
"Siemens 200A Main Breaker Loadcenter, 30 Space, 48 Circuit, Outdoor, Surface Mount, Plug-On Neutral",Siemens,PNW3048B1200C,200,Main Breaker,30,48,Outdoor,Surface,Plug-On Neutral,LOAD-CENTER-Siemens-PNW3048B1200C
"Siemens 125A Convertible Loadcenter, 30 Space, 48 Circuit, Outdoor, Surface Mount, Plug-On Neutral",Siemens,PNW3048L1125C,125,Convertible,30,48,Outdoor,Surface,Plug-On Neutral,LOAD-CENTER-Siemens-PNW3048L1125C
"Siemens 200A Convertible Loadcenter, 30 Space, 48 Circuit, Outdoor, Surface Mount, Plug-On Neutral",Siemens,PNW3048L1200C,200,Convertible,30,48,Outdoor,Surface,Plug-On Neutral,LOAD-CENTER-Siemens-PNW3048L1200C
"Siemens 200A Main Lug Only Loadcenter, 40 Space, 40 Circuit, Outdoor, Surface Mount, Plug-On Neutral",Siemens,PNW4040B1200C,200,Main Lug Only,40,40,Outdoor,Surface,Plug-On Neutral,LOAD-CENTER-Siemens-PNW4040B1200C
"Siemens 200A Convertible Loadcenter, 40 Space, 40 Circuit, Outdoor, Surface Mount, Plug-On Neutral",Siemens,PNW4040L1200C,200,Convertible,40,40,Outdoor,Surface,Plug-On Neutral,LOAD-CENTER-Siemens-PNW4040L1200C
"Siemens 225A Convertible Loadcenter, 42 Space, 64 Circuit, Outdoor, Surface Mount, Plug-On Neutral",Siemens,PNW4264L1225C,225,Convertible,42,64,Outdoor,Surface,Plug-On Neutral,LOAD-CENTER-Siemens-PNW4264L1225C
"Siemens 200A Main Breaker Loadcenter, 8 Space, 16 Circuit, Outdoor, Surface Mount, DISCONTINUED",Siemens,PW0816B1200TC,200,Main Breaker,8,16,Outdoor,Surface,DISCONTINUED,LOAD-CENTER-Siemens-PW0816B1200TC
"Siemens 200A Main Lug Only Loadcenter, 8 Space, 16 Circuit, Outdoor, Surface Mount, DISCONTINUED",Siemens,PW0816L1200TC,200,Main Lug Only,8,16,Outdoor,Surface,DISCONTINUED,LOAD-CENTER-Siemens-PW0816L1200TC
"Siemens 125A Main Lug Only Loadcenter, 12 Space, 24 Circuit, Outdoor, Surface Mount, DISCONTINUED",Siemens,PW1224L1125CU,125,Main Lug Only,12,24,Outdoor,Surface,DISCONTINUED,LOAD-CENTER-Siemens-PW1224L1125CU
"Siemens 200A Main Lug Only Loadcenter, 12 Space, 24 Circuit, Outdoor, Surface Mount, DISCONTINUED",Siemens,PW1224L1200CU,200,Main Lug Only,12,24,Outdoor,Surface,DISCONTINUED,LOAD-CENTER-Siemens-PW1224L1200CU
"Siemens 200A Main Lug Only Loadcenter, 20 Space, 40 Circuit, Outdoor, Surface Mount, DISCONTINUED",Siemens,PW2040L1200CU,200,Main Lug Only,20,40,Outdoor,Surface,DISCONTINUED,LOAD-CENTER-Siemens-PW2040L1200CU
"Siemens 225A Main Lug Only Loadcenter, 42 Space, 60 Circuit, Outdoor, Surface Mount, DISCONTINUED",Siemens,PW4260L1225CU,225,Main Lug Only,42,60,Outdoor,Surface,DISCONTINUED,LOAD-CENTER-Siemens-PW4260L1225CU
"Square D 200A Main Breaker Enclosure Loadcenter, 2 Space, 2 Circuit, Outdoor, Surface Mount",Square D,Q2200MRBE,200,Main Breaker Enclosure,2,2,Outdoor,Surface,,LOAD-CENTER-Square-D-Q2200MRBE
"Square D 200A Main Breaker Enclosure Loadcenter, 2 Space, 2 Circuit, Outdoor, Surface Mount",Square D,Q22200NRB,200,Main Breaker Enclosure,2,2,Outdoor,Surface,,LOAD-CENTER-Square-D-Q22200NRB
"Square D 125A Convertible Loadcenter, 12 Space, 24 Circuit, Outdoor, Surface Mount, DISCONTINUED",Square D,QO11224L125GRB,125,Convertible,12,24,Outdoor,Surface,DISCONTINUED,LOAD-CENTER-Square-D-QO11224L125GRB
"Square D 125A Convertible Loadcenter, 12 Space, 24 Circuit, Outdoor, Surface Mount, Plug-On Neutral, Ground Bar",Square D,QO112L125PGRB,125,Convertible,12,24,Outdoor,Surface,"Plug-On Neutral, Ground Bar",LOAD-CENTER-Square-D-QO112L125PGRB
"Square D 200A Convertible Loadcenter, 12 Space, 24 Circuit, Outdoor, Surface Mount, Plug-On Neutral, Ground Bar",Square D,QO112L200PGRB,200,Convertible,12,24,Outdoor,Surface,"Plug-On Neutral, Ground Bar",LOAD-CENTER-Square-D-QO112L200PGRB
"Square D 100A Main Breaker Loadcenter, 12 Space, 24 Circuit, Outdoor, Surface Mount, Plug-On Neutral",Square D,QO112M100PRB,100,Main Breaker,12,24,Outdoor,Surface,Plug-On Neutral,LOAD-CENTER-Square-D-QO112M100PRB
"Square D 125A Convertible Loadcenter, 16 Space, 24 Circuit, Indoor, Flush Mount, Plug-On Neutral, Ground Bar",Square D,QO116L125PG,125,Convertible,16,24,Indoor,Flush,"Plug-On Neutral, Ground Bar",LOAD-CENTER-Square-D-QO116L125PG
"Square D 125A Main Lug Only Loadcenter, 24 Space, 24 Circuit, Outdoor, Surface Mount, DISCONTINUED",Square D,QO124L125GRB,125,Main Lug Only,24,24,Outdoor,Surface,DISCONTINUED,LOAD-CENTER-Square-D-QO124L125GRB
"Square D 200A Main Lug Only Loadcenter, 30 Space, 30 Circuit, Outdoor, Surface Mount, DISCONTINUED",Square D,QO130L200GRB,200,Main Lug Only,30,30,Outdoor,Surface,DISCONTINUED,LOAD-CENTER-Square-D-QO130L200GRB
"Square D 200A Convertible Loadcenter, 30 Space, 40 Circuit, Outdoor, Surface Mount, Plug-On Neutral, Ground Bar",Square D,QO130L200PGRB,200,Convertible,30,40,Outdoor,Surface,"Plug-On Neutral, Ground Bar",LOAD-CENTER-Square-D-QO130L200PGRB
"Square D 150A Main Breaker Loadcenter, 30 Space, 40 Circuit, Outdoor, Surface Mount, Plug-On Neutral, Ground Bar",Square D,QO130M150PRB,150,Main Breaker,30,40,Outdoor,Surface,"Plug-On Neutral, Ground Bar",LOAD-CENTER-Square-D-QO130M150PRB
"Square D 200A Main Breaker Loadcenter, 40 Space, 60 Circuit, Outdoor, Surface Mount, Plug-On Neutral, Ground Bar",Square D,QO140M200PRB,200,Main Breaker,40,60,Outdoor,Surface,"Plug-On Neutral, Ground Bar",LOAD-CENTER-Square-D-QO140M200PRB
"Square D 200A Main Breaker Loadcenter, 40 Space, 40 Circuit, Outdoor, Surface Mount, DISCONTINUED",Square D,QO140M200RB,200,Main Breaker,40,40,Outdoor,Surface,DISCONTINUED,LOAD-CENTER-Square-D-QO140M200RB
"Square D 200A Main Breaker Loadcenter, 42 Space, 52 Circuit, Indoor, Flush Mount, Plug-On Neutral",Square D,QO142M200P,200,Main Breaker,42,52,Indoor,Flush,Plug-On Neutral,LOAD-CENTER-Square-D-QO142M200P
"Square D 200A Main Breaker Loadcenter, 42 Space, 52 Circuit, Outdoor, Surface Mount, Plug-On Neutral",Square D,QO142M200PRB,200,Main Breaker,42,52,Outdoor,Surface,Plug-On Neutral,LOAD-CENTER-Square-D-QO142M200PRB
"Square D 200A Main Breaker Loadcenter, 8 Space, 16 Circuit, Outdoor, Surface Mount, Feed-through Lugs",Square D,QO1816M200FTRB,200,Main Breaker,8,16,Outdoor,Surface,Feed-through Lugs,LOAD-CENTER-Square-D-QO1816M200FTRB
"Square D 100A Main Breaker Enclosure Loadcenter, 2 Space, 2 Circuit, Outdoor, Surface Mount",Square D,QO2100BNRB,100,Main Breaker Enclosure,2,2,Outdoor,Surface,,LOAD-CENTER-Square-D-QO2100BNRB
"Square D 100A Main Breaker Loadcenter, 2 Space, 2 Circuit, Outdoor, Surface Mount",Square D,QO2100BNS,100,Main Breaker,2,2,Outdoor,Surface,,LOAD-CENTER-Square-D-QO2100BNS
"Square D 125A Main Breaker Loadcenter, 2 Space, 2 Circuit, Outdoor, Surface Mount, DISCONTINUED",Square D,QO2125BNF,125,Main Breaker,2,2,Outdoor,Surface,DISCONTINUED,LOAD-CENTER-Square-D-QO2125BNF
"Square D 70A Main Lug Only Loadcenter, 2 Space, 4 Circuit, Outdoor, Flush Mount, DISCONTINUED",Square D,QO24L70F,70,Main Lug Only,2,4,Outdoor,Flush,DISCONTINUED,LOAD-CENTER-Square-D-QO24L70F
"Square D 70A Main Lug Only Loadcenter, 2 Space, 4 Circuit, Outdoor, Surface Mount",Square D,QO24L70RB,70,Main Lug Only,2,4,Outdoor,Surface,,LOAD-CENTER-Square-D-QO24L70RB
"Square D 70A Main Lug Only Loadcenter, 2 Space, 4 Circuit, Indoor, Surface Mount",Square D,QO24L70S,70,Main Lug Only,2,4,Indoor,Surface,,LOAD-CENTER-Square-D-QO24L70S
"Square D 100A Main Lug Only Loadcenter, 6 Space, 12 Circuit, Indoor, Flush Mount",Square D,QO612L100DF,100,Main Lug Only,6,12,Indoor,Flush,,LOAD-CENTER-Square-D-QO612L100DF
"Square D 100A Main Lug Only Loadcenter, 6 Space, 12 Circuit, Outdoor, Surface Mount",Square D,QO612L100RB,100,Main Lug Only,6,12,Outdoor,Surface,,LOAD-CENTER-Square-D-QO612L100RB
"Square D 100A Main Lug Only Loadcenter, 8 Space, 16 Circuit, Indoor, Flush Mount",Square D,QO816L100F,100,Main Lug Only,8,16,Indoor,Flush,,LOAD-CENTER-Square-D-QO816L100F
"Square D 100A Main Lug Only Loadcenter, 8 Space, 16 Circuit, Outdoor, Surface Mount",Square D,QO816L100RB,100,Main Lug Only,8,16,Outdoor,Surface,,LOAD-CENTER-Square-D-QO816L100RB
"Square D 225A Main Breaker Enclosure Loadcenter, 2 Space, 2 Circuit, Outdoor, Surface Mount",Square D,QOM22225NRB,225,Main Breaker Enclosure,2,2,Outdoor,Surface,,LOAD-CENTER-Square-D-QOM22225NRB
"Square D 200A Main Breaker Enclosure Loadcenter, 2 Space, 2 Circuit, Outdoor, Surface Mount",Square D,QOM2E2200NRB,200,Main Breaker Enclosure,2,2,Outdoor,Surface,,LOAD-CENTER-Square-D-QOM2E2200NRB
"Siemens 100A Main Breaker Loadcenter, 12 Space, 24 Circuit, Indoor, Flush Mount, DISCONTINUED",Siemens,S1224B1100,100,Main Breaker,12,24,Indoor,Flush,DISCONTINUED,LOAD-CENTER-Siemens-S1224B1100
"Siemens 125A Main Lug Only Loadcenter, 12 Space, 24 Circuit, Indoor, Flush Mount, DISCONTINUED",Siemens,S1224L1125,125,Main Lug Only,12,24,Indoor,Flush,DISCONTINUED,LOAD-CENTER-Siemens-S1224L1125
"Siemens 200A Main Breaker Loadcenter, 20 Space, 40 Circuit, Indoor, Flush Mount, DISCONTINUED",Siemens,S2040B1200,200,Main Breaker,20,40,Indoor,Flush,DISCONTINUED,LOAD-CENTER-Siemens-S2040B1200
"Siemens 200A Main Lug Only Loadcenter, 20 Space, 40 Circuit, Indoor, Flush Mount, DISCONTINUED",Siemens,S2040L1200,200,Main Lug Only,20,40,Indoor,Flush,DISCONTINUED,LOAD-CENTER-Siemens-S2040L1200
"Siemens 125A Main Breaker Loadcenter, 24 Space, 24 Circuit, Indoor, Flush Mount, DISCONTINUED",Siemens,S2424B1125,125,Main Breaker,24,24,Indoor,Flush,DISCONTINUED,LOAD-CENTER-Siemens-S2424B1125
"Siemens 100A Main Breaker Loadcenter, 30 Space, 30 Circuit, Indoor, Flush Mount, DISCONTINUED",Siemens,S3030B1100,100,Main Breaker,30,30,Indoor,Flush,DISCONTINUED,LOAD-CENTER-Siemens-S3030B1100
"Siemens 200A Main Breaker Loadcenter, 30 Space, 40 Circuit, Indoor, Flush Mount, DISCONTINUED",Siemens,S3040B1200,200,Main Breaker,30,40,Indoor,Flush,DISCONTINUED,LOAD-CENTER-Siemens-S3040B1200
"Siemens 200A Main Breaker Loadcenter, 30 Space, 60 Circuit, Indoor, Flush Mount, DISCONTINUED",Siemens,S3060B1200A,200,Main Breaker,30,60,Indoor,Flush,DISCONTINUED,LOAD-CENTER-Siemens-S3060B1200A
"Siemens 200A Main Breaker Loadcenter, 40 Space, 40 Circuit, Indoor, Flush Mount, DISCONTINUED",Siemens,S4040B1200,200,Main Breaker,40,40,Indoor,Flush,DISCONTINUED,LOAD-CENTER-Siemens-S4040B1200
"Siemens 100A Main Breaker Loadcenter, 12 Space, 24 Circuit, Indoor, Flush Mount, Plug-On Neutral",Siemens,SN1224B1100,100,Main Breaker,12,24,Indoor,Flush,Plug-On Neutral,LOAD-CENTER-Siemens-SN1224B1100
"Siemens 125A Main Lug Only Loadcenter, 12 Space, 24 Circuit, Indoor, Flush Mount, Plug-On Neutral",Siemens,SN1224L1125,125,Main Lug Only,12,24,Indoor,Flush,Plug-On Neutral,LOAD-CENTER-Siemens-SN1224L1125
"Siemens 125A Main Lug Only Loadcenter, 16 Space, 32 Circuit, Indoor, Flush Mount, Plug-On Neutral",Siemens,SN1632L1125,125,Main Lug Only,16,32,Indoor,Flush,Plug-On Neutral,LOAD-CENTER-Siemens-SN1632L1125
"Siemens 100A Main Lug Only Loadcenter, 20 Space, 40 Circuit, Indoor, Flush Mount, Plug-On Neutral",Siemens,SN2040B1100,100,Main Lug Only,20,40,Indoor,Flush,Plug-On Neutral,LOAD-CENTER-Siemens-SN2040B1100
"Siemens 200A Main Breaker Loadcenter, 20 Space, 40 Circuit, Indoor, Flush Mount, Plug-On Neutral",Siemens,SN2040B1200,200,Main Breaker,20,40,Indoor,Flush,Plug-On Neutral,LOAD-CENTER-Siemens-SN2040B1200
"Siemens 125A Main Breaker Loadcenter, 20 Space, 40 Circuit, Indoor, Flush Mount, Plug-On Neutral",Siemens,SN2040L1125,125,Main Breaker,20,40,Indoor,Flush,Plug-On Neutral,LOAD-CENTER-Siemens-SN2040L1125
"Siemens 125A Main Lug Only Loadcenter, 24 Space, 24 Circuit, Indoor, Flush Mount, Plug-On Neutral",Siemens,SN2424L1125,125,Main Lug Only,24,24,Indoor,Flush,Plug-On Neutral,LOAD-CENTER-Siemens-SN2424L1125
"Siemens 125A Main Lug Only Loadcenter, 24 Space, 48 Circuit, Indoor, Flush Mount, Plug-On Neutral",Siemens,SN2448L1125,125,Main Lug Only,24,48,Indoor,Flush,Plug-On Neutral,LOAD-CENTER-Siemens-SN2448L1125
"Siemens 125A Main Breaker Loadcenter, 30 Space, 30 Circuit, Indoor, Flush Mount, Plug-On Neutral",Siemens,SN3030B1125,125,Main Breaker,30,30,Indoor,Flush,Plug-On Neutral,LOAD-CENTER-Siemens-SN3030B1125
"Siemens 150A Main Breaker Loadcenter, 30 Space, 30 Circuit, Indoor, Flush Mount, Plug-On Neutral",Siemens,SN3030B1150,150,Main Breaker,30,30,Indoor,Flush,Plug-On Neutral,LOAD-CENTER-Siemens-SN3030B1150
"Siemens 100A Main Breaker Loadcenter, 30 Space, 48 Circuit, Indoor, Flush Mount, Plug-On Neutral",Siemens,SN3048B1100,100,Main Breaker,30,48,Indoor,Flush,Plug-On Neutral,LOAD-CENTER-Siemens-SN3048B1100
"Siemens 200A Main Lug Only Loadcenter, 30 Space, 48 Circuit, Indoor, Flush Mount, Plug-On Neutral",Siemens,SN3048B1200,200,Main Lug Only,30,48,Indoor,Flush,Plug-On Neutral,LOAD-CENTER-Siemens-SN3048B1200
"Siemens 125A Main Breaker Loadcenter, 30 Space, 48 Circuit, Indoor, Flush Mount, Plug-On Neutral",Siemens,SN3048L1125,125,Main Breaker,30,48,Indoor,Flush,Plug-On Neutral,LOAD-CENTER-Siemens-SN3048L1125
"Siemens 200A Main Lug Only Loadcenter, 30 Space, 48 Circuit, Indoor, Flush Mount, Plug-On Neutral",Siemens,SN3048L1200,200,Main Lug Only,30,48,Indoor,Flush,Plug-On Neutral,LOAD-CENTER-Siemens-SN3048L1200
"Siemens 200A Main Breaker Loadcenter, 40 Space, 40 Circuit, Indoor, Flush Mount, Plug-On Neutral",Siemens,SN4040B1200,200,Main Breaker,40,40,Indoor,Flush,Plug-On Neutral,LOAD-CENTER-Siemens-SN4040B1200
"Siemens 200A Main Lug Only Loadcenter, 40 Space, 60 Circuit, Indoor, Flush Mount, Plug-On Neutral",Siemens,SN4060B1200,200,Main Lug Only,40,60,Indoor,Flush,Plug-On Neutral,LOAD-CENTER-Siemens-SN4060B1200
"Siemens 225A Main Lug Only Loadcenter, 54 Space, 82 Circuit, Indoor, Flush Mount, Plug-On Neutral",Siemens,SN5482L1225,225,Main Lug Only,54,82,Indoor,Flush,Plug-On Neutral,LOAD-CENTER-Siemens-SN5482L1225
"Siemens 200A Main Breaker Loadcenter, 8 Space, 16 Circuit, Outdoor, Surface Mount, Plug-On Neutral, Feed-through Lugs",Siemens,SNW0816B1200T,200,Main Breaker,8,16,Outdoor,Surface,"Plug-On Neutral, Feed-through Lugs",LOAD-CENTER-Siemens-SNW0816B1200T
"Siemens 200A Main Lug Only Loadcenter, 8 Space, 16 Circuit, Outdoor, Surface Mount, Plug-On Neutral, Feed-through Lugs",Siemens,SNW0816L1200T,200,Main Lug Only,8,16,Outdoor,Surface,"Plug-On Neutral, Feed-through Lugs",LOAD-CENTER-Siemens-SNW0816L1200T
"Siemens 125A Main Lug Only Loadcenter, 12 Space, 12 Circuit, Outdoor, Surface Mount, Plug-On Neutral",Siemens,SNW1212L1125,125,Main Lug Only,12,12,Outdoor,Surface,Plug-On Neutral,LOAD-CENTER-Siemens-SNW1212L1125
"Siemens 100A Main Breaker Loadcenter, 12 Space, 24 Circuit, Outdoor, Surface Mount, Plug-On Neutral",Siemens,SNW1224B1100,100,Main Breaker,12,24,Outdoor,Surface,Plug-On Neutral,LOAD-CENTER-Siemens-SNW1224B1100
"Siemens 125A Main Lug Only Loadcenter, 12 Space, 24 Circuit, Outdoor, Surface Mount, Plug-On Neutral",Siemens,SNW1224L1125,125,Main Lug Only,12,24,Outdoor,Surface,Plug-On Neutral,LOAD-CENTER-Siemens-SNW1224L1125
"Siemens 200A Main Breaker Loadcenter, 12 Space, 24 Circuit, Outdoor, Surface Mount, Plug-On Neutral",Siemens,SNW1224L1200,200,Main Breaker,12,24,Outdoor,Surface,Plug-On Neutral,LOAD-CENTER-Siemens-SNW1224L1200
"Siemens 125A Main Lug Only Loadcenter, 16 Space, 32 Circuit, Outdoor, Surface Mount, Plug-On Neutral",Siemens,SNW1632L1125,125,Main Lug Only,16,32,Outdoor,Surface,Plug-On Neutral,LOAD-CENTER-Siemens-SNW1632L1125
"Siemens 200A Main Breaker Loadcenter, 20 Space, 40 Circuit, Outdoor, Surface Mount, Plug-On Neutral",Siemens,SNW2040B1200,200,Main Breaker,20,40,Outdoor,Surface,Plug-On Neutral,LOAD-CENTER-Siemens-SNW2040B1200
"Siemens 200A Main Lug Only Loadcenter, 20 Space, 40 Circuit, Outdoor, Surface Mount, Plug-On Neutral",Siemens,SNW2040L1200,200,Main Lug Only,20,40,Outdoor,Surface,Plug-On Neutral,LOAD-CENTER-Siemens-SNW2040L1200
"Siemens 125A Main Breaker Loadcenter, 24 Space, 24 Circuit, Outdoor, Surface Mount, Plug-On Neutral",Siemens,SNW2424B1125,125,Main Breaker,24,24,Outdoor,Surface,Plug-On Neutral,LOAD-CENTER-Siemens-SNW2424B1125
"Siemens 125A Main Lug Only Loadcenter, 24 Space, 24 Circuit, Outdoor, Surface Mount, Plug-On Neutral",Siemens,SNW2424L1125,125,Main Lug Only,24,24,Outdoor,Surface,Plug-On Neutral,LOAD-CENTER-Siemens-SNW2424L1125
"Siemens 150A Main Breaker Loadcenter, 30 Space, 48 Circuit, Outdoor, Surface Mount, Plug-On Neutral",Siemens,SNW3048B1150,150,Main Breaker,30,48,Outdoor,Surface,Plug-On Neutral,LOAD-CENTER-Siemens-SNW3048B1150
"Siemens 200A Main Breaker Loadcenter, 30 Space, 48 Circuit, Outdoor, Surface Mount, Plug-On Neutral",Siemens,SNW3048B1200,200,Main Breaker,30,48,Outdoor,Surface,Plug-On Neutral,LOAD-CENTER-Siemens-SNW3048B1200
"Siemens 200A Main Lug Only Loadcenter, 30 Space, 48 Circuit, Outdoor, Surface Mount, Plug-On Neutral",Siemens,SNW3048L1200,200,Main Lug Only,30,48,Outdoor,Surface,Plug-On Neutral,LOAD-CENTER-Siemens-SNW3048L1200
"Siemens 200A Main Breaker Loadcenter, 40 Space, 40 Circuit, Outdoor, Surface Mount, Plug-On Neutral",Siemens,SNW4040B1200,200,Main Breaker,40,40,Outdoor,Surface,Plug-On Neutral,LOAD-CENTER-Siemens-SNW4040B1200
"Siemens 125A Main Lug Only Loadcenter, 40 Space, 40 Circuit, Outdoor, Surface Mount, Plug-On Neutral",Siemens,SNW4040L1200,125,Main Lug Only,40,40,Outdoor,Surface,Plug-On Neutral,LOAD-CENTER-Siemens-SNW4040L1200
"Siemens 200A Main Breaker Loadcenter, 8 Space, 16 Circuit, Outdoor, Surface Mount, DISCONTINUED",Siemens,SW0816B1200T,200,Main Breaker,8,16,Outdoor,Surface,DISCONTINUED,LOAD-CENTER-Siemens-SW0816B1200T
"Siemens 100A Main Breaker Loadcenter, 12 Space, 24 Circuit, Outdoor, Surface Mount, DISCONTINUED",Siemens,SW1224B1100,100,Main Breaker,12,24,Outdoor,Surface,DISCONTINUED,LOAD-CENTER-Siemens-SW1224B1100
"Siemens 125A Main Lug Only Loadcenter, 12 Space, 24 Circuit, Outdoor, Surface Mount, DISCONTINUED",Siemens,SW1224L1125,125,Main Lug Only,12,24,Outdoor,Surface,DISCONTINUED,LOAD-CENTER-Siemens-SW1224L1125
"Siemens 100A Main Breaker Loadcenter, 16 Space, 24 Circuit, Outdoor, Surface Mount, DISCONTINUED",Siemens,SW1624B1100,100,Main Breaker,16,24,Outdoor,Surface,DISCONTINUED,LOAD-CENTER-Siemens-SW1624B1100
"Siemens 125A Main Lug Only Loadcenter, 16 Space, 24 Circuit, Outdoor, Surface Mount, DISCONTINUED",Siemens,SW1624L1125,125,Main Lug Only,16,24,Outdoor,Surface,DISCONTINUED,LOAD-CENTER-Siemens-SW1624L1125
"Siemens 200A Main Breaker Loadcenter, 20 Space, 40 Circuit, Outdoor, Surface Mount, DISCONTINUED",Siemens,SW2040B1200,200,Main Breaker,20,40,Outdoor,Surface,DISCONTINUED,LOAD-CENTER-Siemens-SW2040B1200
"Siemens 200A Main Lug Only Loadcenter, 20 Space, 40 Circuit, Outdoor, Surface Mount, DISCONTINUED",Siemens,SW2040L1200,200,Main Lug Only,20,40,Outdoor,Surface,DISCONTINUED,LOAD-CENTER-Siemens-SW2040L1200
"Siemens 150A Main Breaker Loadcenter, 30 Space, 40 Circuit, Outdoor, Surface Mount, DISCONTINUED",Siemens,SW3040B1150,150,Main Breaker,30,40,Outdoor,Surface,DISCONTINUED,LOAD-CENTER-Siemens-SW3040B1150
"Siemens 200A Main Breaker Loadcenter, 30 Space, 40 Circuit, Outdoor, Surface Mount, DISCONTINUED",Siemens,SW3040B1200,200,Main Breaker,30,40,Outdoor,Surface,DISCONTINUED,LOAD-CENTER-Siemens-SW3040B1200
"Siemens 200A Main Lug Only Loadcenter, 30 Space, 40 Circuit, Outdoor, Surface Mount, DISCONTINUED",Siemens,SW3040L1200,200,Main Lug Only,30,40,Outdoor,Surface,DISCONTINUED,LOAD-CENTER-Siemens-SW3040L1200
"Siemens 200A Main Breaker Loadcenter, 40 Space, 40 Circuit, Outdoor, Surface Mount, DISCONTINUED",Siemens,SW4040B1200,200,Main Breaker,40,40,Outdoor,Surface,DISCONTINUED,LOAD-CENTER-Siemens-SW4040B1200
"GE 125A Main Breaker Loadcenter, 12 Space, 12 Circuit, Outdoor, Surface Mount",GE,TLM1212RCU,125,Main Breaker,12,12,Outdoor,Surface,,LOAD-CENTER-GE-TLM1212RCU
"GE 200A Main Lug Only Loadcenter, 20 Space, 40 Circuit, Outdoor, Surface Mount",GE,TLM2020RCU,200,Main Lug Only,20,40,Outdoor,Surface,,LOAD-CENTER-GE-TLM2020RCU
"GE 125A Main Lug Only Loadcenter, 24 Space, 24 Circuit, Outdoor, Surface Mount",GE,TLM2412RCU,125,Main Lug Only,24,24,Outdoor,Surface,,LOAD-CENTER-GE-TLM2412RCU
"GE 125A Main Lug Only Loadcenter, 8 Space, 16 Circuit, Outdoor, Surface Mount",GE,TLM812RCU,125,Main Lug Only,8,16,Outdoor,Surface,,LOAD-CENTER-GE-TLM812RCU
"GE 200A Main Breaker Loadcenter, 8 Space, 16 Circuit, Outdoor, Surface Mount",GE,TSM820CSCU,200,Main Breaker,8,16,Outdoor,Surface,,LOAD-CENTER-GE-TSM820CSCU
"Midwest 200A Main Breaker Loadcenter, 4 Space, 4 Circuit, Outdoor, Surface Mount",Midwest,U281C1,200,Main Breaker,4,4,Outdoor,Surface,,LOAD-CENTER-Midwest-U281C1
"Siemens 100A Main Breaker Enclosure Loadcenter, 2 Space, 2 Circuit, Outdoor, Surface Mount",Siemens,W0202MB1100CU,100,Main Breaker Enclosure,2,2,Outdoor,Surface,,LOAD-CENTER-Siemens-W0202MB1100CU
"Siemens 150A Main Breaker Enclosure Loadcenter, 2 Space, 2 Circuit, Outdoor, Surface Mount",Siemens,W0202MB1150CU,150,Main Breaker Enclosure,2,2,Outdoor,Surface,,LOAD-CENTER-Siemens-W0202MB1150CU
"Siemens 200A Main Breaker Enclosure Loadcenter, 2 Space, 2 Circuit, Outdoor, Surface Mount",Siemens,W0202MB1200CU,200,Main Breaker Enclosure,2,2,Outdoor,Surface,,LOAD-CENTER-Siemens-W0202MB1200CU
"Siemens 200A Main Breaker Enclosure Loadcenter, 2 Space, 2 Circuit, Outdoor, Surface Mount",Siemens,W0202ML1200CU,200,Main Breaker Enclosure,2,2,Outdoor,Surface,,LOAD-CENTER-Siemens-W0202ML1200CU
"Siemens 60A Main Lug Only Loadcenter, 2 Space, 4 Circuit, Outdoor, Surface Mount",Siemens,W0204ML1060,60,Main Lug Only,2,4,Outdoor,Surface,,LOAD-CENTER-Siemens-W0204ML1060
"Siemens 60A Main Lug Only Loadcenter, 2 Space, 4 Circuit, Outdoor, Surface Mount",Siemens,W0204ML1060U,60,Main Lug Only,2,4,Outdoor,Surface,,LOAD-CENTER-Siemens-W0204ML1060U
"Siemens 150A Main Breaker Loadcenter, 4 Space, 4 Circuit, Outdoor, Surface Mount",Siemens,W0404MB1150CTS,150,Main Breaker,4,4,Outdoor,Surface,,LOAD-CENTER-Siemens-W0404MB1150CTS
"Siemens 200A Main Breaker Loadcenter, 4 Space, 4 Circuit, Outdoor, Surface Mount",Siemens,W0404MB1200CT,200,Main Breaker,4,4,Outdoor,Surface,,LOAD-CENTER-Siemens-W0404MB1200CT
"Siemens 200A Main Breaker Loadcenter, 4 Space, 4 Circuit, Outdoor, Surface Mount",Siemens,W0404MB1200CTS,200,Main Breaker,4,4,Outdoor,Surface,,LOAD-CENTER-Siemens-W0404MB1200CTS
"Siemens 60A Main Lug Only Loadcenter, 4 Space, 8 Circuit, Outdoor, Surface Mount",Siemens,W0408L1125SPA60,60,Main Lug Only,4,8,Outdoor,Surface,,LOAD-CENTER-Siemens-W0408L1125SPA60
"Siemens 125A Main Lug Only Loadcenter, 4 Space, 8 Circuit, Outdoor, Surface Mount",Siemens,W0408ML1125,125,Main Lug Only,4,8,Outdoor,Surface,,LOAD-CENTER-Siemens-W0408ML1125
"Siemens 125A Main Lug Only Loadcenter, 8 Space, 16 Circuit, Outdoor, Surface Mount",Siemens,W0816ML1125CU,125,Main Lug Only,8,16,Outdoor,Surface,,LOAD-CENTER-Siemens-W0816ML1125CU
"Siemens 200A Main Breaker Enclosure Loadcenter, 1 Space, 1 Circuit, Outdoor, Surface Mount, DISCONTINUED",Siemens,WB2200BQR,200,Main Breaker Enclosure,1,1,Outdoor,Surface,DISCONTINUED,LOAD-CENTER-Siemens-WB2200BQR
