Description,Manufacturer,Part Number,Rating,Meter Socket Series,Meter Socket Type,Meter Socket Style,Meter Socket Feed,Meter Socket Positions,Meter Socket Bypass,Meter Socket Jaws,Mount,Meter Socket Features,BRSID
"Eaton B-Line Meter Socket, 125A, Ring Style, OH/UG, 1-Position, No Bypass, 4 Jaws, Surface Mount",Eaton,011,125,B-Line,Meter Socket,Ring,OH/UG,1,,4,Surface,,METER-SOCKET-Eaton-011
"Eaton B-Line Meter Socket, 125A, Ring Style, OH/UG, 1-Position, No Bypass, 4 Jaws, Flush Mount",Eaton,011 F,125,B-Line,Meter Socket,Ring,OH/UG,1,,4,Flush,,METER-SOCKET-Eaton-011-F
"Eaton B-Line Meter Socket, 125A, Ring Style, OH/UG, 1-Position, No Bypass, 4 Jaws, Surface Mount, Solar Ready",Eaton,011 MS25,125,B-Line,Meter Socket,Ring,OH/UG,1,,4,Surface,Solar Ready,METER-SOCKET-Eaton-011-MS25
"Eaton B-Line Meter Socket, 125A, Ring Style, OH/UG, 1-Position, No Bypass, 4 Jaws, Surface Mount, SRP",Eaton,011 SRP,125,B-Line,Meter Socket,Ring,OH/UG,1,,4,Surface,SRP,METER-SOCKET-Eaton-011-SRP
"Eaton Cutler Hammer Meter Socket, 200A, Ringless Style, OH ONLY, 1-Position, Horn Bypass, 4 Jaws, Surface Mount, 2 in Bolt-On Hub",Eaton,1004455BCH,200,Cutler Hammer,Meter Socket,Ringless,OH,1,Horn,4,Surface,2 in Bolt-On Hub,METER-SOCKET-Eaton-1004455BCH
"Eaton Cutler Hammer Meter Socket, 125A, Ringless Style, OH ONLY, 1-Position, No Bypass, 4 Jaws, Surface Mount, 1-1/4 in Bolt-On Hub",Eaton,1004931BCH,125,Cutler Hammer,Meter Socket,Ringless,OH,1,,4,Surface,1-1/4 in Bolt-On Hub,METER-SOCKET-Eaton-1004931BCH
"Eaton Cutler Hammer Meter Socket, 200A, Ringless Style, UG ONLY, 2-Position, Horn Bypass, 4 Jaws, Surface Mount, Pedestal",Eaton,1009264CH,200,Cutler Hammer,Meter Socket,Ringless,UG,2,Horn,4,Surface,Pedestal,METER-SOCKET-Eaton-1009264CH
"Eaton Cutler Hammer Meter Socket, 200A, Ringless Style, OH/UG, 1-Position, Horn Bypass, 5 Jaws, Surface Mount",Eaton,1010291CH,200,Cutler Hammer,Meter Socket,Ringless,OH/UG,1,Horn,5,Surface,,METER-SOCKET-Eaton-1010291CH
"Eaton B-Line Meter Socket, 100A, Ring Style, OH/UG, 1-Position, TB Bypass, 4 Jaws, Surface Mount",Eaton,114 TB,100,B-Line,Meter Socket,Ring,OH/UG,1,TB,4,Surface,,METER-SOCKET-Eaton-114-TB
"Eaton B-Line Meter Socket, 200A, Ring Style, OH/UG, 1-Position, TB Bypass, 4 Jaws, Surface Mount",Eaton,124 TB,200,B-Line,Meter Socket,Ring,OH/UG,1,TB,4,Surface,,METER-SOCKET-Eaton-124-TB
"Eaton B-Line Meter Socket, 200A, Ring Style, OH ONLY, 1-Position, No Bypass, 4 Jaws, Surface Mount",Eaton,204,200,B-Line,Meter Socket,Ring,OH,1,,4,Surface,,METER-SOCKET-Eaton-204
"Eaton B-Line Meter Socket, 200A, Ring Style, OH ONLY, 1-Position, No Bypass, 4 Jaws, Surface Mount, AW or 2"" Hub",Eaton,204 MS68,200,B-Line,Meter Socket,Ring,OH,1,,4,Surface,"AW or 2"" Hub",METER-SOCKET-Eaton-204-MS68
"Eaton Cutler Hammer Meter/Main Combo, 200A, Ring Style, OH/UG, 1-Position, No Bypass, 4 Jaws, Surface Mount",Eaton,CMBE88B200BTS,200,Cutler Hammer,Meter/Main Combo,Ring,OH/UG,1,,4,Surface,,METER-SOCKET-Eaton-CMBE88B200BTS
"Eaton BR Meter/Main Combo, 400A, Ring Style, UG ONLY, 1-Position, No Bypass, 4 Jaws, Surface Mount, Feed-Through Lugs",Eaton,HP816P400BS,400,BR,Meter/Main Combo,Ring,UG,1,,4,Surface,Feed-Through Lugs,METER-SOCKET-Eaton-HP816P400BS
"Eaton BR Meter/Main Combo, 200A, Ringless Style, OH/UG, 1-Position, No Bypass, 4 Jaws, Surface Mount, Copper Bus",Eaton,MB2040B200BTS,200,BR,Meter/Main Combo,Ringless,OH/UG,1,,4,Surface,Copper Bus,METER-SOCKET-Eaton-MB2040B200BTS
"Eaton BR Meter/Main Combo, 200A, Ringless Style, OH/UG, 1-Position, No Bypass, 4 Jaws, Surface Mount",Eaton,MB816P200BTS,200,BR,Meter/Main Combo,Ringless,OH/UG,1,,4,Surface,,METER-SOCKET-Eaton-MB816P200BTS
"Eaton BR Meter/Main Combo, 200A, Ring Style, OH/UG, 1-Position, No Bypass, 4 Jaws, Surface Mount, RH-Type Hub",Eaton,MBE2040B200BTS,200,BR,Meter/Main Combo,Ring,OH/UG,1,,4,Surface,RH-Type Hub,METER-SOCKET-Eaton-MBE2040B200BTS
"Eaton BR Meter/Main Combo, 225A, Ring Style, OH/UG, 1-Position, No Bypass, 4 Jaws, Flush Mount, RH-Type Hub",Eaton,MBE2040B225BTF,225,BR,Meter/Main Combo,Ring,OH/UG,1,,4,Flush,RH-Type Hub,METER-SOCKET-Eaton-MBE2040B225BTF
"Eaton BR Meter/Main Combo, 225A, Ring Style, OH/UG, 1-Position, No Bypass, 4 Jaws, Surface Mount, RH-Type Hub",Eaton,MBE2040B225BTS,225,BR,Meter/Main Combo,Ring,OH/UG,1,,4,Surface,RH-Type Hub,METER-SOCKET-Eaton-MBE2040B225BTS
"Eaton BR Meter/Main Combo, 200A, Ring Style, OH/UG, 1-Position, No Bypass, 4 Jaws, Surface Mount, Main Lug Only",Eaton,MBE24L200BTS,200,BR,Meter/Main Combo,Ring,OH/UG,1,,4,Surface,Main Lug Only,METER-SOCKET-Eaton-MBE24L200BTS
"Eaton BR Meter/Main Combo, 200A, Ring Style, OH ONLY, 1-Position, No Bypass, 4 Jaws, Surface Mount",Eaton,MBE4040B200TS,200,BR,Meter/Main Combo,Ring,OH,1,,4,Surface,,METER-SOCKET-Eaton-MBE4040B200TS
"Eaton BR Meter/Main Combo, 200A, Ring Style, OH/UG, 1-Position, No Bypass, 4 Jaws, Flush Mount",Eaton,MBE48B200BTF,200,BR,Meter/Main Combo,Ring,OH/UG,1,,4,Flush,,METER-SOCKET-Eaton-MBE48B200BTF
"Eaton BR Meter/Main Combo, 200A, Ring Style, OH/UG, 1-Position, No Bypass, 4 Jaws, Surface Mount",Eaton,MBE48B200BTS,200,BR,Meter/Main Combo,Ring,OH/UG,1,,4,Surface,,METER-SOCKET-Eaton-MBE48B200BTS
"Eaton BR Meter/Main Combo, 200A, Ring Style, OH/UG, 1-Position, No Bypass, 4 Jaws, Surface Mount",Eaton,MBE88B200BTS,200,BR,Meter/Main Combo,Ring,OH/UG,1,,4,Surface,,METER-SOCKET-Eaton-MBE88B200BTS
"Eaton BR Meter/Main Combo, 200A, Ring Style, OH/UG, 1-Position, No Bypass, 4 Jaws, Surface Mount, No Distribution",Eaton,MBEB200BTS,200,BR,Meter/Main Combo,Ring,OH/UG,1,,4,Surface,No Distribution,METER-SOCKET-Eaton-MBEB200BTS
"Eaton BR Meter/Main Combo, 200A, Ringless Style, OH/UG, 1-Position, No Bypass, 4 Jaws, Surface Mount",Eaton,MBT48B200BTS,200,BR,Meter/Main Combo,Ringless,OH/UG,1,,4,Surface,,METER-SOCKET-Eaton-MBT48B200BTS
"Eaton BR Meter/Main Combo, 225A, Ringless Style, OH/UG, 1-Position, Lever Bypass, 4 Jaws, Surface Mount",Eaton,MBX2040PV200BTS,225,BR,Meter/Main Combo,Ringless,OH/UG,1,Lever,4,Surface,,METER-SOCKET-Eaton-MBX2040PV200BTS
"Eaton BR Meter/Main Combo, 200A, Ringless Style, OH/UG, 1-Position, Lever Bypass, 4 Jaws, Surface Mount",Eaton,MBX816B200BTS,200,BR,Meter/Main Combo,Ringless,OH/UG,1,Lever,4,Surface,,METER-SOCKET-Eaton-MBX816B200BTS
"Eaton B-Line Meter Socket, 200A, Ring Style, OH ONLY, 1-Position, No Bypass, 4 Jaws, Surface Mount",Eaton,U204,200,B-Line,Meter Socket,Ring,OH,1,,4,Surface,,METER-SOCKET-Eaton-U204
"Eaton B-Line Meter Socket, 200A, Ring Style, OH ONLY, 1-Position, No Bypass, 4 Jaws, Surface Mount, (2) 2"" max KO",Eaton,U204 F,200,B-Line,Meter Socket,Ring,OH,1,,4,Surface,"(2) 2"" max KO",METER-SOCKET-Eaton-U204-F
"Eaton B-Line Meter Socket, 200A, Ring Style, OH/UG, 1-Position, No Bypass, 4 Jaws, Surface Mount",Eaton,U207,200,B-Line,Meter Socket,Ring,OH/UG,1,,4,Surface,,METER-SOCKET-Eaton-U207
"Eaton B-Line Meter Socket, 200A, Ring Style, UG ONLY, 1-Position, No Bypass, 4 Jaws, Surface Mount",Eaton,UG204,200,B-Line,Meter Socket,Ring,UG,1,,4,Surface,,METER-SOCKET-Eaton-UG204
"Eaton Meter Socket, 125A, Ring Style, OH/UG, 1-Position, No Bypass, 4 Jaws, Surface Mount, 3-5/16 hub cover plate",Eaton,UNRRS111BEUSE,125,,Meter Socket,Ring,OH/UG,1,,4,Surface,3-5/16 hub cover plate,METER-SOCKET-Eaton-UNRRS111BEUSE
"Eaton Meter Socket, 200A, Ring Style, OH/UG, 1-Position, No Bypass, 4 Jaws, Surface Mount, 3-5/16 hub cover plate",Eaton,UTRS213CE,200,,Meter Socket,Ring,OH/UG,1,,4,Surface,3-5/16 hub cover plate,METER-SOCKET-Eaton-UTRS213CE
"Leviton Meter/Main Combo, 225A, Ring Style, OH/UG, 1-Position, Horn Bypass, 5 Jaws, Surface Mount, Feed-Through Lugs",Leviton,LS820-BRD,225,,Meter/Main Combo,Ring,OH/UG,1,Horn,5,Surface,Feed-Through Lugs,METER-SOCKET-Leviton-LS820-BRD
"Milbank Meter Socket, 200A, Ringless Style, OH ONLY, 2-Position, Horn Bypass, 4 Jaws, Surface Mount",Milbank,U1252-X-KK,200,,Meter Socket,Ringless,OH,2,Horn,4,Surface,,METER-SOCKET-Milbank-U1252-X-KK
"Milbank Meter Socket, 200A, Ringless Style, OH ONLY, 1-Position, Horn Bypass, 4 Jaws, Surface Mount",Milbank,U1773-XL-TG-KK,200,,Meter Socket,Ringless,OH,1,Horn,4,Surface,,METER-SOCKET-Milbank-U1773-XL-TG-KK
"Milbank Meter Socket, 200A, Ringless Style, UG ONLY, 1-Position, No Bypass, 4 Jaws, Surface Mount, Side Wireway",Milbank,U1980-O-HSP,200,,Meter Socket,Ringless,UG,1,,4,Surface,Side Wireway,METER-SOCKET-Milbank-U1980-O-HSP
"Milbank Meter Socket, 200A, Ring Style, OH ONLY, 1-Position, No Bypass, 4 Jaws, Surface Mount, 2 in Hub",Milbank,U4517-DL-M4,200,,Meter Socket,Ring,OH,1,,4,Surface,2 in Hub,METER-SOCKET-Milbank-U4517-DL-M4
"Milbank Meter Socket, 200A, Ring Style, UG ONLY, 1-Position, No Bypass, 4 Jaws, Surface Mount, No Hub",Milbank,U4518-O-W,200,,Meter Socket,Ring,UG,1,,4,Surface,No Hub,METER-SOCKET-Milbank-U4518-O-W
"Milbank Meter Socket, 200A, Ringless Style, OH/UG, 1-Position, Lever Bypass, 5 Jaws, Surface Mount, 5th Terminal",Milbank,U4801-XL-5T9,200,,Meter Socket,Ringless,OH/UG,1,Lever,5,Surface,5th Terminal,METER-SOCKET-Milbank-U4801-XL-5T9
"Milbank Meter Socket, 200A, Ringless Style, OH/UG, 1-Position, Lever Bypass, 4 Jaws, Surface Mount, Alliant Energy Approved",Milbank,U4801-XL-ALT,200,,Meter Socket,Ringless,OH/UG,1,Lever,4,Surface,Alliant Energy Approved,METER-SOCKET-Milbank-U4801-XL-ALT
"Milbank Meter Socket, 100A, Ring Style, OH/UG, 1-Position, No Bypass, 4 Jaws, Surface Mount, Insulated Barrier",Milbank,U5929-XL-INS,100,,Meter Socket,Ring,OH/UG,1,,4,Surface,Insulated Barrier,METER-SOCKET-Milbank-U5929-XL-INS
"Milbank Meter Socket, 100A, Ringless Style, OH/UG, 1-Position, No Bypass, 4 Jaws, Surface Mount, Barrel Lock Ground ",Milbank,U5934-XL-BLG,100,,Meter Socket,Ringless,OH/UG,1,,4,Surface,Barrel Lock Ground ,METER-SOCKET-Milbank-U5934-XL-BLG
"Milbank Meter/Main Combo, 200A, Ringless Style, OH/UG, 1-Position, Lever Bypass, 5 Jaws, Surface Mount, Feed-Through Lugs",Milbank,U6281-XL-200-5T9,200,,Meter/Main Combo,Ringless,OH/UG,1,Lever,5,Surface,Feed-Through Lugs,METER-SOCKET-Milbank-U6281-XL-200-5T9
"Milbank Meter Socket, 200A, Ringless Style, OH/UG, 1-Position, No Bypass, 4 Jaws, Surface Mount, Triplex Ground",Milbank,U7040-XL-TG,200,,Meter Socket,Ringless,OH/UG,1,,4,Surface,Triplex Ground,METER-SOCKET-Milbank-U7040-XL-TG
"Milbank Meter Socket, 200A, Ringless Style, OH/UG, 1-Position, No Bypass, 4 Jaws, Surface Mount, Triplex Ground, Steel Hasp",Milbank,U7040-XL-TG-HSP,200,,Meter Socket,Ringless,OH/UG,1,,4,Surface,"Triplex Ground, Steel Hasp",METER-SOCKET-Milbank-U7040-XL-TG-HSP
"Milbank Meter Socket, 200A, Ringless Style, OH/UG, 1-Position, No Bypass, 4 Jaws, Surface Mount, Triplex Ground, Wide Shell",Milbank,U7043-XL-TG,200,,Meter Socket,Ringless,OH/UG,1,,4,Surface,"Triplex Ground, Wide Shell",METER-SOCKET-Milbank-U7043-XL-TG
"Milbank Meter Socket, 200A, Ringless Style, OH/UG, 1-Position, Horn Bypass, 5 Jaws, Surface Mount, Triplex Ground, 5th Terminal",Milbank,U7043-XL-TG-KK-IL-5T9W,200,,Meter Socket,Ringless,OH/UG,1,Horn,5,Surface,"Triplex Ground, 5th Terminal",METER-SOCKET-Milbank-U7043-XL-TG-KK-IL-5T9W
"Milbank Meter Socket, 100A, Ringless Style, OH/UG, 2-Position, Horn Bypass, 4 Jaws, Surface Mount, Open Hub",Milbank,U7362-RL-KK,100,,Meter Socket,Ringless,OH/UG,2,Horn,4,Surface,Open Hub,METER-SOCKET-Milbank-U7362-RL-KK
"Milbank Meter Socket, 125A, Ringless Style, OH/UG, 1-Position, Horn Bypass, 4 Jaws, Surface Mount, Open Hub, Triplex Ground",Milbank,U7487-RL-TG-KK,125,,Meter Socket,Ringless,OH/UG,1,Horn,4,Surface,"Open Hub, Triplex Ground",METER-SOCKET-Milbank-U7487-RL-TG-KK
"Milbank Meter Socket, 125A, Ring Style, UG ONLY, 1-Position, No Bypass, 4 Jaws, Surface Mount, Plain Top",Milbank,U7490-O,125,,Meter Socket,Ring,UG,1,,4,Surface,Plain Top,METER-SOCKET-Milbank-U7490-O
"Milbank Meter Socket, 125A, Ring Style, OH/UG, 1-Position, No Bypass, 4 Jaws, Surface Mount, Open Hub",Milbank,U7490-RL,125,,Meter Socket,Ring,OH/UG,1,,4,Surface,Open Hub,METER-SOCKET-Milbank-U7490-RL
"Milbank Meter Socket, 125A, Ring Style, OH/UG, 1-Position, No Bypass, 4 Jaws, Surface Mount, Open Hub, Triplex Ground",Milbank,U7490-RL-TG,125,,Meter Socket,Ring,OH/UG,1,,4,Surface,"Open Hub, Triplex Ground",METER-SOCKET-Milbank-U7490-RL-TG
"Milbank Meter Socket, 125A, Ringless Style, OH/UG, 1-Position, No Bypass, 4 Jaws, Surface Mount, Triplex Ground, Steel Hasp",Milbank,U8435-XL-TG-HSP,125,,Meter Socket,Ringless,OH/UG,1,,4,Surface,"Triplex Ground, Steel Hasp",METER-SOCKET-Milbank-U8435-XL-TG-HSP
"Milbank Meter Socket, 200A, Ringless Style, UG ONLY, 1-Position, No Bypass, 4 Jaws, Surface Mount, Pedestal, CECHA Approved",Milbank,U8436-O-CECHA,200,,Meter Socket,Ringless,UG,1,,4,Surface,"Pedestal, CECHA Approved",METER-SOCKET-Milbank-U8436-O-CECHA
"Milbank Meter Socket, 125A, Ringless Style, OH/UG, 1-Position, No Bypass, 4 Jaws, Surface Mount, Open Hub",Milbank,U8750-RL-KK,125,,Meter Socket,Ringless,OH/UG,1,,4,Surface,Open Hub,METER-SOCKET-Milbank-U8750-RL-KK
"Milbank Meter Socket, 200A, Ringless Style, OH ONLY, 1-Position, Horn Bypass, 4 Jaws, Surface Mount, Triplex Ground, CECHA Approved",Milbank,U8949-RL-TG-KK-CECHA,200,,Meter Socket,Ringless,OH,1,Horn,4,Surface,"Triplex Ground, CECHA Approved",METER-SOCKET-Milbank-U8949-RL-TG-KK-CECHA
"Milbank Meter Socket, 200A, Ringless Style, OH/UG, 1-Position, Horn Bypass, 4 Jaws, Surface Mount",Milbank,U9074-RXL-KK,200,,Meter Socket,Ringless,OH/UG,1,Horn,4,Surface,,METER-SOCKET-Milbank-U9074-RXL-KK
"Milbank Meter Socket, 200A, Ringless Style, OH ONLY, 1-Position, Horn Bypass, 4 Jaws, Surface Mount, Open Hub, Triplex Ground",Milbank,U9101-RL-TG-KK,200,,Meter Socket,Ringless,OH,1,Horn,4,Surface,"Open Hub, Triplex Ground",METER-SOCKET-Milbank-U9101-RL-TG-KK
"Milbank Meter Socket, 200A, Ringless Style, OH/UG, 1-Position, Lever Bypass, 7 Jaws, Surface Mount, Large Open Hub",Milbank,U9701-RXL,200,,Meter Socket,Ringless,OH/UG,1,Lever,7,Surface,Large Open Hub,METER-SOCKET-Milbank-U9701-RXL
"Siemens Talon Meter Socket, 200A, Ringless Style, OH/UG, 1-Position, Lever Bypass, 5 Jaws, Surface Mount, Steel Latch and Hasp",Siemens,40405-025F,200,Talon,Meter Socket,Ringless,OH/UG,1,Lever,5,Surface,Steel Latch and Hasp,METER-SOCKET-Siemens-40405-025F
"Siemens Talon Meter Socket, 200A, Ringless Style, OH/UG, 1-Position, Lever Bypass, 5 Jaws, Surface Mount",Siemens,40405-02CO,200,Talon,Meter Socket,Ringless,OH/UG,1,Lever,5,Surface,,METER-SOCKET-Siemens-40405-02CO
"Siemens Meter/Main Combo, 200A, Ring Style, OH/UG, 1-Position, No Bypass, 4 Jaws, Surface Mount, Feed-Through Lugs",Siemens,MC0408B1200T,200,,Meter/Main Combo,Ring,OH/UG,1,,4,Surface,Feed-Through Lugs,METER-SOCKET-Siemens-MC0408B1200T
"Siemens Meter/Main Combo, 200A, Ringless Style, OH/UG, 1-Position, No Bypass, 4 Jaws, Surface Mount, Main Lug Only",Siemens,MC0606L1200R,200,,Meter/Main Combo,Ringless,OH/UG,1,,4,Surface,Main Lug Only,METER-SOCKET-Siemens-MC0606L1200R
"Siemens Meter/Main Combo, 200A, Ringless Style, OH/UG, 1-Position, No Bypass, 4 Jaws, Surface Mount, Feed-Through Lugs",Siemens,MC0816B1150RTH,200,,Meter/Main Combo,Ringless,OH/UG,1,,4,Surface,Feed-Through Lugs,METER-SOCKET-Siemens-MC0816B1150RTH
"Siemens Meter/Main Combo, 200A, Ring Style, OH/UG, 1-Position, No Bypass, 4 Jaws, Surface Mount, Feed-Through Lugs, 50A Subfeed Provision",Siemens,MC0816B1200ESN,200,,Meter/Main Combo,Ring,OH/UG,1,,4,Surface,"Feed-Through Lugs, 50A Subfeed Provision",METER-SOCKET-Siemens-MC0816B1200ESN
"Siemens Meter/Main Combo, 200A, Ringless Style, OH/UG, 1-Position, Lever Bypass, 5 Jaws, Surface Mount, Feed-Through Lugs",Siemens,MC0816B1200JLT,200,,Meter/Main Combo,Ringless,OH/UG,1,Lever,5,Surface,Feed-Through Lugs,METER-SOCKET-Siemens-MC0816B1200JLT
"Siemens Meter/Main Combo, 200A, Ringless Style, OH/UG, 1-Position, No Bypass, 4 Jaws, Surface Mount",Siemens,MC0816B1200RTH,200,,Meter/Main Combo,Ringless,OH/UG,1,,4,Surface,,METER-SOCKET-Siemens-MC0816B1200RTH
"Siemens Meter/Main Combo, 200A, Ring Style, OH/UG, 1-Position, No Bypass, 4 Jaws, Surface Mount",Siemens,MC0816B1200TH,200,,Meter/Main Combo,Ring,OH/UG,1,,4,Surface,,METER-SOCKET-Siemens-MC0816B1200TH
"Siemens Meter/Main Combo, 200A, Ringless Style, OH/UG, 1-Position, Lever Bypass, 4 Jaws, Surface Mount",Siemens,MC1224B1200JLC,200,,Meter/Main Combo,Ringless,OH/UG,1,Lever,4,Surface,,METER-SOCKET-Siemens-MC1224B1200JLC
"Siemens Meter/Main Combo, 150A, Ringless Style, OH/UG, 1-Position, Lever Bypass, 4 Jaws, Surface Mount",Siemens,MC2040B1150JLC,150,,Meter/Main Combo,Ringless,OH/UG,1,Lever,4,Surface,,METER-SOCKET-Siemens-MC2040B1150JLC
"Siemens Meter/Main Combo, 200A, Ringless Style, OH/UG, 1-Position, Lever Bypass, 4 Jaws, Surface Mount",Siemens,MC2040B1200JLC,200,,Meter/Main Combo,Ringless,OH/UG,1,Lever,4,Surface,,METER-SOCKET-Siemens-MC2040B1200JLC
"Siemens Meter/Main Combo, 200A, Ringless Style, OH/UG, 1-Position, No Bypass, 4 Jaws, Surface Mount",Siemens,MC2040B1200R,200,,Meter/Main Combo,Ringless,OH/UG,1,,4,Surface,,METER-SOCKET-Siemens-MC2040B1200R
"Siemens Meter/Main Combo, 200A, Ringless Style, OH/UG, 1-Position, No Bypass, 5 Jaws, Surface Mount",Siemens,MC2040B1200RC,200,,Meter/Main Combo,Ringless,OH/UG,1,,5,Surface,,METER-SOCKET-Siemens-MC2040B1200RC
"Siemens Meter/Main Combo, 200A, Ring Style, OH ONLY, 1-Position, No Bypass, 4 Jaws, Surface Mount, 100A Alternate Energy Input",Siemens,MC2040S1200SZ,200,,Meter/Main Combo,Ring,OH,1,,4,Surface,100A Alternate Energy Input,METER-SOCKET-Siemens-MC2040S1200SZ
"Siemens Meter/Main Combo, 200A, Ring Style, OH/UG, 1-Position, No Bypass, 4 Jaws, Surface Mount",Siemens,MC2442S1200SC,200,,Meter/Main Combo,Ring,OH/UG,1,,4,Surface,,METER-SOCKET-Siemens-MC2442S1200SC
"Siemens Meter/Main Combo, 200A, Ringless Style, OH/UG, 1-Position, Lever Bypass, 4 Jaws, Surface Mount",Siemens,MC3042B1200JLC,200,,Meter/Main Combo,Ringless,OH/UG,1,Lever,4,Surface,,METER-SOCKET-Siemens-MC3042B1200JLC
"Siemens Murray Meter Socket, 200A, Ringless Style, OH/UG, 1-Position, Lever Bypass, 5 Jaws, Surface Mount",Siemens,RH173CR,200,Murray,Meter Socket,Ringless,OH/UG,1,Lever,5,Surface,,METER-SOCKET-Siemens-RH173CR
"Siemens Meter Socket, 135A, Ringless Style, OH/UG, 1-Position, No Bypass, 4 Jaws, Surface Mount",Siemens,UAT111-0JCA,135,,Meter Socket,Ringless,OH/UG,1,,4,Surface,,METER-SOCKET-Siemens-UAT111-0JCA
"Siemens Meter Socket, 135A, Ringless Style, OH/UG, 1-Position, No Bypass, 4 Jaws, Surface Mount, Steel Latch and Hasp",Siemens,UAT111-XGF,135,,Meter Socket,Ringless,OH/UG,1,,4,Surface,Steel Latch and Hasp,METER-SOCKET-Siemens-UAT111-XGF
"Siemens Talon Meter Socket, 200A, Ringless Style, OH/UG, 1-Position, No Bypass, 4 Jaws, Surface Mount",Siemens,UAT437-XGF,200,Talon,Meter Socket,Ringless,OH/UG,1,,4,Surface,,METER-SOCKET-Siemens-UAT437-XGF
"Square D QO Meter/Main Combo, 200A, Ringless Style, OH/UG, 1-Position, No Bypass, 4 Jaws, Surface Mount, Feed-Through Lugs",Square D,QC816F200C,200,QO,Meter/Main Combo,Ringless,OH/UG,1,,4,Surface,Feed-Through Lugs,METER-SOCKET-Square-D-QC816F200C
"Square D HOM Meter/Main Combo, 200A, Ringless Style, OH/UG, 1-Position, Horn Bypass, 4 Jaws, Surface Mount",Square D,RC2040M200CH,200,HOM,Meter/Main Combo,Ringless,OH/UG,1,Horn,4,Surface,,METER-SOCKET-Square-D-RC2040M200CH
"Square D HOM Meter/Main Combo, 200A, Ringless Style, OH/UG, 1-Position, Lever Bypass, 4 Jaws, Surface Mount",Square D,RC3040M200SL,200,HOM,Meter/Main Combo,Ringless,OH/UG,1,Lever,4,Surface,,METER-SOCKET-Square-D-RC3040M200SL
"Square D HOM Meter/Main Combo, 200A, Ringless Style, OH/UG, 1-Position, Lever Bypass, 4 Jaws, Surface Mount, DISCONTINUED",Square D,RC3040M200SLS,200,HOM,Meter/Main Combo,Ringless,OH/UG,1,Lever,4,Surface,DISCONTINUED,METER-SOCKET-Square-D-RC3040M200SLS
"Square D HOM Meter/Main Combo, 200A, Ringless Style, OH/UG, 1-Position, No Bypass, 4 Jaws, Surface Mount, Feed-Through Lugs",Square D,RC816F200C,200,HOM,Meter/Main Combo,Ringless,OH/UG,1,,4,Surface,Feed-Through Lugs,METER-SOCKET-Square-D-RC816F200C
"Square D HOM Meter/Main Combo, 200A, Ringless Style, OH/UG, 1-Position, Horn Bypass, 4 Jaws, Surface Mount, Feed-Through Lugs",Square D,RC816F200CH,200,HOM,Meter/Main Combo,Ringless,OH/UG,1,Horn,4,Surface,Feed-Through Lugs,METER-SOCKET-Square-D-RC816F200CH
"Square D HOM Meter/Main Combo, 200A, Ringless Style, OH/UG, 1-Position, Lever Bypass, 4 Jaws, Surface Mount",Square D,RC816F200SL,200,HOM,Meter/Main Combo,Ringless,OH/UG,1,Lever,4,Surface,,METER-SOCKET-Square-D-RC816F200SL
"Square D HOM Meter/Main Combo, 100A, Ring Style, OH/UG, 1-Position, No Bypass, 4 Jaws, Surface Mount",Square D,SC1624M100S,100,HOM,Meter/Main Combo,Ring,OH/UG,1,,4,Surface,,METER-SOCKET-Square-D-SC1624M100S
"Square D HOM Meter/Main Combo, 200A, Ring Style, OH/UG, 1-Position, No Bypass, 4 Jaws, Surface Mount",Square D,SC2040M200C,200,HOM,Meter/Main Combo,Ring,OH/UG,1,,4,Surface,,METER-SOCKET-Square-D-SC2040M200C
"Square D HOM Meter/Main Combo, 225A, Ring Style, OH/UG, 1-Position, No Bypass, 4 Jaws, Surface Mount, EUSERC Approved",Square D,SC2040M200PS,225,HOM,Meter/Main Combo,Ring,OH/UG,1,,4,Surface,EUSERC Approved,METER-SOCKET-Square-D-SC2040M200PS
"Square D HOM Meter/Main Combo, 225A, Ring Style, OH/UG, 1-Position, No Bypass, 4 Jaws, Surface Mount, EUSERC Approved",Square D,SC3042M200PS,225,HOM,Meter/Main Combo,Ring,OH/UG,1,,4,Surface,EUSERC Approved,METER-SOCKET-Square-D-SC3042M200PS
"Square D HOM Meter/Main Combo, 150A, Ring Style, OH/UG, 1-Position, No Bypass, 4 Jaws, Surface Mount, 50A Subfeed",Square D,SC816D150C,150,HOM,Meter/Main Combo,Ring,OH/UG,1,,4,Surface,50A Subfeed,METER-SOCKET-Square-D-SC816D150C
"Square D HOM Meter/Main Combo, 200A, Ring Style, OH/UG, 1-Position, No Bypass, 4 Jaws, Surface Mount, 50A Subfeed",Square D,SC816D200C,200,HOM,Meter/Main Combo,Ring,OH/UG,1,,4,Surface,50A Subfeed,METER-SOCKET-Square-D-SC816D200C
"Square D HOM Meter/Main Combo, 225A, Ring Style, OH/UG, 1-Position, No Bypass, 4 Jaws, Flush Mount, EUSERC Approved",Square D,SC816F200PF,225,HOM,Meter/Main Combo,Ring,OH/UG,1,,4,Flush,EUSERC Approved,METER-SOCKET-Square-D-SC816F200PF
"Square D HOM Meter/Main Combo, 225A, Ring Style, OH/UG, 1-Position, No Bypass, 4 Jaws, Surface Mount, EUSERC Approved",Square D,SC816F200PS,225,HOM,Meter/Main Combo,Ring,OH/UG,1,,4,Surface,EUSERC Approved,METER-SOCKET-Square-D-SC816F200PS
"Square D Meter Socket, 125A, Ringless Style, OH/UG, 1-Position, Horn Bypass, 4 Jaws, Surface Mount",Square D,UHTRS101B,125,,Meter Socket,Ringless,OH/UG,1,Horn,4,Surface,,METER-SOCKET-Square-D-UHTRS101B
"Square D Meter Socket, 200A, Ringless Style, UG ONLY, 1-Position, No Bypass, 4 Jaws, Surface Mount, Offset Socket",Square D,UHTRS223A,200,,Meter Socket,Ringless,UG,1,,4,Surface,Offset Socket,METER-SOCKET-Square-D-UHTRS223A
"Square D Meter Socket, 200A, Ringless Style, OH/UG, 1-Position, Lever Bypass, 5 Jaws, Surface Mount, Open Hub",Square D,UTH5213T,200,,Meter Socket,Ringless,OH/UG,1,Lever,5,Surface,Open Hub,METER-SOCKET-Square-D-UTH5213T
"Square D Meter Socket, 200A, Ringless Style, OH ONLY, 1-Position, No Bypass, 4 Jaws, Surface Mount, Open Hub",Square D,UTRS202B,200,,Meter Socket,Ringless,OH,1,,4,Surface,Open Hub,METER-SOCKET-Square-D-UTRS202B
"Square D Meter Socket, 200A, Ringless Style, OH/UG, 1-Position, No Bypass, 4 Jaws, Surface Mount, No Jaw Release",Square D,UTRS212C,200,,Meter Socket,Ringless,OH/UG,1,,4,Surface,No Jaw Release,METER-SOCKET-Square-D-UTRS212C
"Square D Meter Socket, 200A, Ringless Style, OH/UG, 1-Position, No Bypass, 4 Jaws, Surface Mount, No Jaw Release",Square D,UTRS213B,200,,Meter Socket,Ringless,OH/UG,1,,4,Surface,No Jaw Release,METER-SOCKET-Square-D-UTRS213B
"Siemens Meter/Main Combo, 200A, Ring Style, OH/UG, 1-Position, No Bypass, 4 Jaws, Surface Mount, EUSERC Approved",Siemens,MC2040B1200ESC,200,,Meter/Main Combo,Ring,OH/UG,1,,4,Surface,EUSERC Approved,METER-SOCKET-Siemens-MC2040B1200ESC
"Siemens Meter/Main Combo, 200A, Ring Style, OH/UG, 1-Position, No Bypass, 4 Jaws, Surface Mount, EUSERC Approved",Siemens,MC2040B1200S,200,,Meter/Main Combo,Ring,OH/UG,1,,4,Surface,EUSERC Approved,METER-SOCKET-Siemens-MC2040B1200S
"Siemens Meter/Main Combo, 125A, Ring Style, OH/UG, 1-Position, No Bypass, 4 Jaws, Surface Mount, Main Lug Only",Siemens,MM0406L1125ESC,125,,Meter/Main Combo,Ring,OH/UG,1,,4,Surface,Main Lug Only,METER-SOCKET-Siemens-MM0406L1125ESC
