Description,Manufacturer,Part Number,Racking Accessory Type,Racking Accessory Size,BRSID
"Ecofasten Simplegrip Adhesive, Top",EcoFasten,3015019,Butyl Pad,6 in x 6 in,RACKING-ACCESSORIES-EcoFasten-3015019
"Ecofasten Simplegrip Adhesive, Bottom",EcoFasten,3015018,Butyl Pad,6 in x 6 in,RACKING-ACCESSORIES-EcoFasten-3015018
ECOFASTEN DECK SCREW CS #15X2”,EcoFasten,3016010,Racking Deck Screw,#15 x 2 in,RACKING-ACCESSORIES-EcoFasten-3016010
EcoFasten 3/8 Stainless Steel And EPDM Bonded Sealing Washer,EcoFasten,3016014,Racking EPDM Washer,5/16 in,RACKING-ACCESSORIES-EcoFasten-3016014
ECOFASTEN DECK SCREW CS #15X4”,EcoFasten,3016012,Racking Screw,#15 x 4 in,RACKING-ACCESSORIES-EcoFasten-3016012
ECOFASTEN DECK SCREW CS #15X3”,EcoFasten,3016011,Racking Screw,#15 x 3 in,RACKING-ACCESSORIES-EcoFasten-3016011
,EcoFasten,D21N5/16,Racking Washer,5/16 in,RACKING-ACCESSORIES-EcoFasten-D21N5/16
,EcoFasten,POLY-KIT-GF-NEO,Racking Washer,50 piece,RACKING-ACCESSORIES-EcoFasten-POLY-KIT-GF-NEO
Ecolibrium Solar Power Accessory Bracket,Ecolibrium Solar,ES10132,MLPE Mount,,RACKING-ACCESSORIES-Ecolibrium-Solar-ES10132
,IronRidge,HW-RD1430-01-M1,Racking Screw,5/16 in x 4 in,RACKING-ACCESSORIES-IronRidge-HW-RD1430-01-M1
,IronRidge,FM-SQ-BHW,Rail T-Bolt Kit,,RACKING-ACCESSORIES-IronRidge-FM-SQ-BHW
,LH Dottie,TEKHW10112,Racking Screw,#10 x 1-1/2 in,RACKING-ACCESSORIES-LH-Dottie-TEKHW10112
"Pegasus Hex Head Screw, 1/2 in x 75 mm, Stainless Steel with EPDM Washer",Pegasus,PF-DW75,Racking Bolt,"1/2 in x 75 mm, with EPDM Washer",RACKING-ACCESSORIES-Pegasus-PF-DW75
"Pegasus T-Bolt and Nut, 3/8 in",Pegasus,PSR-UTN,Racking Bolt,3/8 in,RACKING-ACCESSORIES-Pegasus-PSR-UTN
Roof Tech RT-Butyl Pad for RT-MINI II,Roof Tech,RT2-04-MNBUTYL,Butyl Tape,4 in x 3-1/2 in,RACKING-ACCESSORIES-Roof-Tech-RT2-04-MNBUTYL
Roof Tech Butyl Shims,Roof Tech,RT3-04-BUTYL,Butyl Tape,8 in x 8 in,RACKING-ACCESSORIES-Roof-Tech-RT3-04-BUTYL
"Roof Tech RT-Hex Flange Bolt & Nut, 5/16 x 1 in, for RT-MINI II",Roof Tech,RT2-04-FBN25,Lag Bolt,5/16 x 4 in,RACKING-ACCESSORIES-Roof-Tech-RT2-04-FBN25
Roof Tech 5/16 in x 30mm Hex Bolt,Roof Tech,RT-04-BN30SL-US,Racking Bolt,5/16 in x 30mm,RACKING-ACCESSORIES-Roof-Tech-RT-04-BN30SL-US
"Roof Tech Carriage Bolt for RT-MINI II, 25mm, Nut, Washer, Stainless, Box 100",Roof Tech,RT2-04-BNW-US,Racking Bolt Kit,25 mm,RACKING-ACCESSORIES-Roof-Tech-RT2-04-BNW-US
Roof Tech RT-MINI II Roof Mount Base,Roof Tech,RT2-00-MINIBK2,Racking Screw,,RACKING-ACCESSORIES-Roof-Tech-RT2-00-MINIBK2
"Mounting Screw for RT-APEX, RT-MINI II, and RT-MINI I, 5 x 60 mm",Roof Tech,RT2-04-SD5-60,Racking Screw,5 x 60 mm,RACKING-ACCESSORIES-Roof-Tech-RT2-04-SD5-60
,S-5!,6921208.2,Racking Bolt,M8-1.25 x 20mm,RACKING-ACCESSORIES-S-5!-6921208.2
,S-5!,M8125X17FL15MMBLT304SS,Racking Bolt,"M8 x 17mm, Torx, Box of 100",RACKING-ACCESSORIES-S-5!-M8125X17FL15MMBLT304SS
,S-5!,SNGS5SB8X20,Racking Bolt,,RACKING-ACCESSORIES-S-5!-SNGS5SB8X20
,S-5!,SNGS5FNSS,Racking Nut,,RACKING-ACCESSORIES-S-5!-SNGS5FNSS
,S-5!,784552,Racking Screw,,RACKING-ACCESSORIES-S-5!-784552
,S-5!,784654,Racking Screw,1/4 in-14 x 2-1/2 in,RACKING-ACCESSORIES-S-5!-784654
,S-5!,799033,Racking Screw,1/4 in-14 x 1-1/2 in,RACKING-ACCESSORIES-S-5!-799033
,S-5!,1667794,Racking Screw,1/4 x 1 in,RACKING-ACCESSORIES-S-5!-1667794
,S-5!,31860,Racking Screw,1-1/2 in,RACKING-ACCESSORIES-S-5!-31860
,S-5!,784552,Racking Screw,1-1/2 in,RACKING-ACCESSORIES-S-5!-784552
,S-5!,METAL TO WOOD SCREW,Racking Screw,#14 x 1/4 in,RACKING-ACCESSORIES-S-5!-METAL-TO-WOOD-SCREW
,S-5!,S1415,Racking Screw,#14 x 1-1/2 in,RACKING-ACCESSORIES-S-5!-S1415
,S-5!,S1415MW,Racking Screw,#14 x 1/2 in,RACKING-ACCESSORIES-S-5!-S1415MW
,S-5!,S-5-1.5SCREW,Racking Screw,1-1/2 in,RACKING-ACCESSORIES-S-5!-S-5-1.5SCREW
,S-5!,S51425,Racking Screw,#14 x 1-1/2 in,RACKING-ACCESSORIES-S-5!-S51425
,S-5!,SD1415GV,Racking Screw,1-1/2 in,RACKING-ACCESSORIES-S-5!-SD1415GV
"SnapNrack Lag Bolt, 4-1/2 in",SnapNrack,242-02168,Lag Bolt,4-1/2 in,RACKING-ACCESSORIES-SnapNrack-242-02168
SnapNrack MLPE Rail Attachment Kit,SnapNrack,242-92093,MLPE Mount,,RACKING-ACCESSORIES-SnapNrack-242-92093
"SnapNrack Umbrella Lag Bolt, 4 in",SnapNrack,242-92266,Racking Bolt,4 in,RACKING-ACCESSORIES-SnapNrack-242-92266
SnapNrack Smart Clip II,SnapNrack,232-01173,Wire Clip,,RACKING-ACCESSORIES-SnapNrack-232-01173
SnapNrack Wire Retention Clip,SnapNrack,232-01106,Wire Clip,,RACKING-ACCESSORIES-SnapNrack-232-01106
SnapNrack Wire Saver,SnapNrack,242-92262,Wire Clip,,RACKING-ACCESSORIES-SnapNrack-242-92262
,Sunmodo,K50049-BK1,Racking Bolt,,RACKING-ACCESSORIES-Sunmodo-K50049-BK1
,Sunmodo,B15002-001,Racking Nut,1/4/2020,RACKING-ACCESSORIES-Sunmodo-B15002-001
,Sunmodo,B15040-001,Racking Screw,1/4 in,RACKING-ACCESSORIES-Sunmodo-B15040-001
,Sunmodo,K50055-BK1,Racking Screw,,RACKING-ACCESSORIES-Sunmodo-K50055-BK1
,Sunmodo,K50055-BK2,Racking Screw,,RACKING-ACCESSORIES-Sunmodo-K50055-BK2
,Sunmodo,B20015-004,T-bolt,3/4 in,RACKING-ACCESSORIES-Sunmodo-B20015-004
"UNIRAC EXTRA BUTYL PAD - SH, KIT, STRONGHOLD BUTYL",Unirac,XTRABUTL-SH,Butyl Pad,2-1/2 in x 4-3/8 in,RACKING-ACCESSORIES-Unirac-XTRABUTL-SH
UNIRAC GFT ASSEMBLY HARDWARE 3-RAIL KIT,Unirac,404034,Ground Mount Hardware,,RACKING-ACCESSORIES-Unirac-404034
UNIRAC GFT ASSEMBLY HARDWARE 4-RAIL KIT,Unirac,404013,Ground Mount Hardware,,RACKING-ACCESSORIES-Unirac-404013
UNIRAC GRIDFLEX HARDWARE KIT,Unirac,360061,Hardware Kit,,RACKING-ACCESSORIES-Unirac-360061
"UNIRAC HDW LAG BOLT, 5/16 X 4",Unirac,030027C,Lag Bolt,5/16 in x 4 in,RACKING-ACCESSORIES-Unirac-030027C
UNIRAC STRUCTURAL SCREW 5/16 X 4 SS,Unirac,030040C,Lag Bolt,5/16 in x 4 in,RACKING-ACCESSORIES-Unirac-030040C
"UNIRAC HDW LAG BOLT, 1/4 X 3-1/2 SS",Unirac,035014C,Lag Bolt,1/4 x 3-1/2 in,RACKING-ACCESSORIES-Unirac-035014C
UNIRAC SFM TRINUT KIT,Unirac,009040S,Racking Bolt Kit,,RACKING-ACCESSORIES-Unirac-009040S
UNIRAC #12-14 X 2.50 SCREW HDW SS SD,Unirac,003250W,Racking Screw,#12-14 x 2-1/2 in,RACKING-ACCESSORIES-Unirac-003250W
UNIRAC DTD #14 3IN SELF-DRILL SCREW,Unirac,003251W,Racking Screw,#14 x 3 in,RACKING-ACCESSORIES-Unirac-003251W
"UNIRAC BND T-BOLT & NUT 3/8 X 1 IN SS, SOLARMOUNT",Unirac,009021S,Rail T-Bolt Kit,3/8 in x 1 in,RACKING-ACCESSORIES-Unirac-009021S
"UNIRAC BND T-BOLT & NUT 1/4 X 2 IN SS, SOLARMOUNT",Unirac,330050S,T-bolt Kit,1/4 x 2 in,RACKING-ACCESSORIES-Unirac-330050S
UNIRAC HEYCO SUNRUNNER 4-2U CLIP,Unirac,008018S,Wire Clip,,RACKING-ACCESSORIES-Unirac-008018S
Unirac SolarMount Micro-Inverter Wire Clip,Unirac,008012P,Wire Clip,,RACKING-ACCESSORIES-Unirac-008012P
UNIRAC HEYCO SUNRUNNER 2-S CLIP,Unirac,008017S,Wire Clip,,RACKING-ACCESSORIES-Unirac-008017S
"ONE WIRE CLIP, SS, DCS 1306",Unirac,008003S,Wire Clip,,RACKING-ACCESSORIES-Unirac-008003S
UNIRAC NXT UMOUNT WIRE MGMT CLIP,Unirac,WRMCLPD1,Wire Clip,,RACKING-ACCESSORIES-Unirac-WRMCLPD1
UNIRAC NXT UMOUNT NS WIRE MGMT CLIP,Unirac,WRMCNSD1,Wire Clip,,RACKING-ACCESSORIES-Unirac-WRMCNSD1
"UNIRAC TWO WIRE CLIP, SS, DCS 1307",Unirac,008004S,Wire Clip,,RACKING-ACCESSORIES-Unirac-008004S
