Description,Manufacturer,Part Number,Racking System,Racking Type,BRSID
Enphase Q-Cable Rail Mount Cable Management Clip,Enphase,Q-CLIP-100,"SFM, NXT Umount, Solarmount",Wire Clip,RACKING-Enphase-Q-CLIP-100
"End Cap, XR100 (L-R Pair)",IronRidge,XR-100-CAP01-B1,XR,End Cap,RACKING-IronRidge-XR-100-CAP01-B1
"End Cap, XR10 (L-R Pair)",IronRidge,XR-10-CAP01-B1,XR,End Cap,RACKING-IronRidge-XR-10-CAP01-B1
Hidden End Clamp,IronRidge,CAMO-1,XR,End Clamp,RACKING-IronRidge-CAMO-1
"IronRidge Ground Lug, Lay-in",IronRidge,PV-LUG-01-A1,XR,Ground Lug,RACKING-IronRidge-PV-LUG-01-A1
"IronRidge Ground Lug, Lay-in, Low Profile",IronRidge,XR-LUG-03-A1,XR,Ground Lug,RACKING-IronRidge-XR-LUG-03-A1
"Kit, 4pcs, Universal Module Clamp BLK",IronRidge,UFO-CL-001,XR,Mid Clamp,RACKING-IronRidge-UFO-CL-001
"Kit, 2pcs, 1/4 x 3/4 Microinverter Mounting, T-Bolt",IronRidge,MIBHW,XR,MLPE Mount,RACKING-IronRidge-MIBHW
"XR100, Rail 168” (14 Feet) Clear",IronRidge,XR-100-168A,XR,Rail,RACKING-IronRidge-XR-100-168A
"XR10, Rail 168” (14 Feet) Clear",IronRidge,XR-10-168A,XR,Rail,RACKING-IronRidge-XR-10-168A
"Bonded Splice, XR100",IronRidge,XR100-BOSS-01-M1,XR,Rail Splice,RACKING-IronRidge-XR100-BOSS-01-M1
"Bonded Splice, XR10",IronRidge,XR10-BOSS-01-M1,XR,Rail Splice,RACKING-IronRidge-XR10-BOSS-01-M1
"IronRidge CONTOUR TRIM, 84""LG",IronRidge,CTR-TR84-01-B1,XR,Skirt,RACKING-IronRidge-CTR-TR84-01-B1
"IronRidge CONTOUR CORNER CAP, OUTER",IronRidge,CTR-OUT-01-B1,XR,Skirt,RACKING-IronRidge-CTR-OUT-01-B1
"IronRidge CONTOUR CORNER CAP, INNER",IronRidge,CTR-IN-01-B1,XR,Skirt,RACKING-IronRidge-CTR-IN-01-B1
IronRidge CONTOUR END CAPS PAIR,IronRidge,CTR-CAP-01-B1,XR,Skirt Cap,RACKING-IronRidge-CTR-CAP-01-B1
IronRidge CONTOUR CLAMP (INCL. TORX BIT),IronRidge,CTR-CL-01-B1,XR,Skirt Clamp,RACKING-IronRidge-CTR-CL-01-B1
T-Bolt Bonding Hardware,IronRidge,BHW-TB-02-A1,XR,T-bolt,RACKING-IronRidge-BHW-TB-02-A1
"IronRidge Microinverter Bonding Hardware, T-Bolt",IronRidge,BHW-M1-01-A1,XR,T-bolt,RACKING-IronRidge-BHW-M1-01-A1
"IronRidge Microinverter Square Bolt Bonding Hardware, T-Bolt",IronRidge,BHW-SQ-02-A1,XR,T-bolt,RACKING-IronRidge-BHW-SQ-02-A1
"IronRidge Wire Clip, Designed for XR Rail",IronRidge,29-4000-077,XR,Wire Clip,RACKING-IronRidge-29-4000-077
IronRidge Wire Management Clip - Black,IronRidge,XR-WC-01-B1,XR,Wire Clip,RACKING-IronRidge-XR-WC-01-B1
Pegasus - North-South Bonding Jumper,Pegasus,PSR-NSJ,Pegasus,Bonding Clamp,RACKING-Pegasus-PSR-NSJ
Pegasus - End Cap,Pegasus,PSR-CAP,Pegasus,End Cap,RACKING-Pegasus-PSR-CAP
Pegasus - Ground Lug,Pegasus,PSR-LUG,Pegasus,Ground Lug,RACKING-Pegasus-PSR-LUG
Pegasus - MLPE Mount,Pegasus,PSR-MLP,Pegasus,MLPE Mount,RACKING-Pegasus-PSR-MLP
Pegasus - Multi-Clamp - Mid/End 30-40mm - Full Black,Pegasus,PSR-MCB,Pegasus,Multi Clamp,RACKING-Pegasus-PSR-MCB
"Pegasus - Rail - Mill 84""",Pegasus,PSR-M84,Pegasus,Rail,RACKING-Pegasus-PSR-M84
Pegasus - Bonded Structural Splice,Pegasus,PSR-SPL,Pegasus,Rail Splice,RACKING-Pegasus-PSR-SPL
Pegasus - SkipRail Clamp w/ Kickstand,Pegasus,PSR-SRCK,Pegasus,SkipRail Clamp,RACKING-Pegasus-PSR-SRCK
Pegasus - SkipRail Clamp,Pegasus,PSR-SRC,Pegasus,SkipRail Clamp,RACKING-Pegasus-PSR-SRC
Pegasus - Dovetail T-bolt,Pegasus,PSR-DTN,Pegasus,T-bolt,RACKING-Pegasus-PSR-DTN
Pegasus - Wire Management Clip,Pegasus,PSR-WMC,Pegasus,Wire Clip,RACKING-Pegasus-PSR-WMC
Pegasus - Cable Grip,Pegasus,PSR-CBG,Pegasus,Wire Clip,RACKING-Pegasus-PSR-CBG
"SNAPNRACK, TOPSPEED CLAMP",SnapNrack,242-10011,TopSpeed,Clamp,RACKING-SnapNrack-242-10011
"SNAPNRACK, GROUND LUG, LAY-IN",SnapNrack,242-92202,TopSpeed,Ground Lug,RACKING-SnapNrack-242-92202
"SNAPNRACK, GROUND LUG, CLAMP",SnapNrack,242-02101,TopSpeed,Ground Lug,RACKING-SnapNrack-242-02101
"SNAPNRACK, MLPE FRAME ATTACHMENT KIT",SnapNrack,242-02151,TopSpeed,MLPE Mount,RACKING-SnapNrack-242-02151
"SNAPNRACK, UNIVERSAL LANDSCAPE SKIRT, 70IN, BLACK",SnapNrack,232-02492,TopSpeed,Skirt,RACKING-SnapNrack-232-02492
"SNAPNRACK, UNIVERSAL DOUBLE PORTRAIT SKIRT, 83IN BLACK",SnapNrack,232-02493,TopSpeed,Skirt,RACKING-SnapNrack-232-02493
"SNAPNRACK, UNIVERSAL SKIRT CAP",SnapNrack,232-10019,,Skirt Cap,RACKING-SnapNrack-232-10019
"SNAPNRACK, RL UNIVERSAL, SKIRT SPACER, 30MM",SnapNrack,232-02532,TopSpeed,Skirt Spacer,RACKING-SnapNrack-232-02532
"SNAPNRACK, RL UNIVERSAL, SKIRT SPACER, 32MM",SnapNrack,232-02494,TopSpeed,Skirt Spacer,RACKING-SnapNrack-232-02494
"SNAPNRACK, RL UNIVERSAL, SKIRT SPACER, 35MM",SnapNrack,232-02495,TopSpeed,Skirt Spacer,RACKING-SnapNrack-232-02495
"SNAPNRACK, RL UNIVERSAL, SKIRT SPACER, 38MM",SnapNrack,232-02496,TopSpeed,Skirt Spacer,RACKING-SnapNrack-232-02496
"SNAPNRACK, RL UNIVERSAL, SKIRT SPACER, 40MM",SnapNrack,232-02497,TopSpeed,Skirt Spacer,RACKING-SnapNrack-232-02497
"SNAPNRACK, SMART CLIP II",SnapNrack,232-01173,TopSpeed,Wire Clip,RACKING-SnapNrack-232-01173
"SNAPNRACK, SMART CLIP XL",SnapNrack,232-01176,TopSpeed,Wire Clip,RACKING-SnapNrack-232-01176
"SNAPNRACK, SMART CLIP II",SnapNrack,232-01173,TopSpeed,Wire Clip,RACKING-SnapNrack-232-01173
"SNAPNRACK, WIRE SAVER",SnapNrack,242-92262,,Wire Clip,RACKING-SnapNrack-242-92262
SFM TRIM BONDING CLAMP,Unirac,008100U,SFM,Bonding Clamp,RACKING-Unirac-008100U
SFM N/S BONDING CLAMP,Unirac,008000U,SFM,Bonding Clamp,RACKING-Unirac-008000U
SFM TRIM END CAPS,Unirac,250130U,SFM,End Cap,RACKING-Unirac-250130U
NXT UMOUNT RL & CLMP CAP KIT,Unirac,ENDCAPD1,NXT Umount,End Cap,RACKING-Unirac-ENDCAPD1
UNIVERSAL AF SERIES END CLAMP DARK,Unirac,302050D,Solarmount,End Clamp,RACKING-Unirac-302050D
UNIVERSAL AF SERIES END CLAMP MILL,Unirac,302050M,Solarmount,End Clamp,RACKING-Unirac-302050M
RM End Clamp 30-40mm,Unirac,310820,Solarmount,End Clamp,RACKING-Unirac-310820
"Unirac WEEB Grounding Lug, 6-14 AWG",Unirac,008002S,"SFM, Solarmount",Ground Lug,RACKING-Unirac-008002S
"Unirac WEEB Grounding Lug, 4-14 AWG",Unirac,008009P,"SFM, Solarmount",Ground Lug,RACKING-Unirac-008009P
"L-FOOT SERRATED W/ T-BOLT, CLR",Unirac,304001C,Solarmount,L-Foot,RACKING-Unirac-304001C
UNIVERSAL AF SERIES MID CLAMP DARK,Unirac,302045D,Solarmount,Mid Clamp,RACKING-Unirac-302045D
UNIVERSAL AF SERIES MID CLAMP MILL,Unirac,302045M,Solarmount,Mid Clamp,RACKING-Unirac-302045M
NXT UMOUNT COMBO CLAMP - DARK,Unirac,CCLAMPD2,NXT Umount,"Mid Clamp, End Clamp",RACKING-Unirac-CCLAMPD2
SFM MLPE MOUNT ASSY,Unirac,008114M,SFM,MLPE Mount,RACKING-Unirac-008114M
MICRO MNT BND T-BOLT 1/4in x 3/4in SS,Unirac,008013S,Solarmount,MLPE Mount,RACKING-Unirac-008013S
MLPE Tiger Clip,Unirac,008115M,Solarmount,MLPE Mount,RACKING-Unirac-008115M
NXT UMOUNT MLPE & LUG CLAMP,Unirac,NULGMPL1,NXT Umount,"MLPE Mount, Grounding",RACKING-Unirac-NULGMPL1
NXT UMOUNT MLPE & LUG CLAMP,Unirac,LUGMLPE1,NXT Umount,"MLPE Mount, Grounding",RACKING-Unirac-LUGMLPE1
"SM LIGHT RAIL 168"" DARK",Unirac,315168D,Solarmount,Rail,RACKING-Unirac-315168D
"SM LIGHT RAIL 168"" MILL",Unirac,315168M,Solarmount,Rail,RACKING-Unirac-315168M
"NXT UMOUNT RAIL - 168"" DARK",Unirac,168RLD1,NXT Umount,Rail,RACKING-Unirac-168RLD1
"NXT UMOUNT RAIL - 168"" MILL",Unirac,168RLM1,NXT Umount,Rail,RACKING-Unirac-168RLM1
SM LIGHT BND SPLICE BAR PRO SERIES DRK,Unirac,303019D,Solarmount,Rail Splice,RACKING-Unirac-303019D
SM LIGHT BND SPLICE BAR PRO SERIES MILL,Unirac,303019M,Solarmount,Rail Splice,RACKING-Unirac-303019M
NXT UMOUNT RAIL SPLICE,Unirac,RLSPLCM2,NXT Umount,Rail Splice,RACKING-Unirac-RLSPLCM2
"Unirac BTRIM FOR SM 168"" DARK",Unirac,206072D-B,Solarmount,Skirt,RACKING-Unirac-206072D-B
UNIRAC RAIL ATT T-BOLT & NUT 3/8IN X 3/4IN BONDING,Unirac,009020S,Solarmount,T-bolt,RACKING-Unirac-009020S
"UNIRAC 307107M, 8-12"" ADJUSTABLE SINGLE TILT LEG KIT",Unirac,307107M,Solarmount,Tilt Leg,RACKING-Unirac-307107M
SFM TRIMRAIL 72 UNIV DRK,Unirac,256072U,SFM,Trim,RACKING-Unirac-256072U
Unirac SM TRIM END CLIP,Unirac,008025S,Solarmount,Trim End Clip,RACKING-Unirac-008025S
FLASHLOC SFM TRIM KIT w/ CAP,Unirac,004095D,SFM,Trim Kit,RACKING-Unirac-004095D
SFM TRIM SPLICE DRK,Unirac,250120U,SFM,Trim Splice,RACKING-Unirac-250120U
"RM5 84"" WIND DEFLECTOR",Unirac,310810,Solarmount,Wind Dam,RACKING-Unirac-310810
"Kit, Wind Deflector Attachment",Unirac,310861,Solarmount,Wind Dam Clip,RACKING-Unirac-310861
SFM TRIMRAIL UNIV CLIP W/HDW,Unirac,250111U,SFM,Wire Clip,RACKING-Unirac-250111U
Kit 1/4 20 Clip On Nut SS 18-8,Unirac,310860,Solarmount,Wire Clip,RACKING-Unirac-310860
NXT UMOUNT WIRE MGMT CLIP,Unirac,WRMCLPD1,NXT Umount,Wire Clip,RACKING-Unirac-WRMCLPD1
