Description,Manufacturer,Part Number,Roof Accessory Type,Roof Accessory Size,BRSID
"Amerimax Roll Flashing, 6 in x 50 ft",Amerimax,70006,Roll Flashing,6 in x 50 ft,ROOF-ACCESSORIES-Amerimax-70006
"Amerimax Roll Flashing, 8 in x 50 ft",Amerimax,68008,Roll Flashing,8 in x 50 ft,ROOF-ACCESSORIES-Amerimax-68008
"Amerimax Roof Boot Flashing, 12 in",Amerimax,70512,Roof Boot Flashing,12 in,ROOF-ACCESSORIES-Amerimax-70512
"Arlington Roof Boot Flashing, 1-1/4 in",Arlington,634,Roof Boot Flashing,1-1/4 in,ROOF-ACCESSORIES-Arlington-634
"Arlington Roof Boot Flashing, 2 in",Arlington,625,Roof Boot Flashing,2 in,ROOF-ACCESSORIES-Arlington-625
"Arlington Roof Boot Flashing, 2 in",Arlington,635,Roof Boot Flashing,2 in,ROOF-ACCESSORIES-Arlington-635
"Arlington Solar Roof Jack, 1-1/4 in",Arlington,723,Solar Roof Jack,1-1/4 in,ROOF-ACCESSORIES-Arlington-723
"Aztec Washer Company Roof Boot Flashing, closed to 5-3/4 in",Aztec Washer Company,ICC-SQ301BX,Roof Boot Flashing,closed to 5-3/4 in,ROOF-ACCESSORIES-Aztec-Washer-Company-ICC-SQ301BX
"Aztec Washer Company Roof Boot Flashing, close to 2 in",Aztec Washer Company,SQ081BA,Roof Boot Flashing,close to 2 in,ROOF-ACCESSORIES-Aztec-Washer-Company-SQ081BA
"Aztec Washer Company Roof Boot Flashing, close to 2 in",Aztec Washer Company,SQ082RA,Roof Boot Flashing,close to 2 in,ROOF-ACCESSORIES-Aztec-Washer-Company-SQ082RA
"Bridgeport Roof Boot Flashing, 1-1/4 in",Bridgeport,RF-125,Roof Boot Flashing,1-1/4 in,ROOF-ACCESSORIES-Bridgeport-RF-125
"Bridgeport Roof Boot Flashing, 2 in",Bridgeport,RF-200,Roof Boot Flashing,2 in,ROOF-ACCESSORIES-Bridgeport-RF-200
"Bridgeport Roof Boot Flashing, 1-1/4x1-1/2 in",Bridgeport,RFN-125,Roof Boot Flashing,1-1/4x1-1/2 in,ROOF-ACCESSORIES-Bridgeport-RFN-125
"Bridgeport Roof Boot Flashing, 2 in",Bridgeport,RFN-200,Roof Boot Flashing,2 in,ROOF-ACCESSORIES-Bridgeport-RFN-200
"Commercial Electric Roof Boot Flashing, 1-1/4 in",Commercial Electric,FSFRS-125-1,Roof Boot Flashing,1-1/4 in,ROOF-ACCESSORIES-Commercial-Electric-FSFRS-125-1
"Cully Roof Boot Flashing, 1/2 to 1 in",Cully,95031,Roof Boot Flashing,1/2 to 1 in,ROOF-ACCESSORIES-Cully-95031
"Cully Roof Boot Flashing, 1-1/4 in to 3 in",Cully,95032,Roof Boot Flashing,1-1/4 in to 3 in,ROOF-ACCESSORIES-Cully-95032
"Gibraltar Roll Flashing, 6 in, Aluminum",Gibraltar,RV625A,Roll Flashing,"6 in, Aluminum",ROOF-ACCESSORIES-Gibraltar-RV625A
"Gibraltar Roll Flashing, 7 in, Aluminum",Gibraltar,RV750A,Roll Flashing,"7 in, Aluminum",ROOF-ACCESSORIES-Gibraltar-RV750A
HD Fuller Roof Repair Tape,HD Fuller,WD450,Roof Repair Tape,,ROOF-ACCESSORIES-HD-Fuller-WD450
"LH Dottie Roof Boot Flashing, 2 in",LH Dottie,RJ200,Roof Boot Flashing,2 in,ROOF-ACCESSORIES-LH-Dottie-RJ200
"LH Dottie Roof Boot Flashing, 3/4 in",LH Dottie,RJ75,Roof Boot Flashing,3/4 in,ROOF-ACCESSORIES-LH-Dottie-RJ75
"LH Dottie Roof Boot Flashing, 1/2 in to 1 in",LH Dottie,RN3,Roof Boot Flashing,1/2 in to 1 in,ROOF-ACCESSORIES-LH-Dottie-RN3
"LH Dottie Roof Boot Flashing, 1-1/2 in to 3 in",LH Dottie,RN4,Roof Boot Flashing,1-1/2 in to 3 in,ROOF-ACCESSORIES-LH-Dottie-RN4
"M&W Electric Manufacturing Co Roof Boot Flashing, 2 in",M&W Electric Manufacturing Co,2900P,Roof Boot Flashing,2 in,ROOF-ACCESSORIES-M&W-Electric-Manufacturing-Co-2900P
"Madison Roof Boot Flashing, 2 in",Madison,P-240,Roof Boot Flashing,2 in,ROOF-ACCESSORIES-Madison-P-240
"Master Flash Roof Boot Flashing, 0 in to 5-3/4 in",Master Flash,SQ301GA,Roof Boot Flashing,0 in to 5-3/4 in,ROOF-ACCESSORIES-Master-Flash-SQ301GA
"Metallics Roof Boot Flashing, 1/4-2 in",Metallics,RJK1,Roof Boot Flashing,1/4-2 in,ROOF-ACCESSORIES-Metallics-RJK1
"Milwaukee Roof Boot Flashing, 3/4 in",Milwaukee,49-56-0193,Roof Boot Flashing,3/4 in,ROOF-ACCESSORIES-Milwaukee-49-56-0193
Morris Roof Boot Flashing,Morris,16253,Roof Boot Flashing,,ROOF-ACCESSORIES-Morris-16253
"Morris Roof Boot Flashing, 1/2 in to 1 in",Morris,G11830,Roof Boot Flashing,1/2 in to 1 in,ROOF-ACCESSORIES-Morris-G11830
"Morris Roof Boot Flashing, 2 in",Morris,G11853,Roof Boot Flashing,2 in,ROOF-ACCESSORIES-Morris-G11853
"Morris Roof Boot Flashing, 1/4-2 in",Morris,G14050,Roof Boot Flashing,1/4-2 in,ROOF-ACCESSORIES-Morris-G14050
"Morris Roof Boot Flashing, 1/4-3 in",Morris,G14051,Roof Boot Flashing,1/4-3 in,ROOF-ACCESSORIES-Morris-G14051
"Morris Roof Boot Flashing, 3-6 in",Morris,G14052,Roof Boot Flashing,3-6 in,ROOF-ACCESSORIES-Morris-G14052
"Morris Roof Boot Flashing, 1/4 in - 5-3/4 in",Morris,G14741,Roof Boot Flashing,1/4 in - 5-3/4 in,ROOF-ACCESSORIES-Morris-G14741
"Morris Roof Boot Flashing, 1/4-2 in",Morris,G16251,Roof Boot Flashing,1/4-2 in,ROOF-ACCESSORIES-Morris-G16251
"Morris Roof Boot Flashing, 1/4-4 in",Morris,G16253,Roof Boot Flashing,1/4-4 in,ROOF-ACCESSORIES-Morris-G16253
"Morris Roof Boot Flashing, 1/4-2 in",Morris,G14741,Roof Boot Flashing,1/4-2 in,ROOF-ACCESSORIES-Morris-G14741
"Nichols Manufacturing Roof Boot Flashing, 1 in",Nichols Manufacturing,F121,Roof Boot Flashing,1 in,ROOF-ACCESSORIES-Nichols-Manufacturing-F121
"Nichols Manufacturing Roof Boot Flashing, 2 in",Nichols Manufacturing,F142,Roof Boot Flashing,2 in,ROOF-ACCESSORIES-Nichols-Manufacturing-F142
"Nichols Manufacturing Roof Boot Flashing, 2-1/2 to 4 in",Nichols Manufacturing,F2124,Roof Boot Flashing,2-1/2 to 4 in,ROOF-ACCESSORIES-Nichols-Manufacturing-F2124
"Oatey Roof Boot Flashing, 1/2 in to 1 in",Oatey,11830,Roof Boot Flashing,1/2 in to 1 in,ROOF-ACCESSORIES-Oatey-11830
"Oatey Roof Boot Flashing, 1/2 - 1-1/2 in",Oatey,12801,Roof Boot Flashing,1/2 - 1-1/2 in,ROOF-ACCESSORIES-Oatey-12801
"Oatey Roof Boot Flashing, 1/2-2-1/2 in",Oatey,12805,Roof Boot Flashing,1/2-2-1/2 in,ROOF-ACCESSORIES-Oatey-12805
"Oatey Roof Boot Flashing, 1/4 in to 2 in",Oatey,14050,Roof Boot Flashing,1/4 in to 2 in,ROOF-ACCESSORIES-Oatey-14050
"Oatey Roof Boot Flashing, 1/4 in to 4 in",Oatey,14052,Roof Boot Flashing,1/4 in to 4 in,ROOF-ACCESSORIES-Oatey-14052
"Oatey Roof Boot Flashing, 3-6 in",Oatey,14053,Roof Boot Flashing,3-6 in,ROOF-ACCESSORIES-Oatey-14053
"Oatey Roof Boot Flashing, 8 in",Oatey,140522,Roof Boot Flashing,8 in,ROOF-ACCESSORIES-Oatey-140522
"Oatey Roof Boot Flashing, 1/2-1 in",Oatey,11830,Roof Boot Flashing,1/2-1 in,ROOF-ACCESSORIES-Oatey-11830
"Oatey Roof Boot Flashing, 1-1/4 to 1-1/2 in",Oatey,11840,Roof Boot Flashing,1-1/4 to 1-1/2 in,ROOF-ACCESSORIES-Oatey-11840
"Oatey Roof Boot Flashing, 2 in",Oatey,11853,Roof Boot Flashing,2 in,ROOF-ACCESSORIES-Oatey-11853
"Oatey Roof Boot Flashing, 1-1/2 in",Oatey,12801,Roof Boot Flashing,1-1/2 in,ROOF-ACCESSORIES-Oatey-12801
"Oatey Roof Boot Flashing, 1-1/2-3 in",Oatey,12803,Roof Boot Flashing,1-1/2-3 in,ROOF-ACCESSORIES-Oatey-12803
"Oatey Roof Boot Flashing, 1/4-2 in",Oatey,14050,Roof Boot Flashing,1/4-2 in,ROOF-ACCESSORIES-Oatey-14050
"Oatey Roof Boot Flashing, 1/2 to 4 in",Oatey,14067,Roof Boot Flashing,1/2 to 4 in,ROOF-ACCESSORIES-Oatey-14067
Oatey Roof Boot Flashing,Oatey,14102,Roof Boot Flashing,,ROOF-ACCESSORIES-Oatey-14102
"Oatey Roof Boot Flashing, 1/4-4 in",Oatey,4003910,Roof Boot Flashing,1/4-4 in,ROOF-ACCESSORIES-Oatey-4003910
"Oatey Roof Boot Flashing, 1/4-2-3/8 in",Oatey,DF101G,Roof Boot Flashing,1/4-2-3/8 in,ROOF-ACCESSORIES-Oatey-DF101G
"Oatey Roof Boot Flashing, 1/4-4 in",Oatey,DF103G,Roof Boot Flashing,1/4-4 in,ROOF-ACCESSORIES-Oatey-DF103G
"Oatey Roof Boot Flashing, 2 in",Oatey,14050,Roof Boot Flashing,2 in,ROOF-ACCESSORIES-Oatey-14050
"Oatey Roll Flashing, 7 in",Oatey,RV710A,Roll Flashing,7 in,ROOF-ACCESSORIES-Oatey-RV710A
OMG Roofing Products Roof Boot Flashing,OMG Roofing Products,PGM-BK,Roof Boot Flashing,,ROOF-ACCESSORIES-OMG-Roofing-Products-PGM-BK
"Portals Plus Roof Boot Flashing, 0 in to 5-3/4 in",Portals Plus,4YN38,Roof Boot Flashing,0 in to 5-3/4 in,ROOF-ACCESSORIES-Portals-Plus-4YN38
"Prosolar Roof Boot Flashing, flat roof",Prosolar,FJE-FLASH-18,Roof Boot Flashing,flat roof,ROOF-ACCESSORIES-Prosolar-FJE-FLASH-18
"Quick Mount Roof Boot Flashing, 9 x 12 in",Quick Mount,QMCC-A-12,Roof Boot Flashing,9 x 12 in,ROOF-ACCESSORIES-Quick-Mount-QMCC-A-12
"Quick Mount Roof Boot Flashing, 12 in",Quick Mount,QMCPC-A-12,Roof Boot Flashing,12 in,ROOF-ACCESSORIES-Quick-Mount-QMCPC-A-12
"Quickflash Flashing Panel, 1 in to 1-1/4 in",Quickflash,P-100,Flashing Panel,1 in to 1-1/4 in,ROOF-ACCESSORIES-Quickflash-P-100
"Quickflash Flashing Panel, 2 to 2-1/2 in",Quickflash,P-200,Flashing Panel,2 to 2-1/2 in,ROOF-ACCESSORIES-Quickflash-P-200
"Quickscrews Roll Flashing, 6 in",Quickscrews,68006,Roll Flashing,6 in,ROOF-ACCESSORIES-Quickscrews-68006
"SnapNrack Roll Flashing, 6 in x 25 ft",SnapNrack,232-01376,Roll Flashing,6 in x 25 ft,ROOF-ACCESSORIES-SnapNrack-232-01376
SnapNrack Roof Boot Flashing,SnapNrack,232-01000,Roof Boot Flashing,,ROOF-ACCESSORIES-SnapNrack-232-01000
Solar Roof Jack Solar Roof Jack,Solar Roof Jack,1530,Solar Roof Jack,,ROOF-ACCESSORIES-Solar-Roof-Jack-1530
Solar Roof Jack Solar Roof Jack,Solar Roof Jack,SRJ-1530,Solar Roof Jack,,ROOF-ACCESSORIES-Solar-Roof-Jack-SRJ-1530
Solar Roof Jack Solar Roof Jack,Solar Roof Jack,SUPPORT,Solar Roof Jack,,ROOF-ACCESSORIES-Solar-Roof-Jack-SUPPORT
"Thomas & Betts Roof Boot Flashing, 2 in",Thomas & Betts,RF2BB,Roof Boot Flashing,2 in,ROOF-ACCESSORIES-Thomas-&-Betts-RF2BB
"Unbranded Roof Boot Flashing, 1/4 in x 4 in",Unbranded,1/4-4-ROOF-BOOT-FLASHING,Roof Boot Flashing,1/4 in x 4 in,ROOF-ACCESSORIES-Unbranded-1/4-4-ROOF-BOOT-FLASHING
"Unbranded Roll Flashing, 10 in x 50 ft",Unbranded,10X50ROLLFLASHING,Roll Flashing,10 in x 50 ft,ROOF-ACCESSORIES-Unbranded-10X50ROLLFLASHING
"Unbranded Roof Boot Flashing, 1-1/4 in",Unbranded,1-1/4-ROOF-FLASH,Roof Boot Flashing,1-1/4 in,ROOF-ACCESSORIES-Unbranded-1-1/4-ROOF-FLASH
"Verde Industries Roof Boot Flashing, 3/4 in",Verde Industries,0.93STF,Roof Boot Flashing,3/4 in,ROOF-ACCESSORIES-Verde-Industries-0.93STF
"Verde Industries Roof Boot Flashing, 1 in",Verde Industries,1.0STF,Roof Boot Flashing,1 in,ROOF-ACCESSORIES-Verde-Industries-1.0STF
