Description,Manufacturer,Part Number,Safety Type,Safety Size,BRSID
"3M 82694, 5/8 in",3M,0123,82694,,SAFETY-3M-0123
"3M Caution Tape, 100 ft",3M,50PRINTED2X100FT,Caution Tape,100 ft,SAFETY-3M-50PRINTED2X100FT
"3M Caution Tape, 1000 ft",3M,300-Y-3X1000FT,Caution Tape,1000 ft,SAFETY-3M-300-Y-3X1000FT
"3M Caution Tape, 1000 ft",3M,7010397987,Caution Tape,1000 ft,SAFETY-3M-7010397987
"3M Caution Tape, 1000 ft",3M,7000132906,Caution Tape,1000 ft,SAFETY-3M-7000132906
"3M Caution Tape, 1000 ft",3M,7000031774,Caution Tape,1000 ft,SAFETY-3M-7000031774
"3M Caution Tape, 1000 ft",3M,7010398056,Caution Tape,1000 ft,SAFETY-3M-7010398056
3M Caution Tape,3M,406,Caution Tape,,SAFETY-3M-406
3M Caution Tape,3M,300,Caution Tape,,SAFETY-3M-300
3M Caution Tape,3M,364,Caution Tape,,SAFETY-3M-364
3M Caution Tape,3M,302-R-3X1000FT,Caution Tape,,SAFETY-3M-302-R-3X1000FT
3M Caution Tape,3M,330-Y-3X1000FT,Caution Tape,,SAFETY-3M-330-Y-3X1000FT
3M Caution Tape,3M,7000132914,Caution Tape,,SAFETY-3M-7000132914
"3M Detectable Underground Tape, red",3M,7000031679,Detectable Underground Tape,red,SAFETY-3M-7000031679
"3M Detectable Underground Tape, red",3M,7000031679,Detectable Underground Tape,red,SAFETY-3M-7000031679
"3M Dust Mask, N95",3M,7100132742,Dust Mask,N95,SAFETY-3M-7100132742
"3M Dust Mask, N95",3M,7000002056,Dust Mask,N95,SAFETY-3M-7000002056
3M Dust Mask,3M,KN95,Dust Mask,,SAFETY-3M-KN95
3M Dust Mask,3M,8511PB1-A-PS,Dust Mask,,SAFETY-3M-8511PB1-A-PS
3M Earplugs,3M,P1301,Earplugs,,SAFETY-3M-P1301
"3M Fall Protection Kit, Single Person",3M,2199829,Fall Protection Kit,,SAFETY-3M-2199829
3M First Aid Kit,3M,94118-80025,First Aid Kit,,SAFETY-3M-94118-80025
"3M Gloves, L",3M,CGXLCRE,Gloves,L,SAFETY-3M-CGXLCRE
"3M Gloves, L",3M,CGL-GU,Gloves,L,SAFETY-3M-CGL-GU
"3M Gloves, L",3M,CGLCRE,Gloves,L,SAFETY-3M-CGLCRE
"3M Gloves, L",3M,CGLCR,Gloves,L,SAFETY-3M-CGLCR
"3M Gloves, M",3M,CGM-GU,Gloves,M,SAFETY-3M-CGM-GU
3M Gloves,3M,CGM-CR,Gloves,,SAFETY-3M-CGM-CR
3M Gloves,3M,7100097229,Gloves,,SAFETY-3M-7100097229
3M Gloves,3M,7010305066,Gloves,,SAFETY-3M-7010305066
3M Gloves,3M,7100097230,Gloves,,SAFETY-3M-7100097230
3M Gloves,3M,7100023421,Gloves,,SAFETY-3M-7100023421
"3M Gloves, XL",3M,CGXL-GU,Gloves,XL,SAFETY-3M-CGXL-GU
"3M Gloves, XL",3M,7010352931,Gloves,XL,SAFETY-3M-7010352931
3M Hard Hat,3M,H-801R-UV,Hard Hat,,SAFETY-3M-H-801R-UV
"3M Protective Coverall, XL",3M,4515-XL-WHITE,Protective Coverall,XL,SAFETY-3M-4515-XL-WHITE
"3M Respirator, N95",3M,8210,Respirator,N95,SAFETY-3M-8210
"3M Respirator, N95",3M,46457,Respirator,N95,SAFETY-3M-46457
"3M Respirator, N95",3M,9211+,Respirator,N95,SAFETY-3M-9211+
"3M Respirator, N95",3M,8511PRO,Respirator,N95,SAFETY-3M-8511PRO
"3M Respirator, N95",3M,558-704,Respirator,N95,SAFETY-3M-558-704
"3M Respirator, N95",3M,46457,Respirator,N95,SAFETY-3M-46457
"3M Respirator, N95",3M,8511,Respirator,N95,SAFETY-3M-8511
"3M Safety Glasses, Amber",3M,11524-00000-20,Safety Glasses,Amber,SAFETY-3M-11524-00000-20
"3M Safety Glasses, Clear",3M,11228-00000-100,Safety Glasses,Clear,SAFETY-3M-11228-00000-100
3M Safety Glasses,3M,SF416XASBLK,Safety Glasses,,SAFETY-3M-SF416XASBLK
3M Safety Glasses,3M,SF201AS,Safety Glasses,,SAFETY-3M-SF201AS
3M Safety Glasses,3M,11216,Safety Glasses,,SAFETY-3M-11216
3M Safety Glasses,3M,11215-00000-20,Safety Glasses,,SAFETY-3M-11215-00000-20
3M Safety Glasses,3M,SF201AF,Safety Glasses,,SAFETY-3M-SF201AF
3M Safety Glasses,3M,SF401AF-EA,Safety Glasses,,SAFETY-3M-SF401AF-EA
"3M Safety Harness, M/L",3M,1161309,Safety Harness,,SAFETY-3M-1161309
"Ansell Gloves, XL",Ansell,11800-10,Gloves,XL,SAFETY-Ansell-11800-10
"Armor Guys Gloves, L",Armor Guys,00-300-L,Gloves,L,SAFETY-Armor-Guys-00-300-L
"Armor Guys Gloves, L",Armor Guys,02-014-L,Gloves,L,SAFETY-Armor-Guys-02-014-L
"Armor Guys Gloves, L",Armor Guys,04-001-L,Gloves,L,SAFETY-Armor-Guys-04-001-L
"Armor Guys Gloves, M",Armor Guys,00-300-M,Gloves,M,SAFETY-Armor-Guys-00-300-M
"Armor Guys Gloves, M",Armor Guys,02-013-M,Gloves,M,SAFETY-Armor-Guys-02-013-M
"Armor Guys Gloves, S",Armor Guys,00-840-S,Gloves,S,SAFETY-Armor-Guys-00-840-S
"Armor Guys Gloves, XL",Armor Guys,02-013-XL,Gloves,XL,SAFETY-Armor-Guys-02-013-XL
"Armor Guys Gloves, XL",Armor Guys,00-420-2X,Gloves,XL,SAFETY-Armor-Guys-00-420-2X
"Atg Glove Solutions Gloves, L",Atg Glove Solutions,34-274-L,Gloves,L,SAFETY-Atg-Glove-Solutions-34-274-L
"Atg Glove Solutions Gloves, L",Atg Glove Solutions,34-8743/L,Gloves,L,SAFETY-Atg-Glove-Solutions-34-8743/L
"Atg Glove Solutions Gloves, L",Atg Glove Solutions,34-844/L,Gloves,L,SAFETY-Atg-Glove-Solutions-34-844/L
"Atg Glove Solutions Gloves, L",Atg Glove Solutions,34-875/L,Gloves,L,SAFETY-Atg-Glove-Solutions-34-875/L
"Atg Glove Solutions Gloves, M",Atg Glove Solutions,34-274M,Gloves,M,SAFETY-Atg-Glove-Solutions-34-274M
"Atg Glove Solutions Gloves, M",Atg Glove Solutions,34-8743/M,Gloves,M,SAFETY-Atg-Glove-Solutions-34-8743/M
"Atg Glove Solutions Gloves, M",Atg Glove Solutions,34-844/M,Gloves,M,SAFETY-Atg-Glove-Solutions-34-844/M
"Atg Glove Solutions Gloves, M",Atg Glove Solutions,34-874FY/M,Gloves,M,SAFETY-Atg-Glove-Solutions-34-874FY/M
"Atg Glove Solutions Gloves, S",Atg Glove Solutions,34-874/S,Gloves,S,SAFETY-Atg-Glove-Solutions-34-874/S
"Atg Glove Solutions Gloves, S",Atg Glove Solutions,34-8743/S,Gloves,S,SAFETY-Atg-Glove-Solutions-34-8743/S
"Atg Glove Solutions Gloves, XL",Atg Glove Solutions,34-274XL,Gloves,XL,SAFETY-Atg-Glove-Solutions-34-274XL
"Atg Glove Solutions Gloves, XL",Atg Glove Solutions,34844XL,Gloves,XL,SAFETY-Atg-Glove-Solutions-34844XL
"Atg Glove Solutions Gloves, XL",Atg Glove Solutions,34-844/XL,Gloves,XL,SAFETY-Atg-Glove-Solutions-34-844/XL
"Atg Glove Solutions Gloves, XL",Atg Glove Solutions,34-8743/XL,Gloves,XL,SAFETY-Atg-Glove-Solutions-34-8743/XL
"Atg Glove Solutions Gloves, XL",Atg Glove Solutions,34-875/XL,Gloves,XL,SAFETY-Atg-Glove-Solutions-34-875/XL
"Atg Glove Solutions Gloves, XXL",Atg Glove Solutions,34-874/XXL,Gloves,XXL,SAFETY-Atg-Glove-Solutions-34-874/XXL
"Atg Glove Solutions Gloves, XXL",Atg Glove Solutions,34-8743/XXL,Gloves,XXL,SAFETY-Atg-Glove-Solutions-34-8743/XXL
"Batoray Gloves, M",Batoray,500NFT-T-M,Gloves,M,SAFETY-Batoray-500NFT-T-M
"Batoray Gloves, XL",Batoray,3200-TXL,Gloves,XL,SAFETY-Batoray-3200-TXL
"Brady Detectable Underground Tape, red",Brady,91601,Detectable Underground Tape,red,SAFETY-Brady-91601
"Bullhead Hard Hat, 1 Size",Bullhead,HH-C2-W,Hard Hat,1 Size,SAFETY-Bullhead-HH-C2-W
"Bullhead Safety Glasses, Blue",Bullhead,BH2259,Safety Glasses,Blue,SAFETY-Bullhead-BH2259
"Bullhead Safety Glasses, Silver",Bullhead,BH9187,Safety Glasses,Silver,SAFETY-Bullhead-BH9187
"Bullhead Safety Glasses, Smoke",Bullhead,BH3263AF,Safety Glasses,Smoke,SAFETY-Bullhead-BH3263AF
"Bullhead Safety Glasses, Tinted",Bullhead,BH14183AF,Safety Glasses,Tinted,SAFETY-Bullhead-BH14183AF
Cementex Protective Coverall,Cementex,CEM CSCAK-XL-0-11,Protective Coverall,,SAFETY-Cementex-CEM-CSCAK-XL-0-11
Certified First Aid Kit,Certified,K615-017,First Aid Kit,,SAFETY-Certified-K615-017
Certified First Aid Kit,Certified,K615-011,First Aid Kit,,SAFETY-Certified-K615-011
"Condor Gloves, L",Condor,29JV93,Gloves,L,SAFETY-Condor-29JV93
"Condor Gloves, M",Condor,29JV92,Gloves,M,SAFETY-Condor-29JV92
"Condor Gloves, XL",Condor,29JV94,Gloves,XL,SAFETY-Condor-29JV94
"CRC Industries Insect Repellent, 8 oz",CRC Industries,14011,Insect Repellent,8 oz,SAFETY-CRC-Industries-14011
"CRC Industries Wasp & Hornet Spray, 14 oz",CRC Industries,14010,Wasp & Hornet Spray,14 oz,SAFETY-CRC-Industries-14010
"CRC Industries Wasp & Hornet Spray, 20oz",CRC Industries,14009,Wasp & Hornet Spray,20oz,SAFETY-CRC-Industries-14009
"Cully Caution Tape, 1000 ft",Cully,94625,Caution Tape,1000 ft,SAFETY-Cully-94625
Cutter Insect Repellent,Cutter,071121962805,Insect Repellent,,SAFETY-Cutter-071121962805
"Electro Tape Caution Tape, 1000 ft",Electro Tape,86511,Caution Tape,1000 ft,SAFETY-Electro-Tape-86511
"Electro Tape Caution Tape, 1000 ft",Electro Tape,86611,Caution Tape,1000 ft,SAFETY-Electro-Tape-86611
Electro Tape Caution Tape,Electro Tape,86500,Caution Tape,,SAFETY-Electro-Tape-86500
"Empire Caution Tape, 1000 ft",Empire,77-1001,Caution Tape,1000 ft,SAFETY-Empire-77-1001
Empire Caution Tape,Empire,71-1001,Caution Tape,,SAFETY-Empire-71-1001
"Empire Detectable Underground Tape, red",Empire,31-109,Detectable Underground Tape,red,SAFETY-Empire-31-109
Encon Face Mask,Encon,FM-DM112382,Face Mask,,SAFETY-Encon-FM-DM112382
Ergodyne Cooling Band,Ergodyne,6602,Cooling Band,,SAFETY-Ergodyne-6602
"Ergodyne Gloves, M",Ergodyne,17333,Gloves,M,SAFETY-Ergodyne-17333
Ergodyne Hand Warmer,Ergodyne,6990,Hand Warmer,,SAFETY-Ergodyne-6990
Ergodyne Tool Lanyard,Ergodyne,19002,Tool Lanyard,,SAFETY-Ergodyne-19002
Ergodyne Tool Lanyard,Ergodyne,19808,Tool Lanyard,,SAFETY-Ergodyne-19808
Ergodyne Tool Lanyard,Ergodyne,19703,Tool Lanyard,,SAFETY-Ergodyne-19703
"First Aid Only First Aid Kit, 176 piece",First Aid Only,9301-25P,First Aid Kit,176 piece,SAFETY-First-Aid-Only-9301-25P
Gardner Bender Respirator,Gardner Bender,EM-FFP2-V1-202,Respirator,,SAFETY-Gardner-Bender-EM-FFP2-V1-202
Greenlee Propane,Greenlee,50010R,Propane,,SAFETY-Greenlee-50010R
"Greenlee Safety Glasses, Mirror",Greenlee,0176204M,Safety Glasses,Mirror,SAFETY-Greenlee-0176204M
"Guardian Roof Anchor, 420 lb",Guardian,10540,Roof Anchor,,SAFETY-Guardian-10540
"Guardian Roof Anchor, 420 lb",Guardian,10560,Roof Anchor,,SAFETY-Guardian-10560
"Guardian Roof Anchor, 420 lb",Guardian,00484,Roof Anchor,,SAFETY-Guardian-00484
"Gvs Respirator, M/L",Gvs,SPR456,Respirator,M/L,SAFETY-Gvs-SPR456
Gvs Respirator,Gvs,SPR321,Respirator,,SAFETY-Gvs-SPR321
Honeywell Respirator,Honeywell,770030M,Respirator,,SAFETY-Honeywell-770030M
Honeywell Respirator Filter,Honeywell,7580-P100,Respirator Filter,,SAFETY-Honeywell-7580-P100
HotHands Hand Warmers,HotHands,S-14297B,Hand Warmers,,SAFETY-HotHands-S-14297B
"Ice Gripster Gloves, M",Ice Gripster,380INT-M,Gloves,M,SAFETY-Ice-Gripster-380INT-M
"Ideal Industries Caution Tape, 1000 ft",Ideal Industries,42051,Caution Tape,1000 ft,SAFETY-Ideal-Industries-42051
"Ideal Industries Caution Tape, 1000 ft",Ideal Industries,42-001,Caution Tape,1000 ft,SAFETY-Ideal-Industries-42-001
"Ideal Industries Caution Tape, 1000 ft",Ideal Industries,42-102,Caution Tape,1000 ft,SAFETY-Ideal-Industries-42-102
"Ideal Industries Detectable Underground Tape, red",Ideal Industries,42-201,Detectable Underground Tape,red,SAFETY-Ideal-Industries-42-201
Ideal Industries Lockout Tag,Ideal Industries,44-833,Lockout Tag,,SAFETY-Ideal-Industries-44-833
Ideal Industries Tool Lanyard,Ideal Industries,37-100,Tool Lanyard,,SAFETY-Ideal-Industries-37-100
"Jackson Safety Safety Glasses, Bronze",Jackson Safety,3011375,Safety Glasses,Bronze,SAFETY-Jackson-Safety-3011375
"Kena Rope, 1/4in, 600 ft, Polypropelyne",Kena,R1/4-600,Rope,,SAFETY-Kena-R1/4-600
Kidde Fire Extinguisher,Kidde,292474,Fire Extinguisher,,SAFETY-Kidde-292474
Kidde Fire Extinguisher,Kidde,AF-100,Fire Extinguisher,,SAFETY-Kidde-AF-100
Kidde Fire Extinguisher,Kidde,466204,Fire Extinguisher,,SAFETY-Kidde-466204
"Kimberly-Clark Protective Coverall, L",Kimberly-Clark,49113,Protective Coverall,L,SAFETY-Kimberly-Clark-49113
"Kimberly-Clark Protective Coverall, XXL",Kimberly-Clark,49105-70,Protective Coverall,XXL,SAFETY-Kimberly-Clark-49105-70
"Kinco Gloves, L",Kinco,198L,Gloves,L,SAFETY-Kinco-198L
"Kinco Gloves, XL",Kinco,198XL,Gloves,XL,SAFETY-Kinco-198XL
"Kleenguard Protective Coverall, XL",Kleenguard,KCC-44334,Protective Coverall,XL,SAFETY-Kleenguard-KCC-44334
Klein Balaclava,Klein,60132,Balaclava,,SAFETY-Klein-60132
Klein Beanie,Klein,60391,Beanie,,SAFETY-Klein-60391
Klein Cooling Band,Klein,60180,Cooling Band,,SAFETY-Klein-60180
Klein Cooling Band,Klein,60123,Cooling Band,,SAFETY-Klein-60123
Klein Cooling Band,Klein,60090,Cooling Band,,SAFETY-Klein-60090
Klein Cooling Band,Klein,60182,Cooling Band,,SAFETY-Klein-60182
"Klein Detectable Underground Tape, red",Klein,58003,Detectable Underground Tape,red,SAFETY-Klein-58003
"Klein Gloves, L",Klein,60186,Gloves,L,SAFETY-Klein-60186
"Klein Gloves, L",Klein,60389,Gloves,L,SAFETY-Klein-60389
"Klein Gloves, L",Klein,60581,Gloves,L,SAFETY-Klein-60581
Klein Gloves,Klein,60390,Gloves,,SAFETY-Klein-60390
"Klein Gloves, XL",Klein,60198,Gloves,XL,SAFETY-Klein-60198
"Klein Gloves, XL",Klein,60189,Gloves,XL,SAFETY-Klein-60189
Klein Hard Hat,Klein,60406,Hard Hat,,SAFETY-Klein-60406
Klein Hard Hat,Klein,60347,Hard Hat,,SAFETY-Klein-60347
Klein Hard Hat,Klein,60345,Hard Hat,,SAFETY-Klein-60345
Klein Hard Hat,Klein,60346,Hard Hat,,SAFETY-Klein-60346
Klein Reflective Vest,Klein,60269,Reflective Vest,,SAFETY-Klein-60269
Klein Safety Glasses,Klein,60174,Safety Glasses,,SAFETY-Klein-60174
Klein Safety Glasses,Klein,60173,Safety Glasses,,SAFETY-Klein-60173
"Klein Safety Glasses, Tinted",Klein,60539,Safety Glasses,Tinted,SAFETY-Klein-60539
"Klein Tools Beanie, L",Klein Tools,60391,Beanie,L,SAFETY-Klein-Tools-60391
"Klein Tools Caution Tape, 1000 ft",Klein Tools,58001,Caution Tape,1000 ft,SAFETY-Klein-Tools-58001
"Klein Tools Cooling Band, Gaiter",Klein Tools,60465,Cooling Band,Gaiter,SAFETY-Klein-Tools-60465
Klein Tools Cooling Band,Klein Tools,60439,Cooling Band,,SAFETY-Klein-Tools-60439
"Klein Tools Hard Hat, M",Klein Tools,60346,Hard Hat,M,SAFETY-Klein-Tools-60346
Klein Tools Hard Hat,Klein Tools,60400,Hard Hat,,SAFETY-Klein-Tools-60400
"Klein Tools Safety Glasses, Clear",Klein Tools,60159,Safety Glasses,Clear,SAFETY-Klein-Tools-60159
"Klein Tools Safety Glasses, Gray",Klein Tools,60160,Safety Glasses,Gray,SAFETY-Klein-Tools-60160
"Klein Tools Socks, XL",Klein Tools,60382,Socks,XL,SAFETY-Klein-Tools-60382
Klein Tools Socks,Klein Tools,603815,Socks,,SAFETY-Klein-Tools-603815
"Ladder's Little Helper Ladder Stabilizer, 18.63 in",Ladder's Little Helper,LLH01,Ladder Stabilizer,18.63 in,SAFETY-Ladder's-Little-Helper-LLH01
"LH Dottie Caution Tape, 1000 ft",LH Dottie,BT5,Caution Tape,1000 ft,SAFETY-LH-Dottie-BT5
LH Dottie Caution Tape,LH Dottie,UT7D,Caution Tape,,SAFETY-LH-Dottie-UT7D
LH Dottie Caution Tape,LH Dottie,BT49,Caution Tape,,SAFETY-LH-Dottie-BT49
"LH Dottie Detectable Underground Tape, 1000 ft",LH Dottie,UT8D,Detectable Underground Tape,1000 ft,SAFETY-LH-Dottie-UT8D
"LH Dottie Detectable Underground Tape, red, 3 in x 1000 ft",LH Dottie,DU01,Detectable Underground Tape,"red, 3 in x 1000 ft",SAFETY-LH-Dottie-DU01
"LH Dottie Detectable Underground Tape, red, 6 in x 1000 ft",LH Dottie,DU601,Detectable Underground Tape,"red, 6 in x 1000 ft",SAFETY-LH-Dottie-DU601
"Lh Dottie Dust Mask, Unknown",Lh Dottie,MSK55,Dust Mask,Unknown,SAFETY-Lh-Dottie-MSK55
"Lh Dottie Dust Mask, Unknown",Lh Dottie,MSK50,Dust Mask,Unknown,SAFETY-Lh-Dottie-MSK50
"LH Dottie First Aid Kit, 251 piece",LH Dottie,FA25,First Aid Kit,251 piece,SAFETY-LH-Dottie-FA25
"LH Dottie Gloves, Pro Framer XC, M",LH Dottie,140M,Gloves,"Pro Framer XC, M",SAFETY-LH-Dottie-140M
"Lh Dottie Gloves, M",Lh Dottie,2038M,Gloves,M,SAFETY-Lh-Dottie-2038M
"LH Dottie Wasp & Hornet Spray, 14 oz",LH Dottie,863,Wasp & Hornet Spray,14 oz,SAFETY-LH-Dottie-863
"LH Dottie Wasp & Hornet Spray, 20 oz",LH Dottie,862,Wasp & Hornet Spray,20 oz,SAFETY-LH-Dottie-862
"Liberty Safe Dust Mask, Unknown",Liberty Safe,1890,Dust Mask,Unknown,SAFETY-Liberty-Safe-1890
"Lift Gloves, XL",Lift,G8S6S1L,Gloves,XL,SAFETY-Lift-G8S6S1L
Logcor First Aid Kit,Logcor,223UFAOAC,First Aid Kit,,SAFETY-Logcor-223UFAOAC
"M&W Electric Manufacturing Caution Tape, 1000 ft",M&W Electric Manufacturing,ELBBRED3000,Caution Tape,1000 ft,SAFETY-M&W-Electric-Manufacturing-ELBBRED3000
"Mcr Safety Gloves, L",Mcr Safety,6015L,Gloves,L,SAFETY-Mcr-Safety-6015L
"Mcr Safety Gloves, L",Mcr Safety,3201L,Gloves,L,SAFETY-Mcr-Safety-3201L
Medique First Aid Kit,Medique,818M1,First Aid Kit,,SAFETY-Medique-818M1
"Milwaukee 18-1961098, M",Milwaukee,48-73-1421,18-1961098,M,SAFETY-Milwaukee-48-73-1421
"Milwaukee Caution Tape, 1000 ft",Milwaukee,22-202,Caution Tape,1000 ft,SAFETY-Milwaukee-22-202
"Milwaukee Caution Tape, 1000 ft",Milwaukee,71-1004,Caution Tape,1000 ft,SAFETY-Milwaukee-71-1004
"Milwaukee Caution Tape, 3 in",Milwaukee,76-0604,Caution Tape,3 in,SAFETY-Milwaukee-76-0604
"Milwaukee Caution Tape, 500 ft",Milwaukee,76-0600,Caution Tape,500 ft,SAFETY-Milwaukee-76-0600
Milwaukee Caution Tape,Milwaukee,22-126,Caution Tape,,SAFETY-Milwaukee-22-126
Milwaukee Caution Tape,Milwaukee,77-1004,Caution Tape,,SAFETY-Milwaukee-77-1004
Milwaukee Caution Tape,Milwaukee,77-0201,Caution Tape,,SAFETY-Milwaukee-77-0201
"Milwaukee Dust Mask, N95",Milwaukee,48-73-4004,Dust Mask,N95,SAFETY-Milwaukee-48-73-4004
"Milwaukee Earplugs, 10 Piece",Milwaukee,48-73-3001,Earplugs,10 Piece,SAFETY-Milwaukee-48-73-3001
"Milwaukee Earplugs, 32 Db",Milwaukee,48-73-3006,Earplugs,32 Db,SAFETY-Milwaukee-48-73-3006
Milwaukee Earplugs,Milwaukee,48-73-3005,Earplugs,,SAFETY-Milwaukee-48-73-3005
Milwaukee Face Mask,Milwaukee,48-73-4227,Face Mask,,SAFETY-Milwaukee-48-73-4227
"Milwaukee First Aid Kit, 193 piece",Milwaukee,48-73-8430C,First Aid Kit,193 piece,SAFETY-Milwaukee-48-73-8430C
"Milwaukee Gloves, 11 Piece",Milwaukee,48-32-2301,Gloves,11 Piece,SAFETY-Milwaukee-48-32-2301
"Milwaukee Gloves, L",Milwaukee,48-22-8902,Gloves,L,SAFETY-Milwaukee-48-22-8902
"Milwaukee Gloves, L",Milwaukee,48-22-8947B,Gloves,L,SAFETY-Milwaukee-48-22-8947B
"Milwaukee Gloves, L",Milwaukee,48228932,Gloves,L,SAFETY-Milwaukee-48228932
"Milwaukee Gloves, L",Milwaukee,48-22-8752,Gloves,L,SAFETY-Milwaukee-48-22-8752
"Milwaukee Gloves, L",Milwaukee,48-73-0012,Gloves,L,SAFETY-Milwaukee-48-73-0012
"Milwaukee Gloves, L",Milwaukee,48-73-0041,Gloves,L,SAFETY-Milwaukee-48-73-0041
"Milwaukee Gloves, L",Milwaukee,48-22-8932,Gloves,L,SAFETY-Milwaukee-48-22-8932
"Milwaukee Gloves, L",Milwaukee,48-73-0032,Gloves,L,SAFETY-Milwaukee-48-73-0032
"Milwaukee Gloves, L",Milwaukee,48-22-8932B,Gloves,L,SAFETY-Milwaukee-48-22-8932B
"Milwaukee Gloves, L",Milwaukee,48-73-8742B,Gloves,L,SAFETY-Milwaukee-48-73-8742B
"Milwaukee Gloves, L",Milwaukee,48-73-8932,Gloves,L,SAFETY-Milwaukee-48-73-8932
"Milwaukee Gloves, M",Milwaukee,48-22-8901,Gloves,M,SAFETY-Milwaukee-48-22-8901
"Milwaukee Gloves, M",Milwaukee,48228711,Gloves,M,SAFETY-Milwaukee-48228711
"Milwaukee Gloves, M",Milwaukee,48-73-0031,Gloves,M,SAFETY-Milwaukee-48-73-0031
"Milwaukee Gloves, M",Milwaukee,48-73-8931B,Gloves,M,SAFETY-Milwaukee-48-73-8931B
"Milwaukee Gloves, M",Milwaukee,48-22-8931B,Gloves,M,SAFETY-Milwaukee-48-22-8931B
"Milwaukee Gloves, M",Milwaukee,48-73-8921,Gloves,M,SAFETY-Milwaukee-48-73-8921
"Milwaukee Gloves, M",Milwaukee,48-73-8931,Gloves,M,SAFETY-Milwaukee-48-73-8931
Milwaukee Gloves,Milwaukee,48-22-8722,Gloves,,SAFETY-Milwaukee-48-22-8722
Milwaukee Gloves,Milwaukee,48-22-8733,Gloves,,SAFETY-Milwaukee-48-22-8733
Milwaukee Gloves,Milwaukee,48-73-2020 PROMO,Gloves,,SAFETY-Milwaukee-48-73-2020-PROMO
Milwaukee Gloves,Milwaukee,48-73-0022,Gloves,,SAFETY-Milwaukee-48-73-0022
Milwaukee Gloves,Milwaukee,48-22-8946B,Gloves,,SAFETY-Milwaukee-48-22-8946B
Milwaukee Gloves,Milwaukee,48-22-8948B,Gloves,,SAFETY-Milwaukee-48-22-8948B
"Milwaukee Gloves, XL",Milwaukee,48-22-8903,Gloves,XL,SAFETY-Milwaukee-48-22-8903
"Milwaukee Gloves, XL",Milwaukee,48-22-8753,Gloves,XL,SAFETY-Milwaukee-48-22-8753
"Milwaukee Gloves, XL",Milwaukee,48-73-8933,Gloves,XL,SAFETY-Milwaukee-48-73-8933
"Milwaukee Gloves, XL",Milwaukee,48-22-8933B,Gloves,XL,SAFETY-Milwaukee-48-22-8933B
"Milwaukee Gloves, XL",Milwaukee,48-73-8923,Gloves,XL,SAFETY-Milwaukee-48-73-8923
Milwaukee Hard Hat,Milwaukee,48-73-1030,Hard Hat,,SAFETY-Milwaukee-48-73-1030
Milwaukee Hard Hat,Milwaukee,48-73-1010,Hard Hat,,SAFETY-Milwaukee-48-73-1010
Milwaukee Hard Hat,Milwaukee,48-73-1020,Hard Hat,,SAFETY-Milwaukee-48-73-1020
Milwaukee Hard Hat,Milwaukee,48-73-1321,Hard Hat,,SAFETY-Milwaukee-48-73-1321
"Milwaukee Hat, L/XL",Milwaukee,507DG-LXL,Hat,L/XL,SAFETY-Milwaukee-507DG-LXL
"Milwaukee Hat, L/XL",Milwaukee,507BL-LXL,Hat,L/XL,SAFETY-Milwaukee-507BL-LXL
Milwaukee Hat,Milwaukee,504B-LXL,Hat,,SAFETY-Milwaukee-504B-LXL
Milwaukee Hat,Milwaukee,505B,Hat,,SAFETY-Milwaukee-505B
Milwaukee Hat,Milwaukee,504R-LXL,Hat,,SAFETY-Milwaukee-504R-LXL
Milwaukee Hat,Milwaukee,504G-LXL,Hat,,SAFETY-Milwaukee-504G-LXL
"Milwaukee Jacket, L",Milwaukee,204B-21L,Jacket,L,SAFETY-Milwaukee-204B-21L
"Milwaukee Jacket, M",Milwaukee,204B-21M,Jacket,M,SAFETY-Milwaukee-204B-21M
Milwaukee Neck Gaiter,Milwaukee,423HV,Neck Gaiter,,SAFETY-Milwaukee-423HV
Milwaukee Neck Gaiter,Milwaukee,423R,Neck Gaiter,,SAFETY-Milwaukee-423R
Milwaukee Neck Gaiter,Milwaukee,423G,Neck Gaiter,,SAFETY-Milwaukee-423G
Milwaukee Respirator,Milwaukee,48-73-4034,Respirator,,SAFETY-Milwaukee-48-73-4034
Milwaukee Respirator,Milwaukee,48-73-4011,Respirator,,SAFETY-Milwaukee-48-73-4011
"Milwaukee Safety Glasses, Black",Milwaukee,48-73-2018,Safety Glasses,Black,SAFETY-Milwaukee-48-73-2018
"Milwaukee Safety Glasses, Black",Milwaukee,48-73-2015,Safety Glasses,Black,SAFETY-Milwaukee-48-73-2015
"Milwaukee Safety Glasses, Black",Milwaukee,48-73-2017,Safety Glasses,Black,SAFETY-Milwaukee-48-73-2017
"Milwaukee Safety Glasses, Clear",Milwaukee,48-73-2020,Safety Glasses,Clear,SAFETY-Milwaukee-48-73-2020
"Milwaukee Safety Glasses, Clear",Milwaukee,48732011,Safety Glasses,Clear,SAFETY-Milwaukee-48732011
"Milwaukee Safety Glasses, Clear",Milwaukee,48-73-2052,Safety Glasses,Clear,SAFETY-Milwaukee-48-73-2052
"Milwaukee Safety Glasses, Clear",Milwaukee,48-73-2013,Safety Glasses,Clear,SAFETY-Milwaukee-48-73-2013
Milwaukee Safety Glasses,Milwaukee,48-73-2026,Safety Glasses,,SAFETY-Milwaukee-48-73-2026
Milwaukee Safety Glasses,Milwaukee,48-73-2041,Safety Glasses,,SAFETY-Milwaukee-48-73-2041
Milwaukee Safety Glasses,Milwaukee,48-73-2006,Safety Glasses,,SAFETY-Milwaukee-48-73-2006
"Milwaukee Safety Glasses, Polarized",Milwaukee,48-73-2046,Safety Glasses,Polarized,SAFETY-Milwaukee-48-73-2046
"Milwaukee Safety Glasses, Tinted",Milwaukee,48-73-2025,Safety Glasses,Tinted,SAFETY-Milwaukee-48-73-2025
"Milwaukee Safety Glasses, Tinted",Milwaukee,48-73-2054,Safety Glasses,Tinted,SAFETY-Milwaukee-48-73-2054
"Milwaukee Safety Glasses, Tinted",Milwaukee,48-73-2045,Safety Glasses,Tinted,SAFETY-Milwaukee-48-73-2045
"Milwaukee Tool Lanyard, 36 in",Milwaukee,48-22-8815,Tool Lanyard,36 in,SAFETY-Milwaukee-48-22-8815
"Milwaukee Tool Lanyard, 36 in",Milwaukee,48-22-8820,Tool Lanyard,36 in,SAFETY-Milwaukee-48-22-8820
"Milwaukee Tool Lanyard, 36.3 in",Milwaukee,48-22-8810,Tool Lanyard,36.3 in,SAFETY-Milwaukee-48-22-8810
Milwaukee Tool Lanyard,Milwaukee,48-22-8850,Tool Lanyard,,SAFETY-Milwaukee-48-22-8850
"Morris Caution Tape, 1000 ft",Morris,69004,Caution Tape,1000 ft,SAFETY-Morris-69004
Msa Safety Hard Hat,Msa Safety,475369,Hard Hat,,SAFETY-Msa-Safety-475369
"NSI Caution Tape, 1000 ft",NSI,BT305,Caution Tape,1000 ft,SAFETY-NSI-BT305
"Nsi Industries Gloves, L",Nsi Industries,GLV-400L,Gloves,L,SAFETY-Nsi-Industries-GLV-400L
"Nsi Industries Gloves, L",Nsi Industries,GLV-300L,Gloves,L,SAFETY-Nsi-Industries-GLV-300L
"Nsi Industries Gloves, M",Nsi Industries,GLV-400M,Gloves,M,SAFETY-Nsi-Industries-GLV-400M
Oberon 18-1961098,Oberon,21AGR12AF-C+500,18-1961098,,SAFETY-Oberon-21AGR12AF-C+500
"ORS Nasco Stake Flags, red",ORS Nasco,764-4524R,Stake Flags,red,SAFETY-ORS-Nasco-764-4524R
Peco Caution Tape,Peco,66201,Caution Tape,,SAFETY-Peco-66201
"Peco Wasp & Hornet Spray, 15 oz",Peco,ICA437,Wasp & Hornet Spray,15 oz,SAFETY-Peco-ICA437
"Protective Industrial Products Gloves, PowerGrab, L, Orange",Protective Industrial Products,41-1400/L,Gloves,"PowerGrab, L, Orange",SAFETY-Protective-Industrial-Products-41-1400/L
"Protective Industrial Products Gloves, Boss, L, Black",Protective Industrial Products,120-4400/L,Gloves,"Boss, L, Black",SAFETY-Protective-Industrial-Products-120-4400/L
"Protective Industrial Products Gloves, G-Tek Hi-Vis, L, Yellow",Protective Industrial Products,41-1415/L,Gloves,"G-Tek Hi-Vis, L, Yellow",SAFETY-Protective-Industrial-Products-41-1415/L
"Protective Industrial Products Gloves, G-Tek, M, Blue",Protective Industrial Products,34-600/M,Gloves,"G-Tek, M, Blue",SAFETY-Protective-Industrial-Products-34-600/M
"Protective Industrial Products Gloves, G-Tek, M, Gray",Protective Industrial Products,16-530/M,Gloves,"G-Tek, M, Gray",SAFETY-Protective-Industrial-Products-16-530/M
"Protective Industrial Products Gloves, G-Tek, M, Gray",Protective Industrial Products,16-561/M,Gloves,"G-Tek, M, Gray",SAFETY-Protective-Industrial-Products-16-561/M
"Protective Industrial Products Gloves, G-Tek, M, Blue",Protective Industrial Products,34-600/S,Gloves,"G-Tek, M, Blue",SAFETY-Protective-Industrial-Products-34-600/S
"Protective Industrial Products Hard Hat, Go-To-Work, L/XL",Protective Industrial Products,289-GTW-6141-L/XL,Hard Hat,"Go-To-Work, L/XL",SAFETY-Protective-Industrial-Products-289-GTW-6141-L/XL
"Protective Industrial Products Hard Hat, Evolution Deluxe, Adjustable",Protective Industrial Products,280-EV6161-10,Hard Hat,"Evolution Deluxe, Adjustable",SAFETY-Protective-Industrial-Products-280-EV6161-10
"Protective Industrial Products Reflective Vest, ANSI Type R Class 2",Protective Industrial Products,302-0702Z-LY/L,Reflective Vest,ANSI Type R Class 2,SAFETY-Protective-Industrial-Products-302-0702Z-LY/L
"Protective Industrial Products Safety Glasses, Commander, Rimless, Black",Protective Industrial Products,250-33-0021,Safety Glasses,"Commander, Rimless, Black",SAFETY-Protective-Industrial-Products-250-33-0021
"Protective Industrial Products Safety Glasses, Mag Readers, Clear",Protective Industrial Products,250-25-0020,Safety Glasses,"Mag Readers, Clear",SAFETY-Protective-Industrial-Products-250-25-0020
"Protective Industrial Products Safety Glasses, The Scout, OTG Rimless, Clear",Protective Industrial Products,250-99-0900,Safety Glasses,"The Scout, OTG Rimless, Clear",SAFETY-Protective-Industrial-Products-250-99-0900
"Protective Industrial Products Safety Glasses, Anser, Semi-Rimless, Clear",Protective Industrial Products,250-AN-10520,Safety Glasses,"Anser, Semi-Rimless, Clear",SAFETY-Protective-Industrial-Products-250-AN-10520
"Protective Industrial Products Gloves, M",Protective Industrial Products,42-874/M,Gloves,M,SAFETY-Protective-Industrial-Products-42-874/M
"Protective Industrial Products Protective Sleeve, 16 in",Protective Industrial Products,20-TG16,Protective Sleeve,16 in,SAFETY-Protective-Industrial-Products-20-TG16
"Protective Industrial Products Protective Sleeve, 18 in",Protective Industrial Products,20-TG18,Protective Sleeve,18 in,SAFETY-Protective-Industrial-Products-20-TG18
Protective Industrial Products Balaclava,Protective Industrial Products,364-1195,Balaclava,,SAFETY-Protective-Industrial-Products-364-1195
Protective Industrial Products Balaclava,Protective Industrial Products,364-1180,Balaclava,,SAFETY-Protective-Industrial-Products-364-1180
Protective Industrial Products Cooling Band,Protective Industrial Products,396-EZ900-LY,Cooling Band,,SAFETY-Protective-Industrial-Products-396-EZ900-LY
"Protective Industrial Products Earplugs, 32 dB",Protective Industrial Products,267-HPF210C,Earplugs,32 dB,SAFETY-Protective-Industrial-Products-267-HPF210C
Protective Industrial Products Face Mask,Protective Industrial Products,10028560,Face Mask,,SAFETY-Protective-Industrial-Products-10028560
Protective Industrial Products First Aid Kit,Protective Industrial Products,299-13290,First Aid Kit,,SAFETY-Protective-Industrial-Products-299-13290
"Protective Industrial Products Gloves, 10",Protective Industrial Products,150-SK-2,Gloves,10,SAFETY-Protective-Industrial-Products-150-SK-2
"Protective Industrial Products Gloves, 9",Protective Industrial Products,150-SK-0/9-KIT,Gloves,9,SAFETY-Protective-Industrial-Products-150-SK-0/9-KIT
"Protective Industrial Products Gloves, Kit",Protective Industrial Products,150-SK-00/10-KIT,Gloves,Kit,SAFETY-Protective-Industrial-Products-150-SK-00/10-KIT
"Protective Industrial Products Gloves, L",Protective Industrial Products,34-846/L,Gloves,L,SAFETY-Protective-Industrial-Products-34-846/L
"Protective Industrial Products Gloves, L",Protective Industrial Products,34-874/L,Gloves,L,SAFETY-Protective-Industrial-Products-34-874/L
"Protective Industrial Products Gloves, L",Protective Industrial Products,09-K1310/L,Gloves,L,SAFETY-Protective-Industrial-Products-09-K1310/L
"Protective Industrial Products Gloves, L",Protective Industrial Products,19-D322/L,Gloves,L,SAFETY-Protective-Industrial-Products-19-D322/L
"Protective Industrial Products Gloves, L",Protective Industrial Products,44-3745/L,Gloves,L,SAFETY-Protective-Industrial-Products-44-3745/L
"Protective Industrial Products Gloves, L",Protective Industrial Products,68-163/L,Gloves,L,SAFETY-Protective-Industrial-Products-68-163/L
"Protective Industrial Products Gloves, L",Protective Industrial Products,16-MP585,Gloves,L,SAFETY-Protective-Industrial-Products-16-MP585
"Protective Industrial Products Gloves, L",Protective Industrial Products,42-874/L,Gloves,L,SAFETY-Protective-Industrial-Products-42-874/L
"Protective Industrial Products Gloves, L",Protective Industrial Products,16-350/L,Gloves,L,SAFETY-Protective-Industrial-Products-16-350/L
"Protective Industrial Products Gloves, L",Protective Industrial Products,34-874T/L,Gloves,L,SAFETY-Protective-Industrial-Products-34-874T/L
"Protective Industrial Products Gloves, L",Protective Industrial Products,34-874,Gloves,L,SAFETY-Protective-Industrial-Products-34-874
"Protective Industrial Products Gloves, L",Protective Industrial Products,29101/L,Gloves,L,SAFETY-Protective-Industrial-Products-29101/L
"Protective Industrial Products Gloves, L",Protective Industrial Products,34-8743T/L,Gloves,L,SAFETY-Protective-Industrial-Products-34-8743T/L
"Protective Industrial Products Gloves, M",Protective Industrial Products,34-874/M,Gloves,M,SAFETY-Protective-Industrial-Products-34-874/M
"Protective Industrial Products Gloves, M",Protective Industrial Products,19-D322/M,Gloves,M,SAFETY-Protective-Industrial-Products-19-D322/M
"Protective Industrial Products Gloves, M",Protective Industrial Products,44-3745/M,Gloves,M,SAFETY-Protective-Industrial-Products-44-3745/M
"Protective Industrial Products Gloves, M",Protective Industrial Products,719DGU/M,Gloves,M,SAFETY-Protective-Industrial-Products-719DGU/M
"Protective Industrial Products Gloves, M",Protective Industrial Products,34-8743T/M,Gloves,M,SAFETY-Protective-Industrial-Products-34-8743T/M
"Protective Industrial Products Gloves, M",Protective Industrial Products,16-350/M,Gloves,M,SAFETY-Protective-Industrial-Products-16-350/M
"Protective Industrial Products Gloves, Kit",Protective Industrial Products,147-SK-0/9-KIT,Gloves,Kit,SAFETY-Protective-Industrial-Products-147-SK-0/9-KIT
"Protective Industrial Products Gloves, Kit",Protective Industrial Products,147-SK-00/10-KIT,Gloves,Kit,SAFETY-Protective-Industrial-Products-147-SK-00/10-KIT
"Protective Industrial Products Gloves, Kit",Protective Industrial Products,147-SK-0/11-KIT,Gloves,Kit,SAFETY-Protective-Industrial-Products-147-SK-0/11-KIT
"Protective Industrial Products Insulating Gloves, Class 00",Protective Industrial Products,147-SK-00/9,Insulating Gloves,Class 00,SAFETY-Protective-Industrial-Products-147-SK-00/9
"Protective Industrial Products Insulating Gloves, Class 00",Protective Industrial Products,150-SK-00-8-KIT,Insulating Gloves,Class 00,SAFETY-Protective-Industrial-Products-150-SK-00-8-KIT
"Protective Industrial Products Gloves, Small",Protective Industrial Products,19-D322/S,Gloves,Small,SAFETY-Protective-Industrial-Products-19-D322/S
"Protective Industrial Products Gloves, XL",Protective Industrial Products,34-874/XL,Gloves,XL,SAFETY-Protective-Industrial-Products-34-874/XL
"Protective Industrial Products Gloves, XL",Protective Industrial Products,41-1415/XL,Gloves,XL,SAFETY-Protective-Industrial-Products-41-1415/XL
"Protective Industrial Products Gloves, XL",Protective Industrial Products,68-163/XL,Gloves,XL,SAFETY-Protective-Industrial-Products-68-163/XL
"Protective Industrial Products Gloves, XL",Protective Industrial Products,34-8743T/XL,Gloves,XL,SAFETY-Protective-Industrial-Products-34-8743T/XL
"Protective Industrial Products Gloves, XL",Protective Industrial Products,16-350/XL,Gloves,XL,SAFETY-Protective-Industrial-Products-16-350/XL
"Protective Industrial Products Gloves, XL",Protective Industrial Products,56-451/XL,Gloves,XL,SAFETY-Protective-Industrial-Products-56-451/XL
"Protective Industrial Products Gloves, XL",Protective Industrial Products,719DGU/XL,Gloves,XL,SAFETY-Protective-Industrial-Products-719DGU/XL
"Protective Industrial Products Gloves, XL",Protective Industrial Products,34-800/XL,Gloves,XL,SAFETY-Protective-Industrial-Products-34-800/XL
"Protective Industrial Products Safety Glasses, Clear",Protective Industrial Products,250-09-0020,Safety Glasses,Clear,SAFETY-Protective-Industrial-Products-250-09-0020
"Protective Industrial Products Safety Glasses, Clear",Protective Industrial Products,250-01-0001,Safety Glasses,Clear,SAFETY-Protective-Industrial-Products-250-01-0001
"Protective Industrial Products Safety Glasses, Gray",Protective Industrial Products,250-28-0021,Safety Glasses,Gray,SAFETY-Protective-Industrial-Products-250-28-0021
Protective Industrial Products Safety Glasses,Protective Industrial Products,250-AN-10521,Safety Glasses,,SAFETY-Protective-Industrial-Products-250-AN-10521
Protective Industrial Products Safety Glasses,Protective Industrial Products,250-09-0021,Safety Glasses,,SAFETY-Protective-Industrial-Products-250-09-0021
Protective Industrial Products Safety Glasses,Protective Industrial Products,250-AN-10114,Safety Glasses,,SAFETY-Protective-Industrial-Products-250-AN-10114
Protective Industrial Products Safety Glasses,Protective Industrial Products,250-28-0001,Safety Glasses,,SAFETY-Protective-Industrial-Products-250-28-0001
"Radians Gloves, L",Radians,RWG560L,Gloves,L,SAFETY-Radians-RWG560L
"Radians Gloves, XL",Radians,RWG560XL,Gloves,XL,SAFETY-Radians-RWG560XL
"Radians Safety Safety Glasses, Black",Radians Safety,23421,Safety Glasses,Black,SAFETY-Radians-Safety-23421
Radians Safety Safety Glasses,Radians Safety,29117,Safety Glasses,,SAFETY-Radians-Safety-29117
"Safety Works Respirator, Dual Cartidge",Safety Works,SWX00319,Respirator,Dual Cartidge,SAFETY-Safety-Works-SWX00319
"Safety Works Respirator, N95",Safety Works,10102483,Respirator,N95,SAFETY-Safety-Works-10102483
"Safety Works Respirator Replacement Filter, P100",Safety Works,SWX00324,Respirator Replacement Filter,P100,SAFETY-Safety-Works-SWX00324
"Safewaze Carabiner, 3600 lb",Safewaze,FS1015,Carabiner,,SAFETY-Safewaze-FS1015
"Safewaze Fall Protection Kit, L/XL",Safewaze,FS133,Fall Protection Kit,,SAFETY-Safewaze-FS133
"Safewaze Retractable Lifeline, 30 ft",Safewaze,FS-FSP1230-G,Retractable Lifeline,,SAFETY-Safewaze-FS-FSP1230-G
"Safewaze Retractable Lifeline, 50 ft",Safewaze,FS-FSP1250-G,Retractable Lifeline,,SAFETY-Safewaze-FS-FSP1250-G
"Safewaze Roof Anchor, #11",Safewaze,FS870,Roof Anchor,,SAFETY-Safewaze-FS870
"Safewaze Rope, 5/8in, 50 ft, Polyester",Safewaze,FS700-50,Rope,,SAFETY-Safewaze-FS700-50
"Safewaze Rope Grab, Self-Tracking",Safewaze,FS1118,Rope Grab,,SAFETY-Safewaze-FS1118
"Safewaze Safety Harness, M",Safewaze,FS160-M,Safety Harness,M,SAFETY-Safewaze-FS160-M
"Safewaze Safety Harness, L/XL",Safewaze,FS160-L,Safety Harness,L,SAFETY-Safewaze-FS160-L
"Safewaze Safety Harness, s/m",Safewaze,FS185-S/M,Safety Harness,S/M,SAFETY-Safewaze-FS185-S/M
"Safewaze Safety Harness, XL",Safewaze,FS185L-XL,Safety Harness,XL,SAFETY-Safewaze-FS185L-XL
"Safewaze Safety Harness, XL",Safewaze,FS160-XL,Safety Harness,XL,SAFETY-Safewaze-FS160-XL
"Safewaze Safety Harness, L",Safewaze,FS99160-E-S,Safety Harness,,SAFETY-Safewaze-FS99160-E-S
"Safewaze Safety Lanyard, 6 ft",Safewaze,019-5045,Safety Lanyard,,SAFETY-Safewaze-019-5045
"Safewaze Safety Lanyard, 6 ft",Safewaze,FS33310,Safety Lanyard,,SAFETY-Safewaze-FS33310
"Safewaze Safety Lanyard, 20 ft",Safewaze,FS-FSP1220-G,Safety Lanyard,,SAFETY-Safewaze-FS-FSP1220-G
"Safewaze Safety Lanyard, 18 in",Safewaze,FS060-WEB,Safety Lanyard,,SAFETY-Safewaze-FS060-WEB
"Safewaze Safety Lanyard, 6 ft",Safewaze,019-5047,Safety Lanyard,,SAFETY-Safewaze-019-5047
"Shurtape Caution Tape, 1000 ft",Shurtape,BT100YEL,Caution Tape,1000 ft,SAFETY-Shurtape-BT100YEL
"Shurtape Caution Tape, 1000 ft",Shurtape,BT 100,Caution Tape,1000 ft,SAFETY-Shurtape-BT-100
"Sklz Gloves, L",Sklz,187593,Gloves,L,SAFETY-Sklz-187593
Spectracide Wasp & Hornet Spray,Spectracide,HG-65865-1,Wasp & Hornet Spray,,SAFETY-Spectracide-HG-65865-1
"Stewart Fastener & Tool Rope, 1/4in, 300 ft, Polypropelyne",Stewart Fastener & Tool,P9016S0300Y01,Rope,,SAFETY-Stewart-Fastener-&-Tool-P9016S0300Y01
Terra Tape Caution Tape,Terra Tape,40-0053,Caution Tape,,SAFETY-Terra-Tape-40-0053
Terra Tape Caution Tape,Terra Tape,42-0106,Caution Tape,,SAFETY-Terra-Tape-42-0106
"Thomas & Betts Detectable Underground Tape, red",Thomas & Betts,NA-0700,Detectable Underground Tape,red,SAFETY-Thomas-&-Betts-NA-0700
"Topaz Caution Tape, 1000 ft",Topaz,1592,Caution Tape,1000 ft,SAFETY-Topaz-1592
"Trimaco Protective Coverall, XL",Trimaco,242322,Protective Coverall,XL,SAFETY-Trimaco-242322
"Trimaco Protective Coverall, XXL",Trimaco,141242,Protective Coverall,XXL,SAFETY-Trimaco-141242
Truforce Traffic Cone,Truforce,DP42TF,Traffic Cone,,SAFETY-Truforce-DP42TF
"Tsunami Grip Gloves, L",Tsunami Grip,500NFT-T-L,Gloves,L,SAFETY-Tsunami-Grip-500NFT-T-L
"Tsunami Grip Gloves, XL",Tsunami Grip,500NFT-T XL,Gloves,XL,SAFETY-Tsunami-Grip-500NFT-T-XL
"Tyvek Protective Coverall, XL",Tyvek,563-360,Protective Coverall,XL,SAFETY-Tyvek-563-360
Uline Dust Mask,Uline,S-9632,Dust Mask,,SAFETY-Uline-S-9632
Uline Dust Mask,Uline,H-3393,Dust Mask,,SAFETY-Uline-H-3393
"Uline Gloves, L",Uline,S-21083-L,Gloves,L,SAFETY-Uline-S-21083-L
"Uline Gloves, L",Uline,S-19884-L,Gloves,L,SAFETY-Uline-S-19884-L
"Uline Gloves, L",Uline,S-20732-L,Gloves,L,SAFETY-Uline-S-20732-L
"Uline Gloves, L",Uline,S-1919GR-L,Gloves,L,SAFETY-Uline-S-1919GR-L
"Uline Gloves, L",Uline,S-19190GR-L,Gloves,L,SAFETY-Uline-S-19190GR-L
"Uline Gloves, L",Uline,S-16857O-L,Gloves,L,SAFETY-Uline-S-16857O-L
"Uline Gloves, L",Uline,S-22779-L,Gloves,L,SAFETY-Uline-S-22779-L
"Uline Gloves, M",Uline,S-21083-M,Gloves,M,SAFETY-Uline-S-21083-M
"Uline Gloves, M",Uline,S-19884-M,Gloves,M,SAFETY-Uline-S-19884-M
"Uline Gloves, M",Uline,S-20732-M,Gloves,M,SAFETY-Uline-S-20732-M
"Uline Gloves, M",Uline,S-1919GR-M,Gloves,M,SAFETY-Uline-S-1919GR-M
"Uline Gloves, M",Uline,S-19190GR-M,Gloves,M,SAFETY-Uline-S-19190GR-M
"Uline Gloves, M",Uline,S-16857O-M,Gloves,M,SAFETY-Uline-S-16857O-M
"Uline Gloves, M",Uline,S-22779-M,Gloves,M,SAFETY-Uline-S-22779-M
"Uline Gloves, M",Uline,MEDIUM GLOVES CUT 4,Gloves,M,SAFETY-Uline-MEDIUM-GLOVES-CUT-4
Uline Gloves,Uline,S-16857O-X,Gloves,,SAFETY-Uline-S-16857O-X
"Uline Gloves, S",Uline,S-19190GR-S,Gloves,S,SAFETY-Uline-S-19190GR-S
"Uline Gloves, S",Uline,S-20732-S,Gloves,S,SAFETY-Uline-S-20732-S
"Uline Gloves, Small",Uline,S-21083-S,Gloves,Small,SAFETY-Uline-S-21083-S
"Uline Gloves, Small",Uline,S-22779-S,Gloves,Small,SAFETY-Uline-S-22779-S
"Uline Gloves, XL",Uline,S-21083-X,Gloves,XL,SAFETY-Uline-S-21083-X
"Uline Gloves, XL",Uline,S-21083-XL,Gloves,XL,SAFETY-Uline-S-21083-XL
"Uline Gloves, XL",Uline,S-22779-XL,Gloves,XL,SAFETY-Uline-S-22779-XL
"Uline Gloves, XL",Uline,S-19884X,Gloves,XL,SAFETY-Uline-S-19884X
"Uline Gloves, XL",Uline,S-19884-XL,Gloves,XL,SAFETY-Uline-S-19884-XL
"Uline Gloves, XL",Uline,S-1919GR-X,Gloves,XL,SAFETY-Uline-S-1919GR-X
"Uline Gloves, XL",Uline,S-19190GR-X,Gloves,XL,SAFETY-Uline-S-19190GR-X
"Uline Gloves, XL",Uline,S-20732-X,Gloves,XL,SAFETY-Uline-S-20732-X
"Uline Gloves, XL",Uline,S-16857O-XL,Gloves,XL,SAFETY-Uline-S-16857O-XL
"Uline Gloves, XXL",Uline,S-22779-XXL,Gloves,XXL,SAFETY-Uline-S-22779-XXL
Uline Hand/Feet Warmers,Uline,S-14297B,Hand/Feet Warmers,,SAFETY-Uline-S-14297B
"Uline Ice Melt, 50 lb",Uline,S-23254,Ice Melt,50 lb,SAFETY-Uline-S-23254
Uline Respirator Filter,Uline,S-19186,Respirator Filter,,SAFETY-Uline-S-19186
Uline Safety Glasses,Uline,S-19902SIL,Safety Glasses,,SAFETY-Uline-S-19902SIL
Uline Safety Glasses,Uline,S-17110C,Safety Glasses,,SAFETY-Uline-S-17110C
Uline Sunscreen,Uline,S-22215,Sunscreen,,SAFETY-Uline-S-22215
"Uline Protective Coverall, XL",Uline,S-22213,Protective Coverall,XL,SAFETY-Uline-S-22213
"Uline Protective Coverall, XL",Uline,S-9636B-X,Protective Coverall,XL,SAFETY-Uline-S-9636B-X
"Uline Protective Coverall, XL",Uline,S-11495B-X,Protective Coverall,XL,SAFETY-Uline-S-11495B-X
"Uline Protective Coverall, XL",Uline,S-22213-XL,Protective Coverall,XL,SAFETY-Uline-S-22213-XL
Unbranded Caution Tape,Unbranded,CAUTION TAPE,Caution Tape,,SAFETY-Unbranded-CAUTION-TAPE
Unbranded Dust Mask,Unbranded,558-703,Dust Mask,,SAFETY-Unbranded-558-703
"Unbranded Epdm Sheet, 12 x 12 x 1/4 in",Unbranded,RS-E60-26,EPDM Sheet,,SAFETY-Unbranded-RS-E60-26
"Unbranded Epdm Sheet, 21 x 12 x 5 in",Unbranded,EPDM SHEET,EPDM Sheet,,SAFETY-Unbranded-EPDM-SHEET
"Unbranded Epdm Sheet, 12 x 12 in",Unbranded,EPDM SHEETG,EPDM Sheet,,SAFETY-Unbranded-EPDM-SHEETG
"Unbranded Gloves, M",Unbranded,MGLOVES,Gloves,M,SAFETY-Unbranded-MGLOVES
"Unbranded Gloves, XL",Unbranded,XLGLOVE,Gloves,XL,SAFETY-Unbranded-XLGLOVE
Unbranded Hand/Feet Warmers,Unbranded,HAND WARMERS,Hand/Feet Warmers,,SAFETY-Unbranded-HAND-WARMERS
Unbranded Hat,Unbranded,LED KNIT HAT,Hat,,SAFETY-Unbranded-LED-KNIT-HAT
Unbranded Ice Melt,Unbranded,ICE MELT,Ice Melt,,SAFETY-Unbranded-ICE-MELT
Unbranded Wasp & Hornet Spray,Unbranded,WASP & HORNET SPRAY,Wasp & Hornet Spray,,SAFETY-Unbranded-WASP-&-HORNET-SPRAY
Werner Ladder Stabilizer,Werner,AC78,Ladder Stabilizer,,SAFETY-Werner-AC78
"Western Rope Supply Rope, 1/4in, 600 ft, Polypropelyne",Western Rope Supply,WR1460,Rope,,SAFETY-Western-Rope-Supply-WR1460
"Yellowstone Gloves, L",Yellowstone,2152L,Gloves,L,SAFETY-Yellowstone-2152L
"Yellowstone Gloves, L",Yellowstone,P200L,Gloves,L,SAFETY-Yellowstone-P200L
"Yellowstone Gloves, L",Yellowstone,2151-H LARGE,Gloves,L,SAFETY-Yellowstone-2151-H-LARGE
"Yellowstone Gloves, Large",Yellowstone,2150L,Gloves,Large,SAFETY-Yellowstone-2150L
"Yellowstone Gloves, M",Yellowstone,2152T-M,Gloves,M,SAFETY-Yellowstone-2152T-M
"Yellowstone Gloves, M",Yellowstone,750DGM,Gloves,M,SAFETY-Yellowstone-750DGM
"Yellowstone Gloves, M",Yellowstone,2152M,Gloves,M,SAFETY-Yellowstone-2152M
Yellowstone Gloves,Yellowstone,P200XXL,Gloves,,SAFETY-Yellowstone-P200XXL
Yellowstone Gloves,Yellowstone,2152TL,Gloves,,SAFETY-Yellowstone-2152TL
Yellowstone Gloves,Yellowstone,2152TXL,Gloves,,SAFETY-Yellowstone-2152TXL
Yellowstone Gloves,Yellowstone,750DGL,Gloves,,SAFETY-Yellowstone-750DGL
